[
  {
    "id": "413984f7-dada-3c29-bf4c-f59f3cbcc133",
    "content": {
      "id": "413984f7-dada-3c29-bf4c-f59f3cbcc133",
      "contentType": "STORY",
      "title": "US Economy to Lose Billions as Foreign Tourists Stay Away",
      "description": "",
      "summary": "(Bloomberg) -- Supply Lines is a daily newsletter that tracks global trade. Sign up here.Most Read from BloombergHow Did This Suburb Figure Out Mass Transit?Even Oslo Has an Air Quality ProblemNYC Tourist Helicopter Crashes in Hudson River, Killing Six$15 Million Fund Bets Leadership Training Can Improve Chicago PolicingLA County Floats Leaner Budget Burdened by Fire and Legal CostsThe US economy is set to lose billions of dollars in revenue in 2025 from a pullback in foreign tourism and boycott",
      "pubDate": "2025-04-15T15:12:24Z",
      "displayTime": "2025-04-15T16:37:41Z",
      "isHosted": true,
      "bypassModal": false,
      "previewUrl": null,
      "thumbnail": {
        "originalUrl": "https://media.zenfs.com/en/bloomberg_holding_pen_162/83a2503ab2e5306a0ea113369e4c4415",
        "originalWidth": 1240,
        "originalHeight": 1860,
        "caption": "",
        "resolutions": [
          {
            "url": "https://s.yimg.com/uu/api/res/1.2/CLScEnm4MeMDLqxR1PjZbw--~B/aD0xODYwO3c9MTI0MDthcHBpZD15dGFjaHlvbg--/https://media.zenfs.com/en/bloomberg_holding_pen_162/83a2503ab2e5306a0ea113369e4c4415",
            "width": 1240,
            "height": 1860,
            "tag": "original"
          },
          {
            "url": "https://s.yimg.com/uu/api/res/1.2/IPJO3zfEjaKwtZosbBj0aQ--~B/Zmk9c3RyaW07aD0xMjg7dz0xNzA7YXBwaWQ9eXRhY2h5b24-/https://media.zenfs.com/en/bloomberg_holding_pen_162/83a2503ab2e5306a0ea113369e4c4415",
            "width": 170,
            "height": 128,
            "tag": "170x128"
          }
        ]
      },
      "provider": {
        "displayName": "Bloomberg",
        "url": "https://www.bloomberg.com/company"
      },
      "canonicalUrl": {
        "url": "https://finance.yahoo.com/news/us-economy-set-lose-billions-100000258.html",
        "site": "finance",
        "region": "US",
        "lang": "en-US"
      },
      "clickThroughUrl": {
        "url": "https://finance.yahoo.com/news/us-economy-set-lose-billions-100000258.html",
        "site": "finance",
        "region": "US",
        "lang": "en-US"
      },
      "metadata": {
        "editorsPick": false
      },
      "finance": {
        "premiumFinance": {
          "isPremiumNews": false,
          "isPremiumFreeNews": false
        }
      },
      "storyline": null
    }
  },
  {
    "id": "f8551bd3-1380-330b-8bb1-a813d9b4ed5d",
    "content": {
      "id": "f8551bd3-1380-330b-8bb1-a813d9b4ed5d",
      "contentType": "STORY",
      "title": "Best Value Stocks to Buy for April 15th",
      "description": "",
      "summary": "LION, NATL and HSBC made it to the Zacks Rank #1 (Strong Buy) value stocks list on April 15, 2025.",
      "pubDate": "2025-04-15T07:27:00Z",
      "displayTime": "2025-04-15T07:27:00Z",
      "isHosted": true,
      "bypassModal": false,
      "previewUrl": null,
      "thumbnail": {
        "originalUrl": "https://media.zenfs.com/en/zacks.com/151519fd4c75e212a2ab48d80ba94bea",
        "originalWidth": 635,
        "originalHeight": 400,
        "caption": "",
        "resolutions": [
          {
            "url": "https://s.yimg.com/uu/api/res/1.2/KDpGyr9ZQFPxxwQStAz65A--~B/aD00MDA7dz02MzU7YXBwaWQ9eXRhY2h5b24-/https://media.zenfs.com/en/zacks.com/151519fd4c75e212a2ab48d80ba94bea",
            "width": 635,
            "height": 400,
            "tag": "original"
          },
          {
            "url": "https://s.yimg.com/uu/api/res/1.2/sBhdGHtm3tYZyff5vHJKcg--~B/Zmk9c3RyaW07aD0xMjg7dz0xNzA7YXBwaWQ9eXRhY2h5b24-/https://media.zenfs.com/en/zacks.com/151519fd4c75e212a2ab48d80ba94bea",
            "width": 170,
            "height": 128,
            "tag": "170x128"
          }
        ]
      },
      "provider": {
        "displayName": "Zacks",
        "url": "http://www.zacks.com/"
      },
      "canonicalUrl": {
        "url": "https://finance.yahoo.com/news/best-value-stocks-buy-april-072700536.html",
        "site": "finance",
        "region": "US",
        "lang": "en-US"
      },
      "clickThroughUrl": {
        "url": "https://finance.yahoo.com/news/best-value-stocks-buy-april-072700536.html",
        "site": "finance",
        "region": "US",
        "lang": "en-US"
      },
      "metadata": {
        "editorsPick": false
      },
      "finance": {
        "premiumFinance": {
          "isPremiumNews": false,
          "isPremiumFreeNews": false
        }
      },
      "storyline": null
    }
  },
  {
    "id": "7c7b012d-e100-30be-b79b-399d1a0a8629",
    "content": {
      "id": "7c7b012d-e100-30be-b79b-399d1a0a8629",
      "contentType": "STORY",
      "title": "Factbox-HSBC trims Brent crude oil price forecasts for 2025 and 2026",
      "description": "",
      "summary": "HSBC revised down its Brent crude oil price forecasts for 2025 and 2026, following the announcement of tariffs by U.S. President Donald Trump and the decision by OPEC+ to increase production, the bank said in a note on Tuesday. The bank's forecast for 2025 has been reduced to $68.5 per barrel, down from the previous estimate of $73/bbl. Its 2026 prediction has also been lowered to $65/bbl, compared to the earlier estimate of $70/bbl.",
      "pubDate": "2025-04-14T18:23:16Z",
      "displayTime": "2025-04-14T18:23:16Z",
      "isHosted": true,
      "bypassModal": false,
      "previewUrl": null,
      "thumbnail": {
        "originalUrl": "https://media.zenfs.com/en/reuters.com/9804d9ba5f372d4c0b6544bab2d77d75",
        "originalWidth": 800,
        "originalHeight": 500,
        "caption": "FILE PHOTO: JP Morgan Chase & Co sign outside headquarters in New York",
        "resolutions": [
          {
            "url": "https://s.yimg.com/uu/api/res/1.2/KS0USvSsrrLFNSO4dtnaiw--~B/aD01MDA7dz04MDA7YXBwaWQ9eXRhY2h5b24-/https://media.zenfs.com/en/reuters.com/9804d9ba5f372d4c0b6544bab2d77d75",
            "width": 800,
            "height": 500,
            "tag": "original"
          },
          {
            "url": "https://s.yimg.com/uu/api/res/1.2/EOzhgjgdrHkenMrMHbipyA--~B/Zmk9c3RyaW07aD0xMjg7dz0xNzA7YXBwaWQ9eXRhY2h5b24-/https://media.zenfs.com/en/reuters.com/9804d9ba5f372d4c0b6544bab2d77d75",
            "width": 170,
            "height": 128,
            "tag": "170x128"
          }
        ]
      },
      "provider": {
        "displayName": "Reuters",
        "url": "https://www.reuters.com/"
      },
      "canonicalUrl": {
        "url": "https://ca.finance.yahoo.com/news/factbox-jp-morgan-cuts-oil-182316958.html",
        "site": "finance",
        "region": "CA",
        "lang": "en-CA"
      },
      "clickThroughUrl": {
        "url": "https://finance.yahoo.com/news/factbox-jp-morgan-cuts-oil-182316958.html",
        "site": "finance",
        "region": "US",
        "lang": "en-US"
      },
      "metadata": {
        "editorsPick": false
      },
      "finance": {
        "premiumFinance": {
          "isPremiumNews": false,
          "isPremiumFreeNews": false
        }
      },
      "storyline": null
    }
  },
  {
    "id": "d9825af1-3970-37f7-ab42-aeaa83c88f43",
    "content": {
      "id": "d9825af1-3970-37f7-ab42-aeaa83c88f43",
      "contentType": "STORY",
      "title": "HSBC or NRDBY: Which Is the Better Value Stock Right Now?",
      "description": "",
      "summary": "HSBC vs. NRDBY: Which Stock Is the Better Value Option?",
      "pubDate": "2025-04-14T15:40:11Z",
      "displayTime": "2025-04-14T15:40:11Z",
      "isHosted": true,
      "bypassModal": false,
      "previewUrl": null,
      "thumbnail": {
        "originalUrl": "https://media.zenfs.com/en/zacks.com/d7dcbe11345e3f8e5e71e6827fe3c4c9",
        "originalWidth": 1000,
        "originalHeight": 754,
        "caption": "",
        "resolutions": [
          {
            "url": "https://s.yimg.com/uu/api/res/1.2/kz0ozt3ejWMPXKci2JxOBw--~B/aD03NTQ7dz0xMDAwO2FwcGlkPXl0YWNoeW9u/https://media.zenfs.com/en/zacks.com/d7dcbe11345e3f8e5e71e6827fe3c4c9",
            "width": 1000,
            "height": 754,
            "tag": "original"
          },
          {
            "url": "https://s.yimg.com/uu/api/res/1.2/NZX_qmP7eZKgJOT17Ly_KQ--~B/Zmk9c3RyaW07aD0xMjg7dz0xNzA7YXBwaWQ9eXRhY2h5b24-/https://media.zenfs.com/en/zacks.com/d7dcbe11345e3f8e5e71e6827fe3c4c9",
            "width": 170,
            "height": 128,
            "tag": "170x128"
          }
        ]
      },
      "provider": {
        "displayName": "Zacks",
        "url": "http://www.zacks.com/"
      },
      "canonicalUrl": {
        "url": "https://finance.yahoo.com/news/hsbc-nrdby-better-value-stock-154011798.html",
        "site": "finance",
        "region": "US",
        "lang": "en-US"
      },
      "clickThroughUrl": {
        "url": "https://finance.yahoo.com/news/hsbc-nrdby-better-value-stock-154011798.html",
        "site": "finance",
        "region": "US",
        "lang": "en-US"
      },
      "metadata": {
        "editorsPick": false
      },
      "finance": {
        "premiumFinance": {
          "isPremiumNews": false,
          "isPremiumFreeNews": false
        }
      },
      "storyline": null
    }
  },
  {
    "id": "3939e07b-c20d-3120-887f-d9b878963b90",
    "content": {
      "id": "3939e07b-c20d-3120-887f-d9b878963b90",
      "contentType": "STORY",
      "title": "European Equities Close Mostly Lower in Friday Trading; UK GDP Easily Tops Forecasts",
      "description": "",
      "summary": "European stock markets closed mostly lower in Friday trading as the Stoxx Europe 600 was off 0.10%,",
      "pubDate": "2025-04-11T16:06:35Z",
      "displayTime": "2025-04-11T16:06:35Z",
      "isHosted": true,
      "bypassModal": false,
      "previewUrl": null,
      "thumbnail": null,
      "provider": {
        "displayName": "MT Newswires",
        "url": "https://www.mtnewswires.com/"
      },
      "canonicalUrl": {
        "url": "https://finance.yahoo.com/news/european-equities-close-mostly-lower-160635996.html",
        "site": "finance",
        "region": "US",
        "lang": "en-US"
      },
      "clickThroughUrl": {
        "url": "https://finance.yahoo.com/news/european-equities-close-mostly-lower-160635996.html",
        "site": "finance",
        "region": "US",
        "lang": "en-US"
      },
      "metadata": {
        "editorsPick": false
      },
      "finance": {
        "premiumFinance": {
          "isPremiumNews": true,
          "isPremiumFreeNews": false
        }
      },
      "storyline": null
    }
  },
  {
    "id": "cac61655-023b-3d42-97e4-9744d598b9e5",
    "content": {
      "id": "cac61655-023b-3d42-97e4-9744d598b9e5",
      "contentType": "STORY",
      "title": "HSBC (HSBC) Could Be a Great Choice",
      "description": "",
      "summary": "Dividends are one of the best benefits to being a shareholder, but finding a great dividend stock is no easy task. Does HSBC (HSBC) have what it takes? Let's find out.",
      "pubDate": "2025-04-11T15:45:09Z",
      "displayTime": "2025-04-11T15:45:09Z",
      "isHosted": true,
      "bypassModal": false,
      "previewUrl": null,
      "thumbnail": {
        "originalUrl": "https://media.zenfs.com/en/zacks.com/62d8c8e05376a18ba1420a1733ffdda4",
        "originalWidth": 900,
        "originalHeight": 601,
        "caption": "",
        "resolutions": [
          {
            "url": "https://s.yimg.com/uu/api/res/1.2/YliGu3uiWo7T6YkWQuaEpA--~B/aD02MDE7dz05MDA7YXBwaWQ9eXRhY2h5b24-/https://media.zenfs.com/en/zacks.com/62d8c8e05376a18ba1420a1733ffdda4",
            "width": 900,
            "height": 601,
            "tag": "original"
          },
          {
            "url": "https://s.yimg.com/uu/api/res/1.2/U_mLgBLkmbjzIonwV1EBtQ--~B/Zmk9c3RyaW07aD0xMjg7dz0xNzA7YXBwaWQ9eXRhY2h5b24-/https://media.zenfs.com/en/zacks.com/62d8c8e05376a18ba1420a1733ffdda4",
            "width": 170,
            "height": 128,
            "tag": "170x128"
          }
        ]
      },
      "provider": {
        "displayName": "Zacks",
        "url": "http://www.zacks.com/"
      },
      "canonicalUrl": {
        "url": "https://finance.yahoo.com/news/hsbc-hsbc-could-great-choice-154509305.html",
        "site": "finance",
        "region": "US",
        "lang": "en-US"
      },
      "clickThroughUrl": {
        "url": "https://finance.yahoo.com/news/hsbc-hsbc-could-great-choice-154509305.html",
        "site": "finance",
        "region": "US",
        "lang": "en-US"
      },
      "metadata": {
        "editorsPick": false
      },
      "finance": {
        "premiumFinance": {
          "isPremiumNews": false,
          "isPremiumFreeNews": false
        }
      },
      "storyline": null
    }
  },
  {
    "id": "09171216-23c0-3a1a-9835-809661f0af84",
    "content": {
      "id": "09171216-23c0-3a1a-9835-809661f0af84",
      "contentType": "STORY",
      "title": "Exclusive-HSBC explores private credit push, sources say",
      "description": "",
      "summary": "HSBC is preparing a foray into the white-hot market for private credit, five sources with knowledge of the plans said, the latest move by a global bank to get in on the booming sector.  HSBC's plan, reported here for the first time, shows how the bank is looking at ways to increase revenue after months of restructuring, job cuts and its biggest retrenchment from investment banking in decades.  HSBC has held talks with private credit firms about a potential partnership, two of the sources said, without identifying them.",
      "pubDate": "2025-04-11T12:34:14Z",
      "displayTime": "2025-04-11T12:34:14Z",
      "isHosted": true,
      "bypassModal": false,
      "previewUrl": null,
      "thumbnail": {
        "originalUrl": "https://media.zenfs.com/en/reuters.com/d71bea59ffba1af2139d1e560b60b806",
        "originalWidth": 800,
        "originalHeight": 511,
        "caption": "An aircraft flies past the HSBC headquarters building in the Canary Wharf financial district in east London",
        "resolutions": [
          {
            "url": "https://s.yimg.com/uu/api/res/1.2/GB9HEmPOt8ymgyCfKoY5zQ--~B/aD01MTE7dz04MDA7YXBwaWQ9eXRhY2h5b24-/https://media.zenfs.com/en/reuters.com/d71bea59ffba1af2139d1e560b60b806",
            "width": 800,
            "height": 511,
            "tag": "original"
          },
          {
            "url": "https://s.yimg.com/uu/api/res/1.2/fjlUAuSMf_k7UoKBKzkvyA--~B/Zmk9c3RyaW07aD0xMjg7dz0xNzA7YXBwaWQ9eXRhY2h5b24-/https://media.zenfs.com/en/reuters.com/d71bea59ffba1af2139d1e560b60b806",
            "width": 170,
            "height": 128,
            "tag": "170x128"
          }
        ]
      },
      "provider": {
        "displayName": "Reuters",
        "url": "https://www.reuters.com/"
      },
      "canonicalUrl": {
        "url": "https://uk.finance.yahoo.com/news/exclusive-hsbc-explores-private-credit-123414251.html",
        "site": "finance",
        "region": "GB",
        "lang": "en-GB"
      },
      "clickThroughUrl": {
        "url": "https://finance.yahoo.com/news/exclusive-hsbc-explores-private-credit-123414251.html",
        "site": "finance",
        "region": "US",
        "lang": "en-US"
      },
      "metadata": {
        "editorsPick": false
      },
      "finance": {
        "premiumFinance": {
          "isPremiumNews": false,
          "isPremiumFreeNews": false
        }
      },
      "storyline": null
    }
  },
  {
    "id": "49133a84-7fa4-35b8-9d46-92ee1938fcfa",
    "content": {
      "id": "49133a84-7fa4-35b8-9d46-92ee1938fcfa",
      "contentType": "STORY",
      "title": "Canadian Officials Said to Plan Meeting With US Banks After Trump Complaints",
      "description": "",
      "summary": "(Bloomberg) -- The Canadian government has invited representatives from US banks including JPMorgan Chase & Co. for a meeting, according to people with knowledge of the matter, after US President Donald Trump complained that American banks have trouble doing business in Canada.Most Read from BloombergMidtown Office Building Evacuated on Concerns of Wall CollapseIn Chicago, a Former Steel Mill Looks to Make a Quantum LeapThe Secret Formula for Faster TrainsHelicopter Crashes Into Hudson River Wit",
      "pubDate": "2025-04-10T16:54:09Z",
      "displayTime": "2025-04-10T16:54:09Z",
      "isHosted": true,
      "bypassModal": false,
      "previewUrl": null,
      "thumbnail": {
        "originalUrl": "https://media.zenfs.com/en/bloomberg_holding_pen_162/81f3e8651afc64691ae509f2e7a32e2a",
        "originalWidth": 2000,
        "originalHeight": 1333,
        "caption": "",
        "resolutions": [
          {
            "url": "https://s.yimg.com/uu/api/res/1.2/FTa3LSoUZFhUehWMK3UGfw--~B/aD0xMzMzO3c9MjAwMDthcHBpZD15dGFjaHlvbg--/https://media.zenfs.com/en/bloomberg_holding_pen_162/81f3e8651afc64691ae509f2e7a32e2a",
            "width": 2000,
            "height": 1333,
            "tag": "original"
          },
          {
            "url": "https://s.yimg.com/uu/api/res/1.2/BWa8Rx6bqpw73Fk5o.YW1g--~B/Zmk9c3RyaW07aD0xMjg7dz0xNzA7YXBwaWQ9eXRhY2h5b24-/https://media.zenfs.com/en/bloomberg_holding_pen_162/81f3e8651afc64691ae509f2e7a32e2a",
            "width": 170,
            "height": 128,
            "tag": "170x128"
          }
        ]
      },
      "provider": {
        "displayName": "Bloomberg",
        "url": "https://www.bloomberg.com/company"
      },
      "canonicalUrl": {
        "url": "https://finance.yahoo.com/news/canadian-officials-said-plan-meeting-165409007.html",
        "site": "finance",
        "region": "US",
        "lang": "en-US"
      },
      "clickThroughUrl": {
        "url": "https://finance.yahoo.com/news/canadian-officials-said-plan-meeting-165409007.html",
        "site": "finance",
        "region": "US",
        "lang": "en-US"
      },
      "metadata": {
        "editorsPick": false
      },
      "finance": {
        "premiumFinance": {
          "isPremiumNews": false,
          "isPremiumFreeNews": false
        }
      },
      "storyline": null
    }
  },
  {
    "id": "c60c41e6-59ad-4e74-812a-a8c81722c6df",
    "content": {
      "id": "c60c41e6-59ad-4e74-812a-a8c81722c6df",
      "contentType": "STORY",
      "title": "UK mortgage lenders cut rates after Trump tariffs",
      "description": "",
      "summary": "Find out the latest mortgage rates and deals from HSBC, NatWest, Santander, Barclays and more.",
      "pubDate": "2025-04-10T10:13:28Z",
      "displayTime": "2025-04-10T10:13:28Z",
      "isHosted": true,
      "bypassModal": false,
      "previewUrl": null,
      "thumbnail": {
        "originalUrl": "https://s.yimg.com/os/creatr-uploaded-images/2022-07/e9beb1d0-0c02-11ed-8fff-1ee9bf41953c",
        "originalWidth": 6633,
        "originalHeight": 4422,
        "caption": "",
        "resolutions": [
          {
            "url": "https://s.yimg.com/uu/api/res/1.2/8SENkILg_tAaArIZk_9DGQ--~B/aD00NDIyO3c9NjYzMzthcHBpZD15dGFjaHlvbg--/https://s.yimg.com/os/creatr-uploaded-images/2022-07/e9beb1d0-0c02-11ed-8fff-1ee9bf41953c",
            "width": 6633,
            "height": 4422,
            "tag": "original"
          },
          {
            "url": "https://s.yimg.com/uu/api/res/1.2/ri3wO_sWd6m_g25ybz3rPQ--~B/Zmk9c3RyaW07aD0xMjg7dz0xNzA7YXBwaWQ9eXRhY2h5b24-/https://s.yimg.com/os/creatr-uploaded-images/2022-07/e9beb1d0-0c02-11ed-8fff-1ee9bf41953c",
            "width": 170,
            "height": 128,
            "tag": "170x128"
          }
        ]
      },
      "provider": {
        "displayName": "Yahoo Finance UK",
        "url": "http://uk.finance.yahoo.com/"
      },
      "canonicalUrl": {
        "url": "https://uk.finance.yahoo.com/news/uk-mortgage-rates-deals-trump-tariffs-trade-101328148.html",
        "site": "finance",
        "region": "GB",
        "lang": "en-GB"
      },
      "clickThroughUrl": {
        "url": "https://finance.yahoo.com/news/uk-mortgage-rates-deals-trump-tariffs-trade-101328148.html",
        "site": "finance",
        "region": "US",
        "lang": "en-US"
      },
      "metadata": {
        "editorsPick": false
      },
      "finance": {
        "premiumFinance": {
          "isPremiumNews": false,
          "isPremiumFreeNews": false
        }
      },
      "storyline": null
    }
  },
  {
    "id": "cb42e990-b8fa-302b-b42f-b2c4dbe90aa0",
    "content": {
      "id": "cb42e990-b8fa-302b-b42f-b2c4dbe90aa0",
      "contentType": "STORY",
      "title": "HSBC appoints Richard Blackburn as chief risk and compliance officer",
      "description": "",
      "summary": "HSBC has appointed Richard Blackburn as group chief risk and compliance officer, the bank said on Thursday, confirming him in a role he has held on an interim basis since January. Blackburn, who has been with HSBC for over 20 years, will also serve on the Group Operating Committee which is the bank's most senior decision-making group under CEO Georges Elhedery.",
      "pubDate": "2025-04-10T08:44:50Z",
      "displayTime": "2025-04-10T08:44:50Z",
      "isHosted": true,
      "bypassModal": false,
      "previewUrl": null,
      "thumbnail": {
        "originalUrl": "https://media.zenfs.com/en/reuters-finance.com/0ed5e53179b8ae86f736a0431f452176",
        "originalWidth": 800,
        "originalHeight": 507,
        "caption": "The HSBC bank logo, in Mexico City",
        "resolutions": [
          {
            "url": "https://s.yimg.com/uu/api/res/1.2/3x5w1kZrqLSaTUrMARRzAA--~B/aD01MDc7dz04MDA7YXBwaWQ9eXRhY2h5b24-/https://media.zenfs.com/en/reuters-finance.com/0ed5e53179b8ae86f736a0431f452176",
            "width": 800,
            "height": 507,
            "tag": "original"
          },
          {
            "url": "https://s.yimg.com/uu/api/res/1.2/Q8lwE5mWDzYKXL8dCgR4UA--~B/Zmk9c3RyaW07aD0xMjg7dz0xNzA7YXBwaWQ9eXRhY2h5b24-/https://media.zenfs.com/en/reuters-finance.com/0ed5e53179b8ae86f736a0431f452176",
            "width": 170,
            "height": 128,
            "tag": "170x128"
          }
        ]
      },
      "provider": {
        "displayName": "Reuters",
        "url": "http://www.reuters.com/"
      },
      "canonicalUrl": {
        "url": "https://finance.yahoo.com/news/hsbc-appoints-richard-blackburn-chief-084450050.html",
        "site": "finance",
        "region": "US",
        "lang": "en-US"
      },
      "clickThroughUrl": {
        "url": "https://finance.yahoo.com/news/hsbc-appoints-richard-blackburn-chief-084450050.html",
        "site": "finance",
        "region": "US",
        "lang": "en-US"
      },
      "metadata": {
        "editorsPick": false
      },
      "finance": {
        "premiumFinance": {
          "isPremiumNews": false,
          "isPremiumFreeNews": false
        }
      },
      "storyline": null
    }
  }
]