{
  "address1": "8 Canada Square",
  "city": "London",
  "zip": "E14 5HQ",
  "country": "United Kingdom",
  "phone": "44 20 7991 3048",
  "website": "https://www.hsbc.com",
  "industry": "Banks - Diversified",
  "industryKey": "banks-diversified",
  "industryDisp": "Banks - Diversified",
  "sector": "Financial Services",
  "sectorKey": "financial-services",
  "sectorDisp": "Financial Services",
  "longBusinessSummary": "HSBC Holdings plc engages in the provision of banking and financial products and services worldwide. It operates through three segments: Wealth and Personal Banking, Commercial Banking, and Global Banking and Markets. The Wealth and Personal Banking segment offers retail banking and wealth products, including current and savings accounts, mortgages and personal loans, credit and debit cards, and local and international payment services; and wealth management services comprising insurance and investment products, global asset management services, and investment management and private wealth solutions. This segment serves personal banking and high net worth individuals. The Commercial Banking segment provides credit and lending, treasury management, payment, cash management, commercial insurance, and investment services; commercial cards; international trade and receivables finance services; foreign exchange products; capital raising services on debt and equity markets; and advisory services. It serves small and medium sized enterprises, mid-market enterprises, and corporates. The Global Banking and Markets segment offers financing, advisory, and transaction services; and credit, rates, foreign exchange, equities, money markets, and securities services; and investment services. It serves government, corporate and institutional clients, and private investors. The company was founded in 1865 and is based in London, the United Kingdom.",
  "fullTimeEmployees": 211304,
  "companyOfficers": [
    {
      "maxAge": 1,
      "name": "Mr. Georges Bahjat  Elhedery",
      "age": 50,
      "title": "CEO, Member of the Group Management Board & Executive Director",
      "yearBorn": 1974,
      "fiscalYear": 2024,
      "totalPay": 4158000,
      "exercisedValue": 0,
      "unexercisedValue": 0
    },
    {
      "maxAge": 1,
      "name": "Ms. Manveen Pam Kaur",
      "age": 60,
      "title": "Group CFO & Executive Director",
      "yearBorn": 1964,
      "fiscalYear": 2024,
      "exercisedValue": 0,
      "unexercisedValue": 0
    },
    {
      "maxAge": 1,
      "name": "Mr. John David Stuart",
      "age": 61,
      "title": "CEO of HSBC UK Bank plc & Member of the Group Management Board",
      "yearBorn": 1963,
      "fiscalYear": 2024,
      "exercisedValue": 0,
      "unexercisedValue": 0
    },
    {
      "maxAge": 1,
      "name": "Mr. Barry  O'Byrne",
      "age": 48,
      "title": "CEO of Wealth & Personal Banking and Member of the Group Management Board",
      "yearBorn": 1976,
      "fiscalYear": 2024,
      "exercisedValue": 0,
      "unexercisedValue": 0
    },
    {
      "maxAge": 1,
      "name": "Mr. Jonathan  Calvert-Davies",
      "age": 55,
      "title": "Group Head of Internal Audit & Member of the Group Management Board",
      "yearBorn": 1969,
      "fiscalYear": 2024,
      "exercisedValue": 0,
      "unexercisedValue": 0
    },
    {
      "maxAge": 1,
      "name": "Ms. Aileen Norma Taylor",
      "age": 51,
      "title": "Group Chief People & Governance Officer, Company Secretary and Member of Grp Mgmt Board",
      "yearBorn": 1973,
      "fiscalYear": 2024,
      "exercisedValue": 0,
      "unexercisedValue": 0
    },
    {
      "maxAge": 1,
      "name": "Mr. Michael Murray Roberts",
      "age": 64,
      "title": "CEO of HSBC Bank plc & Corporate and Institutional Banking, Member of the Group Management Board",
      "yearBorn": 1960,
      "fiscalYear": 2024,
      "exercisedValue": 0,
      "unexercisedValue": 0
    },
    {
      "maxAge": 1,
      "name": "Mr. Yi Chien  Liao J.P.",
      "age": 52,
      "title": "Co-CEO of HSBC Asia and Middle East & Member of the Group Management Board",
      "yearBorn": 1972,
      "fiscalYear": 2024,
      "exercisedValue": 0,
      "unexercisedValue": 0
    },
    {
      "maxAge": 1,
      "name": "Mr. Robert F. Hoyt J.D.",
      "age": 59,
      "title": "Group Chief Legal Officer & Member of the Group Management Board",
      "yearBorn": 1965,
      "fiscalYear": 2024,
      "exercisedValue": 0,
      "unexercisedValue": 0
    },
    {
      "maxAge": 1,
      "name": "Mr. Surendranath Ravi  Rosha",
      "age": 55,
      "title": "Co-CEO of Asia and the Middle East & Member of the Group Management Board",
      "yearBorn": 1969,
      "fiscalYear": 2024,
      "exercisedValue": 0,
      "unexercisedValue": 0
    }
  ],
  "auditRisk": 1,
  "boardRisk": 1,
  "compensationRisk": 3,
  "shareHolderRightsRisk": 1,
  "overallRisk": 1,
  "governanceEpochDate": 1743465600,
  "compensationAsOfEpochDate": 1735603200,
  "irWebsite": "http://www.hsbc.com/investor-relations",
  "executiveTeam": [],
  "maxAge": 86400,
  "priceHint": 2,
  "previousClose": 770.9,
  "open": 769.0,
  "dayLow": 767.1,
  "dayHigh": 784.0,
  "regularMarketPreviousClose": 770.9,
  "regularMarketOpen": 769.0,
  "regularMarketDayLow": 767.1,
  "regularMarketDayHigh": 784.0,
  "dividendRate": 0.51,
  "dividendYield": 6.56,
  "exDividendDate": 1741219200,
  "payoutRatio": 0.4962,
  "fiveYearAvgDividendYield": 5.98,
  "beta": 0.418,
  "trailingPE": 8.247369,
  "forwardPE": 8.077319,
  "volume": 19130609,
  "regularMarketVolume": 19130609,
  "averageVolume": 29640509,
  "averageVolume10days": 38911464,
  "averageDailyVolume10Day": 38911464,
  "bid": 782.6,
  "ask": 782.8,
  "bidSize": 0,
  "askSize": 0,
  "marketCap": 138444455936,
  "fiftyTwoWeekLow": 610.887,
  "fiftyTwoWeekHigh": 950.2,
  "priceToSalesTrailing12Months": 2.260207,
  "fiftyDayAverage": 860.46,
  "twoHundredDayAverage": 747.373,
  "trailingAnnualDividendRate": 0.66,
  "trailingAnnualDividendYield": 0.0008561422,
  "currency": "GBp",
  "tradeable": false,
  "enterpriseValue": -296191557632,
  "profitMargins": 0.39147,
  "floatShares": 16093236695,
  "sharesOutstanding": 17670000640,
  "heldPercentInsiders": 0.0034999999,
  "heldPercentInstitutions": 0.4446,
  "impliedSharesOutstanding": 18294499328,
  "bookValue": 9.259,
  "priceToBook": 84.62037,
  "lastFiscalYearEnd": 1735603200,
  "nextFiscalYearEnd": 1767139200,
  "mostRecentQuarter": 1735603200,
  "netIncomeToCommon": 22916999168,
  "trailingEps": 0.95,
  "forwardEps": 0.97,
  "lastSplitFactor": "3:1",
  "lastSplitDate": 931132800,
  "enterpriseToRevenue": -4.836,
  "52WeekChange": 0.22035778,
  "SandP52WeekChange": 0.07019031,
  "lastDividendValue": 0.273198,
  "lastDividendDate": 1741219200,
  "quoteType": "EQUITY",
  "currentPrice": 783.5,
  "targetHighPrice": 1152.8689,
  "targetLowPrice": 765.3149,
  "targetMeanPrice": 912.2888,
  "targetMedianPrice": 906.23834,
  "recommendationMean": 2.29412,
  "recommendationKey": "buy",
  "numberOfAnalystOpinions": 17,
  "totalCash": 1130176053248,
  "totalCashPerShare": 63.074,
  "totalDebt": 688553000960,
  "totalRevenue": 61253001216,
  "revenuePerShare": 3.337,
  "returnOnAssets": 0.00826,
  "returnOnEquity": 0.1299,
  "grossProfits": 61253001216,
  "operatingCashflow": 21067999232,
  "revenueGrowth": 0.573,
  "grossMargins": 0.0,
  "ebitdaMargins": 0.0,
  "operatingMargins": 0.29029,
  "financialCurrency": "USD",
  "symbol": "HSBA.L",
  "language": "en-US",
  "region": "US",
  "typeDisp": "Equity",
  "quoteSourceName": "Delayed Quote",
  "triggerable": false,
  "customPriceAlertConfidence": "LOW",
  "hasPrePostMarketData": false,
  "firstTradeDateMilliseconds": 584089200000,
  "epsForward": 0.97,
  "epsCurrentYear": 1.31072,
  "priceEpsCurrentYear": 597.76306,
  "fiftyDayAverageChange": -76.96002,
  "fiftyDayAverageChangePercent": -0.089440554,
  "twoHundredDayAverageChange": 36.127014,
  "twoHundredDayAverageChangePercent": 0.048338667,
  "sourceInterval": 15,
  "exchangeDataDelayedBy": 15,
  "averageAnalystRating": "2.3 - Buy",
  "cryptoTradeable": false,
  "regularMarketChange": 12.599976,
  "regularMarketDayRange": "767.1 - 784.0",
  "fullExchangeName": "LSE",
  "averageDailyVolume3Month": 29640509,
  "fiftyTwoWeekLowChange": 172.61298,
  "fiftyTwoWeekLowChangePercent": 0.2825612,
  "fiftyTwoWeekRange": "610.887 - 950.2",
  "fiftyTwoWeekHighChange": -166.70001,
  "fiftyTwoWeekHighChangePercent": -0.17543676,
  "fiftyTwoWeekChangePercent": 22.035778,
  "earningsTimestamp": 1745895600,
  "earningsTimestampStart": 1745895600,
  "earningsTimestampEnd": 1745895600,
  "earningsCallTimestampStart": 1739977200,
  "earningsCallTimestampEnd": 1739977200,
  "isEarningsDateEstimate": false,
  "epsTrailingTwelveMonths": 0.95,
  "shortName": "HSBC HOLDINGS PLC ORD $0.50 (UK",
  "corporateActions": [],
  "regularMarketTime": 1744732889,
  "exchange": "LSE",
  "messageBoardId": "finmb_382645",
  "exchangeTimezoneName": "Europe/London",
  "exchangeTimezoneShortName": "BST",
  "gmtOffSetMilliseconds": 3600000,
  "market": "gb_market",
  "esgPopulated": false,
  "longName": "HSBC Holdings plc",
  "regularMarketChangePercent": 1.6344501,
  "regularMarketPrice": 783.5,
  "marketState": "POSTPOST",
  "trailingPegRatio": 2.2252
}