[
  {
    "index": "2024-12-31",
    "Free Cash Flow": 61419000000.0,
    "Repurchase Of Capital Stock": -15322000000.0,
    "Repayment Of Debt": -2000000000.0,
    "Issuance Of Debt": 4361000000.0,
    "Issuance Of Capital Stock": 3602000000.0,
    "Capital Expenditure": -3886000000.0,
    "End Cash Position": 434940000000.0,
    "Beginning Cash Position": 490933000000.0,
    "Effect Of Exchange Rate Changes": -18275000000.0,
    "Changes In Cash": -37718000000.0,
    "Financing Cash Flow": -26459000000.0,
    "Net Other Financing Charges": NaN,
    "Cash Dividends Paid": -17100000000.0,
    "Common Stock Dividend Paid": -17100000000.0,
    "Net Preferred Stock Issuance": -3433000000.0,
    "Preferred Stock Payments": -3433000000.0,
    "Net Common Stock Issuance": -8287000000.0,
    "Common Stock Payments": -11889000000.0,
    "Common Stock Issuance": 3602000000.0,
    "Net Issuance Payments Of Debt": 2361000000.0,
    "Net Long Term Debt Issuance": 2361000000.0,
    "Long Term Debt Payments": -2000000000.0,
    "Long Term Debt Issuance": 4361000000.0,
    "Investing Cash Flow": -76564000000.0,
    "Net Investment Purchase And Sale": -69952000000.0,
    "Sale Of Investment": 453502000000.0,
    "Purchase Of Investment": -523454000000.0,
    "Net Business Purchase And Sale": -2726000000.0,
    "Sale Of Business": 9891000000.0,
    "Purchase Of Business": -12617000000.0,
    "Net Intangibles Purchase And Sale": -2542000000.0,
    "Purchase Of Intangibles": NaN,
    "Net PPE Purchase And Sale": -1344000000.0,
    "Purchase Of PPE": NaN,
    "Operating Cash Flow": 65305000000.0,
    "Taxes Refund Paid": -6611000000.0,
    "Dividend Received Cfo": 1062000000.0,
    "Change In Working Capital": 9714000000.0,
    "Change In Other Current Liabilities": -1603000000.0,
    "Change In Other Current Assets": 7685000000.0,
    "Other Non Cash Items": -5290000000.0,
    "Stock Based Compensation": 529000000.0,
    "Provisionand Write Offof Assets": 3973000000.0,
    "Depreciation And Amortization": 4080000000.0,
    "Depreciation": 4080000000.0,
    "Gain Loss On Investment Securities": 180000000.0,
    "Net Foreign Currency Exchange Gain Loss": 26734000000.0,
    "Gain Loss On Sale Of PPE": 0.0,
    "Gain Loss On Sale Of Business": 1704000000.0,
    "Net Income From Continuing Operations": 32309000000.0
  },
  {
    "index": "2023-12-31",
    "Free Cash Flow": 35416000000.0,
    "Repurchase Of Capital Stock": -10429000000.0,
    "Repayment Of Debt": -2147000000.0,
    "Issuance Of Debt": 5237000000.0,
    "Issuance Of Capital Stock": 1996000000.0,
    "Capital Expenditure": -3695000000.0,
    "End Cash Position": 490933000000.0,
    "Beginning Cash Position": 521671000000.0,
    "Effect Of Exchange Rate Changes": 10621000000.0,
    "Changes In Cash": -41359000000.0,
    "Financing Cash Flow": -17558000000.0,
    "Net Other Financing Charges": -19000000.0,
    "Cash Dividends Paid": -12196000000.0,
    "Common Stock Dividend Paid": -12196000000.0,
    "Net Preferred Stock Issuance": -4003000000.0,
    "Preferred Stock Payments": -4003000000.0,
    "Net Common Stock Issuance": -4430000000.0,
    "Common Stock Payments": -6426000000.0,
    "Common Stock Issuance": 1996000000.0,
    "Net Issuance Payments Of Debt": 3090000000.0,
    "Net Long Term Debt Issuance": 3090000000.0,
    "Long Term Debt Payments": -2147000000.0,
    "Long Term Debt Issuance": 5237000000.0,
    "Investing Cash Flow": -62912000000.0,
    "Net Investment Purchase And Sale": -59387000000.0,
    "Sale Of Investment": 504174000000.0,
    "Purchase Of Investment": -563561000000.0,
    "Net Business Purchase And Sale": -453000000.0,
    "Sale Of Business": 1239000000.0,
    "Purchase Of Business": -1692000000.0,
    "Net Intangibles Purchase And Sale": -2550000000.0,
    "Purchase Of Intangibles": NaN,
    "Net PPE Purchase And Sale": -1145000000.0,
    "Purchase Of PPE": NaN,
    "Operating Cash Flow": 39111000000.0,
    "Taxes Refund Paid": -4117000000.0,
    "Dividend Received Cfo": 1067000000.0,
    "Change In Working Capital": 19436000000.0,
    "Change In Other Current Liabilities": 8742000000.0,
    "Change In Other Current Assets": -10254000000.0,
    "Other Non Cash Items": -4299000000.0,
    "Stock Based Compensation": 482000000.0,
    "Provisionand Write Offof Assets": 3983000000.0,
    "Depreciation And Amortization": 3466000000.0,
    "Depreciation": 3466000000.0,
    "Gain Loss On Investment Securities": 1213000000.0,
    "Net Foreign Currency Exchange Gain Loss": -10678000000.0,
    "Gain Loss On Sale Of PPE": 0.0,
    "Gain Loss On Sale Of Business": -1775000000.0,
    "Net Income From Continuing Operations": 30348000000.0
  },
  {
    "index": "2022-12-31",
    "Free Cash Flow": 14946000000.0,
    "Repurchase Of Capital Stock": -4642000000.0,
    "Repayment Of Debt": -1777000000.0,
    "Issuance Of Debt": 7300000000.0,
    "Issuance Of Capital Stock": 0.0,
    "Capital Expenditure": -4409000000.0,
    "End Cash Position": 521671000000.0,
    "Beginning Cash Position": 574032000000.0,
    "Effect Of Exchange Rate Changes": -38029000000.0,
    "Changes In Cash": -14332000000.0,
    "Financing Cash Flow": -6286000000.0,
    "Net Other Financing Charges": -197000000.0,
    "Cash Dividends Paid": -6970000000.0,
    "Common Stock Dividend Paid": -6970000000.0,
    "Net Preferred Stock Issuance": -2266000000.0,
    "Preferred Stock Payments": -2266000000.0,
    "Net Common Stock Issuance": -2376000000.0,
    "Common Stock Payments": -2376000000.0,
    "Common Stock Issuance": 0.0,
    "Net Issuance Payments Of Debt": 5523000000.0,
    "Net Long Term Debt Issuance": 5523000000.0,
    "Long Term Debt Payments": -1777000000.0,
    "Long Term Debt Issuance": 7300000000.0,
    "Investing Cash Flow": -27401000000.0,
    "Net Investment Purchase And Sale": -18473000000.0,
    "Sale Of Investment": 492624000000.0,
    "Purchase Of Investment": -511097000000.0,
    "Net Business Purchase And Sale": -989000000.0,
    "Sale Of Business": 0.0,
    "Purchase Of Business": -989000000.0,
    "Net Intangibles Purchase And Sale": -3125000000.0,
    "Purchase Of Intangibles": NaN,
    "Net PPE Purchase And Sale": -1284000000.0,
    "Purchase Of PPE": -1285000000.0,
    "Operating Cash Flow": 19355000000.0,
    "Taxes Refund Paid": -2776000000.0,
    "Dividend Received Cfo": 944000000.0,
    "Change In Working Capital": -52249000000.0,
    "Change In Other Current Liabilities": 6021000000.0,
    "Change In Other Current Assets": -12858000000.0,
    "Other Non Cash Items": -774000000.0,
    "Stock Based Compensation": 400000000.0,
    "Provisionand Write Offof Assets": 4536000000.0,
    "Depreciation And Amortization": 3850000000.0,
    "Depreciation": 3850000000.0,
    "Gain Loss On Investment Securities": 11000000.0,
    "Net Foreign Currency Exchange Gain Loss": 48718000000.0,
    "Gain Loss On Sale Of PPE": 0.0,
    "Gain Loss On Sale Of Business": 2554000000.0,
    "Net Income From Continuing Operations": 17058000000.0
  },
  {
    "index": "2021-12-31",
    "Free Cash Flow": 100747000000.0,
    "Repurchase Of Capital Stock": -5543000000.0,
    "Repayment Of Debt": -864000000.0,
    "Issuance Of Debt": 0.0,
    "Issuance Of Capital Stock": 1996000000.0,
    "Capital Expenditure": -3565000000.0,
    "End Cash Position": 574032000000.0,
    "Beginning Cash Position": 468323000000.0,
    "Effect Of Exchange Rate Changes": -15345000000.0,
    "Changes In Cash": 121054000000.0,
    "Financing Cash Flow": -10794000000.0,
    "Net Other Financing Charges": NaN,
    "Cash Dividends Paid": -6383000000.0,
    "Common Stock Dividend Paid": -6383000000.0,
    "Net Preferred Stock Issuance": -3450000000.0,
    "Preferred Stock Payments": -3450000000.0,
    "Net Common Stock Issuance": -97000000.0,
    "Common Stock Payments": -2093000000.0,
    "Common Stock Issuance": 1996000000.0,
    "Net Issuance Payments Of Debt": -864000000.0,
    "Net Long Term Debt Issuance": -864000000.0,
    "Long Term Debt Payments": -864000000.0,
    "Long Term Debt Issuance": 0.0,
    "Investing Cash Flow": 27536000000.0,
    "Net Investment Purchase And Sale": 28148000000.0,
    "Sale Of Investment": 521190000000.0,
    "Purchase Of Investment": -493042000000.0,
    "Net Business Purchase And Sale": -106000000.0,
    "Sale Of Business": NaN,
    "Purchase Of Business": NaN,
    "Net Intangibles Purchase And Sale": -2479000000.0,
    "Purchase Of Intangibles": -2479000000.0,
    "Net PPE Purchase And Sale": -1086000000.0,
    "Purchase Of PPE": -1086000000.0,
    "Operating Cash Flow": 104312000000.0,
    "Taxes Refund Paid": -3077000000.0,
    "Dividend Received Cfo": 808000000.0,
    "Change In Working Capital": 67133000000.0,
    "Change In Other Current Liabilities": -10935000000.0,
    "Change In Other Current Assets": 19899000000.0,
    "Other Non Cash Items": 510000000.0,
    "Stock Based Compensation": 467000000.0,
    "Provisionand Write Offof Assets": 544000000.0,
    "Depreciation And Amortization": 4286000000.0,
    "Depreciation": 4286000000.0,
    "Gain Loss On Investment Securities": -647000000.0,
    "Net Foreign Currency Exchange Gain Loss": 18937000000.0,
    "Gain Loss On Sale Of PPE": 0.0,
    "Gain Loss On Sale Of Business": 0.0,
    "Net Income From Continuing Operations": 18906000000.0
  },
  {
    "index": "2020-12-31",
    "Free Cash Flow": NaN,
    "Repurchase Of Capital Stock": NaN,
    "Repayment Of Debt": NaN,
    "Issuance Of Debt": NaN,
    "Issuance Of Capital Stock": NaN,
    "Capital Expenditure": NaN,
    "End Cash Position": NaN,
    "Beginning Cash Position": NaN,
    "Effect Of Exchange Rate Changes": NaN,
    "Changes In Cash": NaN,
    "Financing Cash Flow": NaN,
    "Net Other Financing Charges": NaN,
    "Cash Dividends Paid": NaN,
    "Common Stock Dividend Paid": NaN,
    "Net Preferred Stock Issuance": NaN,
    "Preferred Stock Payments": NaN,
    "Net Common Stock Issuance": NaN,
    "Common Stock Payments": NaN,
    "Common Stock Issuance": NaN,
    "Net Issuance Payments Of Debt": NaN,
    "Net Long Term Debt Issuance": NaN,
    "Long Term Debt Payments": NaN,
    "Long Term Debt Issuance": NaN,
    "Investing Cash Flow": NaN,
    "Net Investment Purchase And Sale": NaN,
    "Sale Of Investment": NaN,
    "Purchase Of Investment": NaN,
    "Net Business Purchase And Sale": NaN,
    "Sale Of Business": NaN,
    "Purchase Of Business": NaN,
    "Net Intangibles Purchase And Sale": NaN,
    "Purchase Of Intangibles": -2064000000.0,
    "Net PPE Purchase And Sale": NaN,
    "Purchase Of PPE": -1446000000.0,
    "Operating Cash Flow": NaN,
    "Taxes Refund Paid": NaN,
    "Dividend Received Cfo": NaN,
    "Change In Working Capital": NaN,
    "Change In Other Current Liabilities": NaN,
    "Change In Other Current Assets": NaN,
    "Other Non Cash Items": NaN,
    "Stock Based Compensation": NaN,
    "Provisionand Write Offof Assets": NaN,
    "Depreciation And Amortization": NaN,
    "Depreciation": NaN,
    "Gain Loss On Investment Securities": NaN,
    "Net Foreign Currency Exchange Gain Loss": NaN,
    "Gain Loss On Sale Of PPE": NaN,
    "Gain Loss On Sale Of Business": NaN,
    "Net Income From Continuing Operations": NaN
  }
]