[
  {
    "index": "2024-12-31",
    "Treasury Shares Number": 9305925.0,
    "Preferred Shares Number": NaN,
    "Ordinary Shares Number": 17935716398.0,
    "Share Issued": 17945022323.0,
    "Total Debt": 242347000000.0,
    "Tangible Book Value": 172589000000.0,
    "Invested Capital": 424861000000.0,
    "Net Tangible Assets": 172589000000.0,
    "Common Stock Equity": 184973000000.0,
    "Total Capitalization": 424861000000.0,
    "Total Equity Gross Minority Interest": 192273000000.0,
    "Minority Interest": 7300000000.0,
    "Stockholders Equity": 184973000000.0,
    "Other Equity Interest": 19070000000.0,
    "Retained Earnings": 152402000000.0,
    "Additional Paid In Capital": 14810000000.0,
    "Capital Stock": 8973000000.0,
    "Common Stock": 8973000000.0,
    "Total Liabilities Net Minority Interest": 2824775000000.0,
    "Preferred Securities Outside Stock Equity": 878000000.0,
    "Derivative Product Liabilities": 264448000000.0,
    "Long Term Debt And Capital Lease Obligation": 242347000000.0,
    "Payables": 1729000000.0,
    "Other Payable": NaN,
    "Total Tax Payable": 1729000000.0,
    "Total Assets": 3017048000000.0,
    "Defined Pension Benefit": 7548000000.0,
    "Investments And Advances": 1226194000000.0,
    "Investmentin Financial Assets": 1197285000000.0,
    "Available For Sale Securities": 535459000000.0,
    "Financial Assets Designatedas Fair Value Through Profitor Loss Total": 108698000000.0,
    "Trading Securities": 284491000000.0,
    "Long Term Equity Investment": 28909000000.0,
    "Investmentsin Joint Venturesat Cost": 132000000.0,
    "Investmentsin Associatesat Cost": 28777000000.0,
    "Goodwill And Other Intangible Assets": 12384000000.0,
    "Other Intangible Assets": 8266000000.0,
    "Goodwill": 4118000000.0,
    "Net PPE": 11612000000.0,
    "Gross PPE": 11612000000.0,
    "Other Properties": 11612000000.0,
    "Prepaid Assets": 13781000000.0,
    "Receivables": NaN,
    "Taxes Receivable": 1313000000.0,
    "Cash And Cash Equivalents": 284515000000.0,
    "Cash Equivalents": 16841000000.0,
    "Cash Financial": 267674000000.0,
    "Cash Cash Equivalents And Federal Funds Sold": 537064000000.0
  },
  {
    "index": "2023-12-31",
    "Treasury Shares Number": 20902218.0,
    "Preferred Shares Number": NaN,
    "Ordinary Shares Number": 19241825975.0,
    "Share Issued": 19262728193.0,
    "Total Debt": 235159000000.0,
    "Tangible Book Value": 172842000000.0,
    "Invested Capital": 417675000000.0,
    "Net Tangible Assets": 172842000000.0,
    "Common Stock Equity": 185329000000.0,
    "Total Capitalization": 417675000000.0,
    "Total Equity Gross Minority Interest": 192610000000.0,
    "Minority Interest": 7281000000.0,
    "Stockholders Equity": 185329000000.0,
    "Other Equity Interest": 17719000000.0,
    "Retained Earnings": 152148000000.0,
    "Additional Paid In Capital": 14738000000.0,
    "Capital Stock": 9631000000.0,
    "Common Stock": 9631000000.0,
    "Total Liabilities Net Minority Interest": 2846067000000.0,
    "Preferred Securities Outside Stock Equity": 1805000000.0,
    "Derivative Product Liabilities": 234772000000.0,
    "Long Term Debt And Capital Lease Obligation": 235159000000.0,
    "Payables": 2777000000.0,
    "Other Payable": NaN,
    "Total Tax Payable": 2777000000.0,
    "Total Assets": 3038677000000.0,
    "Defined Pension Benefit": 7750000000.0,
    "Investments And Advances": 1100826000000.0,
    "Investmentin Financial Assets": 1073482000000.0,
    "Available For Sale Securities": 484787000000.0,
    "Financial Assets Designatedas Fair Value Through Profitor Loss Total": 104777000000.0,
    "Trading Securities": 254204000000.0,
    "Long Term Equity Investment": 27344000000.0,
    "Investmentsin Joint Venturesat Cost": 144000000.0,
    "Investmentsin Associatesat Cost": 27200000000.0,
    "Goodwill And Other Intangible Assets": 12487000000.0,
    "Other Intangible Assets": 8164000000.0,
    "Goodwill": 4323000000.0,
    "Net PPE": 12934000000.0,
    "Gross PPE": 12934000000.0,
    "Other Properties": 12934000000.0,
    "Prepaid Assets": 13854000000.0,
    "Receivables": NaN,
    "Taxes Receivable": 1536000000.0,
    "Cash And Cash Equivalents": 299569000000.0,
    "Cash Equivalents": 13701000000.0,
    "Cash Financial": 285868000000.0,
    "Cash Cash Equivalents And Federal Funds Sold": 551786000000.0
  },
  {
    "index": "2022-12-31",
    "Treasury Shares Number": 325273407.0,
    "Preferred Shares Number": NaN,
    "Ordinary Shares Number": 19968334003.0,
    "Share Issued": 20293607410.0,
    "Total Debt": 204239000000.0,
    "Tangible Book Value": 166414000000.0,
    "Invested Capital": 379305000000.0,
    "Net Tangible Assets": 166414000000.0,
    "Common Stock Equity": 177833000000.0,
    "Total Capitalization": 379305000000.0,
    "Total Equity Gross Minority Interest": 185197000000.0,
    "Minority Interest": 7364000000.0,
    "Stockholders Equity": 177833000000.0,
    "Other Equity Interest": 19746000000.0,
    "Retained Earnings": 142409000000.0,
    "Additional Paid In Capital": 14664000000.0,
    "Capital Stock": 10147000000.0,
    "Common Stock": 10147000000.0,
    "Total Liabilities Net Minority Interest": 2764089000000.0,
    "Preferred Securities Outside Stock Equity": 1743000000.0,
    "Derivative Product Liabilities": 285762000000.0,
    "Long Term Debt And Capital Lease Obligation": 204239000000.0,
    "Payables": 1135000000.0,
    "Other Payable": NaN,
    "Total Tax Payable": 1135000000.0,
    "Total Assets": 2949286000000.0,
    "Defined Pension Benefit": 7282000000.0,
    "Investments And Advances": 1007621000000.0,
    "Investmentin Financial Assets": 978367000000.0,
    "Available For Sale Securities": 408513000000.0,
    "Financial Assets Designatedas Fair Value Through Profitor Loss Total": 96646000000.0,
    "Trading Securities": 189049000000.0,
    "Long Term Equity Investment": 29254000000.0,
    "Investmentsin Joint Venturesat Cost": 127000000.0,
    "Investmentsin Associatesat Cost": 29127000000.0,
    "Goodwill And Other Intangible Assets": 11419000000.0,
    "Other Intangible Assets": 7263000000.0,
    "Goodwill": 4156000000.0,
    "Net PPE": 12584000000.0,
    "Gross PPE": 12584000000.0,
    "Other Properties": 12584000000.0,
    "Prepaid Assets": 10279000000.0,
    "Receivables": NaN,
    "Taxes Receivable": 1230000000.0,
    "Cash And Cash Equivalents": 350051000000.0,
    "Cash Equivalents": 15752000000.0,
    "Cash Financial": 327002000000.0,
    "Cash Cash Equivalents And Federal Funds Sold": 603805000000.0
  },
  {
    "index": "2021-12-31",
    "Treasury Shares Number": 325273407.0,
    "Preferred Shares Number": NaN,
    "Ordinary Shares Number": 20632000000.0,
    "Share Issued": 20957273407.0,
    "Total Debt": 223644000000.0,
    "Tangible Book Value": 177628000000.0,
    "Invested Capital": 418308000000.0,
    "Net Tangible Assets": 177628000000.0,
    "Common Stock Equity": 198250000000.0,
    "Total Capitalization": 418308000000.0,
    "Total Equity Gross Minority Interest": 206777000000.0,
    "Minority Interest": 8527000000.0,
    "Stockholders Equity": 198250000000.0,
    "Other Equity Interest": 22414000000.0,
    "Retained Earnings": 144458000000.0,
    "Additional Paid In Capital": 14602000000.0,
    "Capital Stock": 10316000000.0,
    "Common Stock": 10316000000.0,
    "Total Liabilities Net Minority Interest": 2751162000000.0,
    "Preferred Securities Outside Stock Equity": 1847000000.0,
    "Derivative Product Liabilities": 191064000000.0,
    "Long Term Debt And Capital Lease Obligation": 223644000000.0,
    "Payables": 698000000.0,
    "Other Payable": 50226000000.0,
    "Total Tax Payable": 698000000.0,
    "Total Assets": 2957939000000.0,
    "Defined Pension Benefit": 10269000000.0,
    "Investments And Advances": 983508000000.0,
    "Investmentin Financial Assets": 953899000000.0,
    "Available For Sale Securities": 488852000000.0,
    "Financial Assets Designatedas Fair Value Through Profitor Loss Total": 45497000000.0,
    "Trading Securities": 222668000000.0,
    "Long Term Equity Investment": 29609000000.0,
    "Investmentsin Joint Venturesat Cost": 94000000.0,
    "Investmentsin Associatesat Cost": 29515000000.0,
    "Goodwill And Other Intangible Assets": 20622000000.0,
    "Other Intangible Assets": 15589000000.0,
    "Goodwill": 5033000000.0,
    "Net PPE": 13240000000.0,
    "Gross PPE": 13240000000.0,
    "Other Properties": 13240000000.0,
    "Prepaid Assets": 8233000000.0,
    "Receivables": NaN,
    "Taxes Receivable": 970000000.0,
    "Cash And Cash Equivalents": 422437000000.0,
    "Cash Equivalents": 15283000000.0,
    "Cash Financial": 403018000000.0,
    "Cash Cash Equivalents And Federal Funds Sold": 664085000000.0
  },
  {
    "index": "2020-12-31",
    "Treasury Shares Number": NaN,
    "Preferred Shares Number": 1450000.0,
    "Ordinary Shares Number": NaN,
    "Share Issued": NaN,
    "Total Debt": NaN,
    "Tangible Book Value": NaN,
    "Invested Capital": NaN,
    "Net Tangible Assets": NaN,
    "Common Stock Equity": NaN,
    "Total Capitalization": NaN,
    "Total Equity Gross Minority Interest": NaN,
    "Minority Interest": NaN,
    "Stockholders Equity": NaN,
    "Other Equity Interest": NaN,
    "Retained Earnings": NaN,
    "Additional Paid In Capital": NaN,
    "Capital Stock": NaN,
    "Common Stock": NaN,
    "Total Liabilities Net Minority Interest": NaN,
    "Preferred Securities Outside Stock Equity": NaN,
    "Derivative Product Liabilities": NaN,
    "Long Term Debt And Capital Lease Obligation": NaN,
    "Payables": NaN,
    "Other Payable": 65557000000.0,
    "Total Tax Payable": NaN,
    "Total Assets": NaN,
    "Defined Pension Benefit": NaN,
    "Investments And Advances": NaN,
    "Investmentin Financial Assets": NaN,
    "Available For Sale Securities": NaN,
    "Financial Assets Designatedas Fair Value Through Profitor Loss Total": NaN,
    "Trading Securities": NaN,
    "Long Term Equity Investment": NaN,
    "Investmentsin Joint Venturesat Cost": NaN,
    "Investmentsin Associatesat Cost": NaN,
    "Goodwill And Other Intangible Assets": NaN,
    "Other Intangible Assets": NaN,
    "Goodwill": NaN,
    "Net PPE": NaN,
    "Gross PPE": NaN,
    "Other Properties": NaN,
    "Prepaid Assets": NaN,
    "Receivables": 10278000000.0,
    "Taxes Receivable": NaN,
    "Cash And Cash Equivalents": NaN,
    "Cash Equivalents": NaN,
    "Cash Financial": NaN,
    "Cash Cash Equivalents And Federal Funds Sold": NaN
  }
]