[
  {
    "index": "2024-12-31",
    "Tax Effect Of Unusual Items": -466012000.0,
    "Tax Rate For Calcs": 0.226,
    "Total Unusual Items": -2062000000.0,
    "Total Unusual Items Excluding Goodwill": -2062000000.0,
    "Net Income From Continuing Operation Net Minority Interest": 23979000000.0,
    "Reconciled Depreciation": 4080000000.0,
    "Net Interest Income": 32733000000.0,
    "Interest Expense": 75898000000.0,
    "Interest Income": 108631000000.0,
    "Normalized Income": 25651988000.0,
    "Net Income From Continuing And Discontinued Operation": 23979000000.0,
    "Diluted Average Shares": NaN,
    "Basic Average Shares": NaN,
    "Diluted EPS": NaN,
    "Basic EPS": NaN,
    "Diluted NI Availto Com Stockholders": 22917000000.0,
    "Net Income Common Stockholders": 22917000000.0,
    "Otherunder Preferred Stock Dividend": 1062000000.0,
    "Preferred Stock Dividends": NaN,
    "Net Income": 23979000000.0,
    "Minority Interests": -1020000000.0,
    "Net Income Including Noncontrolling Interests": 24999000000.0,
    "Net Income Continuous Operations": 24999000000.0,
    "Tax Provision": 7310000000.0,
    "Pretax Income": 32309000000.0,
    "Special Income Charges": -2062000000.0,
    "Other Special Charges": 1951000000.0,
    "Write Off": 0.0,
    "Impairment Of Capital Assets": NaN,
    "Restructuring And Mergern Acquisition": 34000000.0,
    "Gain On Sale Of Security": -2070000000.0,
    "Operating Expense": 32733000000.0,
    "Other Operating Expenses": -310000000.0,
    "Depreciation And Amortization In Income Statement": 4080000000.0,
    "Amortization": 2235000000.0,
    "Depreciation Income Statement": 1845000000.0,
    "Selling General And Administration": 10498000000.0,
    "General And Administrative Expense": 10498000000.0,
    "Insurance And Claims": 0.0,
    "Total Revenue": 67606000000.0,
    "Operating Revenue": 67606000000.0
  },
  {
    "index": "2023-12-31",
    "Tax Effect Of Unusual Items": -261670000.0,
    "Tax Rate For Calcs": 0.191,
    "Total Unusual Items": -1370000000.0,
    "Total Unusual Items Excluding Goodwill": -1370000000.0,
    "Net Income From Continuing Operation Net Minority Interest": 23533000000.0,
    "Reconciled Depreciation": 3466000000.0,
    "Net Interest Income": 35796000000.0,
    "Interest Expense": 65072000000.0,
    "Interest Income": 100868000000.0,
    "Normalized Income": 24356330000.0,
    "Net Income From Continuing And Discontinued Operation": 23533000000.0,
    "Diluted Average Shares": 19600000000.0,
    "Basic Average Shares": 19478000000.0,
    "Diluted EPS": 1.14,
    "Basic EPS": 1.15,
    "Diluted NI Availto Com Stockholders": 22432000000.0,
    "Net Income Common Stockholders": 22432000000.0,
    "Otherunder Preferred Stock Dividend": 1101000000.0,
    "Preferred Stock Dividends": NaN,
    "Net Income": 23533000000.0,
    "Minority Interests": -1026000000.0,
    "Net Income Including Noncontrolling Interests": 24559000000.0,
    "Net Income Continuous Operations": 24559000000.0,
    "Tax Provision": 5789000000.0,
    "Pretax Income": 30348000000.0,
    "Special Income Charges": -1370000000.0,
    "Other Special Charges": 382000000.0,
    "Write Off": 3000000000.0,
    "Impairment Of Capital Assets": NaN,
    "Restructuring And Mergern Acquisition": -1727000000.0,
    "Gain On Sale Of Security": -3730000000.0,
    "Operating Expense": 32170000000.0,
    "Other Operating Expenses": 100000000.0,
    "Depreciation And Amortization In Income Statement": 3467000000.0,
    "Amortization": 1827000000.0,
    "Depreciation Income Statement": 1640000000.0,
    "Selling General And Administration": 10383000000.0,
    "General And Administrative Expense": 10383000000.0,
    "Insurance And Claims": 0.0,
    "Total Revenue": 64528000000.0,
    "Operating Revenue": 64528000000.0
  },
  {
    "index": "2022-12-31",
    "Tax Effect Of Unusual Items": -280684000.0,
    "Tax Rate For Calcs": 0.047,
    "Total Unusual Items": -5972000000.0,
    "Total Unusual Items Excluding Goodwill": -5972000000.0,
    "Net Income From Continuing Operation Net Minority Interest": 15559000000.0,
    "Reconciled Depreciation": 3850000000.0,
    "Net Interest Income": 30377000000.0,
    "Interest Expense": 22449000000.0,
    "Interest Income": 52826000000.0,
    "Normalized Income": 21397316000.0,
    "Net Income From Continuing And Discontinued Operation": 15559000000.0,
    "Diluted Average Shares": 19986000000.0,
    "Basic Average Shares": 19849000000.0,
    "Diluted EPS": 0.72,
    "Basic EPS": 0.72,
    "Diluted NI Availto Com Stockholders": 14346000000.0,
    "Net Income Common Stockholders": 14346000000.0,
    "Otherunder Preferred Stock Dividend": 1213000000.0,
    "Preferred Stock Dividends": NaN,
    "Net Income": 15559000000.0,
    "Minority Interests": -690000000.0,
    "Net Income Including Noncontrolling Interests": 16249000000.0,
    "Net Income Continuous Operations": 16249000000.0,
    "Tax Provision": 809000000.0,
    "Pretax Income": 17058000000.0,
    "Special Income Charges": -5972000000.0,
    "Other Special Charges": 2696000000.0,
    "Write Off": 0.0,
    "Impairment Of Capital Assets": -4000000.0,
    "Restructuring And Mergern Acquisition": 3129000000.0,
    "Gain On Sale Of Security": 7906000000.0,
    "Operating Expense": 29654000000.0,
    "Other Operating Expenses": -3047000000.0,
    "Depreciation And Amortization In Income Statement": 3850000000.0,
    "Amortization": 1701000000.0,
    "Depreciation Income Statement": 2149000000.0,
    "Selling General And Administration": 10848000000.0,
    "General And Administrative Expense": 10848000000.0,
    "Insurance And Claims": 0.0,
    "Total Revenue": 53545000000.0,
    "Operating Revenue": 53545000000.0
  },
  {
    "index": "2021-12-31",
    "Tax Effect Of Unusual Items": -713977150.111076,
    "Tax Rate For Calcs": 0.222839,
    "Total Unusual Items": -3204000000.0,
    "Total Unusual Items Excluding Goodwill": -3204000000.0,
    "Net Income From Continuing Operation Net Minority Interest": 13917000000.0,
    "Reconciled Depreciation": 4286000000.0,
    "Net Interest Income": 26489000000.0,
    "Interest Expense": 9699000000.0,
    "Interest Income": 36188000000.0,
    "Normalized Income": 16994022849.888924,
    "Net Income From Continuing And Discontinued Operation": 13917000000.0,
    "Diluted Average Shares": 20302000000.0,
    "Basic Average Shares": 20197000000.0,
    "Diluted EPS": 0.62,
    "Basic EPS": 0.62,
    "Diluted NI Availto Com Stockholders": 12607000000.0,
    "Net Income Common Stockholders": 12607000000.0,
    "Otherunder Preferred Stock Dividend": 1303000000.0,
    "Preferred Stock Dividends": 7000000.0,
    "Net Income": 13917000000.0,
    "Minority Interests": -776000000.0,
    "Net Income Including Noncontrolling Interests": 14693000000.0,
    "Net Income Continuous Operations": 14693000000.0,
    "Tax Provision": 4213000000.0,
    "Pretax Income": 18906000000.0,
    "Special Income Charges": -3204000000.0,
    "Other Special Charges": -113000000.0,
    "Write Off": 587000000.0,
    "Impairment Of Capital Assets": NaN,
    "Restructuring And Mergern Acquisition": 2143000000.0,
    "Gain On Sale Of Security": 1076000000.0,
    "Operating Expense": 46111000000.0,
    "Other Operating Expenses": -2310000000.0,
    "Depreciation And Amortization In Income Statement": 3699000000.0,
    "Amortization": 1438000000.0,
    "Depreciation Income Statement": 2261000000.0,
    "Selling General And Administration": 11592000000.0,
    "General And Administrative Expense": 11592000000.0,
    "Insurance And Claims": 14388000000.0,
    "Total Revenue": 64247000000.0,
    "Operating Revenue": 64247000000.0
  },
  {
    "index": "2020-12-31",
    "Tax Effect Of Unusual Items": NaN,
    "Tax Rate For Calcs": NaN,
    "Total Unusual Items": NaN,
    "Total Unusual Items Excluding Goodwill": NaN,
    "Net Income From Continuing Operation Net Minority Interest": NaN,
    "Reconciled Depreciation": NaN,
    "Net Interest Income": NaN,
    "Interest Expense": NaN,
    "Interest Income": NaN,
    "Normalized Income": NaN,
    "Net Income From Continuing And Discontinued Operation": NaN,
    "Diluted Average Shares": 20242000000.0,
    "Basic Average Shares": 20169000000.0,
    "Diluted EPS": 0.19,
    "Basic EPS": 0.19,
    "Diluted NI Availto Com Stockholders": NaN,
    "Net Income Common Stockholders": NaN,
    "Otherunder Preferred Stock Dividend": NaN,
    "Preferred Stock Dividends": 90000000.0,
    "Net Income": NaN,
    "Minority Interests": NaN,
    "Net Income Including Noncontrolling Interests": NaN,
    "Net Income Continuous Operations": NaN,
    "Tax Provision": NaN,
    "Pretax Income": NaN,
    "Special Income Charges": NaN,
    "Other Special Charges": NaN,
    "Write Off": NaN,
    "Impairment Of Capital Assets": 1049000000.0,
    "Restructuring And Mergern Acquisition": NaN,
    "Gain On Sale Of Security": NaN,
    "Operating Expense": NaN,
    "Other Operating Expenses": NaN,
    "Depreciation And Amortization In Income Statement": NaN,
    "Amortization": NaN,
    "Depreciation Income Statement": NaN,
    "Selling General And Administration": NaN,
    "General And Administrative Expense": NaN,
    "Insurance And Claims": NaN,
    "Total Revenue": NaN,
    "Operating Revenue": NaN
  }
]