[
  {
    "index": "2024-12-31",
    "Tax Effect Of Unusual Items": 18784037.558685,
    "Tax Rate For Calcs": 0.247158,
    "Total Unusual Items": 76000000.0,
    "Total Unusual Items Excluding Goodwill": 76000000.0,
    "Net Income From Continuing Operation Net Minority Interest": 11688000000.0,
    "Reconciled Depreciation": 7272000000.0,
    "Net Interest Income": 19524000000.0,
    "Interest Expense": 63496000000.0,
    "Interest Income": 83020000000.0,
    "Normalized Income": 11630784037.558685,
    "Net Income From Continuing And Discontinued Operation": 11688000000.0,
    "Diluted Average Shares": 1133302357.0,
    "Basic Average Shares": 1133302357.0,
    "Diluted EPS": 9.57,
    "Basic EPS": 9.57,
    "Diluted NI Availto Com Stockholders": 10843000000.0,
    "Net Income Common Stockholders": 10843000000.0,
    "Otherunder Preferred Stock Dividend": 845000000.0,
    "Net Income": 11688000000.0,
    "Minority Interests": -499000000.0,
    "Net Income Including Noncontrolling Interests": 12187000000.0,
    "Net Income Discontinuous Operations": 0.0,
    "Net Income Continuous Operations": 12187000000.0,
    "Tax Provision": 4001000000.0,
    "Pretax Income": 16188000000.0,
    "Special Income Charges": 16000000.0,
    "Other Special Charges": 191000000.0,
    "Write Off": NaN,
    "Impairment Of Capital Assets": 34000000.0,
    "Restructuring And Mergern Acquisition": -241000000.0,
    "Gain On Sale Of Security": 33000000.0,
    "Operating Expense": 47403000000.0,
    "Other Operating Expenses": 11428000000.0,
    "Depreciation And Amortization In Income Statement": 2356000000.0,
    "Depreciation Income Statement": 2356000000.0,
    "Selling General And Administration": NaN,
    "General And Administrative Expense": NaN,
    "Insurance And Claims": -253000000.0,
    "Rent And Landing Fees": 15729000000.0,
    "Total Revenue": 65870000000.0,
    "Operating Revenue": 65870000000.0
  },
  {
    "index": "2023-12-31",
    "Tax Effect Of Unusual Items": -6963752.665245,
    "Tax Rate For Calcs": 0.27855,
    "Total Unusual Items": -25000000.0,
    "Total Unusual Items Excluding Goodwill": -25000000.0,
    "Net Income From Continuing Operation Net Minority Interest": 8028000000.0,
    "Reconciled Depreciation": 6245000000.0,
    "Net Interest Income": 19058000000.0,
    "Interest Expense": 60484000000.0,
    "Interest Income": 79542000000.0,
    "Normalized Income": 8046036247.334755,
    "Net Income From Continuing And Discontinued Operation": 10975000000.0,
    "Diluted Average Shares": 1200367337.0,
    "Basic Average Shares": 1200367337.0,
    "Diluted EPS": 8.58,
    "Basic EPS": 8.58,
    "Diluted NI Availto Com Stockholders": 10298000000.0,
    "Net Income Common Stockholders": 10298000000.0,
    "Otherunder Preferred Stock Dividend": 677000000.0,
    "Net Income": 10975000000.0,
    "Minority Interests": -431000000.0,
    "Net Income Including Noncontrolling Interests": 11406000000.0,
    "Net Income Discontinuous Operations": 2947000000.0,
    "Net Income Continuous Operations": 8459000000.0,
    "Tax Provision": 3266000000.0,
    "Pretax Income": 11725000000.0,
    "Special Income Charges": -123000000.0,
    "Other Special Charges": 104000000.0,
    "Write Off": NaN,
    "Impairment Of Capital Assets": 19000000.0,
    "Restructuring And Mergern Acquisition": 0.0,
    "Gain On Sale Of Security": -3410000000.0,
    "Operating Expense": 44818000000.0,
    "Other Operating Expenses": 12999000000.0,
    "Depreciation And Amortization In Income Statement": 2224000000.0,
    "Depreciation Income Statement": 2224000000.0,
    "Selling General And Administration": NaN,
    "General And Administrative Expense": NaN,
    "Insurance And Claims": -283000000.0,
    "Rent And Landing Fees": 12103000000.0,
    "Total Revenue": 59735000000.0,
    "Operating Revenue": 59735000000.0
  },
  {
    "index": "2022-12-31",
    "Tax Effect Of Unusual Items": 28512000.0,
    "Tax Rate For Calcs": 0.297,
    "Total Unusual Items": 96000000.0,
    "Total Unusual Items Excluding Goodwill": 96000000.0,
    "Net Income From Continuing Operation Net Minority Interest": 9161000000.0,
    "Reconciled Depreciation": 6465000000.0,
    "Net Interest Income": 20933000000.0,
    "Interest Expense": 20149000000.0,
    "Interest Income": 41082000000.0,
    "Normalized Income": 9121512000.0,
    "Net Income From Continuing And Discontinued Operation": 9848000000.0,
    "Diluted Average Shares": 1232991607.0,
    "Basic Average Shares": 1232991607.0,
    "Diluted EPS": 7.52,
    "Basic EPS": 7.52,
    "Diluted NI Availto Com Stockholders": 9273000000.0,
    "Net Income Common Stockholders": 9273000000.0,
    "Otherunder Preferred Stock Dividend": 575000000.0,
    "Net Income": 9848000000.0,
    "Minority Interests": -400000000.0,
    "Net Income Including Noncontrolling Interests": 10248000000.0,
    "Net Income Discontinuous Operations": 687000000.0,
    "Net Income Continuous Operations": 9561000000.0,
    "Tax Provision": 3653000000.0,
    "Pretax Income": 13214000000.0,
    "Special Income Charges": -52000000.0,
    "Other Special Charges": 253000000.0,
    "Write Off": 17000000.0,
    "Impairment Of Capital Assets": 20000000.0,
    "Restructuring And Mergern Acquisition": -249000000.0,
    "Gain On Sale Of Security": 11439000000.0,
    "Operating Expense": 41885000000.0,
    "Other Operating Expenses": 12702000000.0,
    "Depreciation And Amortization In Income Statement": 2284000000.0,
    "Depreciation Income Statement": 2284000000.0,
    "Selling General And Administration": 10447000000.0,
    "General And Administrative Expense": 10447000000.0,
    "Insurance And Claims": -343000000.0,
    "Rent And Landing Fees": 10365000000.0,
    "Total Revenue": 57477000000.0,
    "Operating Revenue": 57477000000.0
  },
  {
    "index": "2021-12-31",
    "Tax Effect Of Unusual Items": 350460000.0,
    "Tax Rate For Calcs": 0.295,
    "Total Unusual Items": 1188000000.0,
    "Total Unusual Items Excluding Goodwill": 1188000000.0,
    "Net Income From Continuing Operation Net Minority Interest": 8768000000.0,
    "Reconciled Depreciation": 6781000000.0,
    "Net Interest Income": 19238000000.0,
    "Interest Expense": 10280000000.0,
    "Interest Income": 29518000000.0,
    "Normalized Income": 7930460000.0,
    "Net Income From Continuing And Discontinued Operation": 9488000000.0,
    "Diluted Average Shares": 1247014704.0,
    "Basic Average Shares": 1247014704.0,
    "Diluted EPS": 7.26,
    "Basic EPS": 7.26,
    "Diluted NI Availto Com Stockholders": 9052000000.0,
    "Net Income Common Stockholders": 9052000000.0,
    "Otherunder Preferred Stock Dividend": 436000000.0,
    "Net Income": 9488000000.0,
    "Minority Interests": -392000000.0,
    "Net Income Including Noncontrolling Interests": 9880000000.0,
    "Net Income Discontinuous Operations": 720000000.0,
    "Net Income Continuous Operations": 9160000000.0,
    "Tax Provision": 3584000000.0,
    "Pretax Income": 12744000000.0,
    "Special Income Charges": 917000000.0,
    "Other Special Charges": -834000000.0,
    "Write Off": -12000000.0,
    "Impairment Of Capital Assets": 8000000.0,
    "Restructuring And Mergern Acquisition": -91000000.0,
    "Gain On Sale Of Security": 1293000000.0,
    "Operating Expense": 42067000000.0,
    "Other Operating Expenses": 3640000000.0,
    "Depreciation And Amortization In Income Statement": 2336000000.0,
    "Depreciation Income Statement": 2336000000.0,
    "Selling General And Administration": 9679000000.0,
    "General And Administrative Expense": 9679000000.0,
    "Insurance And Claims": NaN,
    "Rent And Landing Fees": 10525000000.0,
    "Total Revenue": 56355000000.0,
    "Operating Revenue": 56355000000.0
  },
  {
    "index": "2020-12-31",
    "Tax Effect Of Unusual Items": NaN,
    "Tax Rate For Calcs": NaN,
    "Total Unusual Items": NaN,
    "Total Unusual Items Excluding Goodwill": NaN,
    "Net Income From Continuing Operation Net Minority Interest": NaN,
    "Reconciled Depreciation": NaN,
    "Net Interest Income": NaN,
    "Interest Expense": NaN,
    "Interest Income": NaN,
    "Normalized Income": NaN,
    "Net Income From Continuing And Discontinued Operation": NaN,
    "Diluted Average Shares": NaN,
    "Basic Average Shares": NaN,
    "Diluted EPS": NaN,
    "Basic EPS": NaN,
    "Diluted NI Availto Com Stockholders": NaN,
    "Net Income Common Stockholders": NaN,
    "Otherunder Preferred Stock Dividend": NaN,
    "Net Income": NaN,
    "Minority Interests": NaN,
    "Net Income Including Noncontrolling Interests": NaN,
    "Net Income Discontinuous Operations": NaN,
    "Net Income Continuous Operations": NaN,
    "Tax Provision": NaN,
    "Pretax Income": NaN,
    "Special Income Charges": NaN,
    "Other Special Charges": NaN,
    "Write Off": 17000000.0,
    "Impairment Of Capital Assets": NaN,
    "Restructuring And Mergern Acquisition": NaN,
    "Gain On Sale Of Security": NaN,
    "Operating Expense": NaN,
    "Other Operating Expenses": NaN,
    "Depreciation And Amortization In Income Statement": NaN,
    "Depreciation Income Statement": NaN,
    "Selling General And Administration": 9144000000.0,
    "General And Administrative Expense": 9144000000.0,
    "Insurance And Claims": NaN,
    "Rent And Landing Fees": NaN,
    "Total Revenue": NaN,
    "Operating Revenue": NaN
  }
]