[
  {
    "index": "2024-12-31",
    "Free Cash Flow": -99512000000.0,
    "Capital Expenditure": -2136000000.0,
    "End Cash Position": 178212000000.0,
    "Beginning Cash Position": 282579000000.0,
    "Effect Of Exchange Rate Changes": -393000000.0,
    "Changes In Cash": -103974000000.0,
    "Financing Cash Flow": -6418000000.0,
    "Net Other Financing Charges": -6418000000.0,
    "Investing Cash Flow": -180000000.0,
    "Net Investment Purchase And Sale": NaN,
    "Net Business Purchase And Sale": 1956000000.0,
    "Net PPE Purchase And Sale": -2136000000.0,
    "Purchase Of PPE": -2136000000.0,
    "Capital Expenditure Reported": NaN,
    "Operating Cash Flow": -97376000000.0,
    "Taxes Refund Paid": -3133000000.0,
    "Change In Working Capital": -121525000000.0,
    "Change In Other Current Assets": -121525000000.0,
    "Other Non Cash Items": 1756000000.0,
    "Provisionand Write Offof Assets": 3044000000.0,
    "Depreciation And Amortization": 7272000000.0,
    "Depreciation": 7272000000.0,
    "Gain Loss On Investment Securities": -277000000.0,
    "Net Income From Continuing Operations": 16188000000.0
  },
  {
    "index": "2023-12-31",
    "Free Cash Flow": -36457000000.0,
    "Capital Expenditure": -2216000000.0,
    "End Cash Position": 282579000000.0,
    "Beginning Cash Position": 317698000000.0,
    "Effect Of Exchange Rate Changes": -3506000000.0,
    "Changes In Cash": -31613000000.0,
    "Financing Cash Flow": -4676000000.0,
    "Net Other Financing Charges": -4676000000.0,
    "Investing Cash Flow": 7304000000.0,
    "Net Investment Purchase And Sale": NaN,
    "Net Business Purchase And Sale": 9520000000.0,
    "Net PPE Purchase And Sale": -2216000000.0,
    "Purchase Of PPE": -2216000000.0,
    "Capital Expenditure Reported": NaN,
    "Operating Cash Flow": -34241000000.0,
    "Taxes Refund Paid": -3359000000.0,
    "Change In Working Capital": -54760000000.0,
    "Change In Other Current Assets": -54760000000.0,
    "Other Non Cash Items": 2829000000.0,
    "Provisionand Write Offof Assets": 3614000000.0,
    "Depreciation And Amortization": 6245000000.0,
    "Depreciation": 6245000000.0,
    "Gain Loss On Investment Securities": -3600000000.0,
    "Net Income From Continuing Operations": 15383000000.0
  },
  {
    "index": "2022-12-31",
    "Free Cash Flow": -55366000000.0,
    "Capital Expenditure": -2529000000.0,
    "End Cash Position": 317698000000.0,
    "Beginning Cash Position": 362418000000.0,
    "Effect Of Exchange Rate Changes": 1030000000.0,
    "Changes In Cash": -45750000000.0,
    "Financing Cash Flow": 9250000000.0,
    "Net Other Financing Charges": 9250000000.0,
    "Investing Cash Flow": -2163000000.0,
    "Net Investment Purchase And Sale": 366000000.0,
    "Net Business Purchase And Sale": 366000000.0,
    "Net PPE Purchase And Sale": -2529000000.0,
    "Purchase Of PPE": -2529000000.0,
    "Capital Expenditure Reported": NaN,
    "Operating Cash Flow": -52837000000.0,
    "Taxes Refund Paid": -1999000000.0,
    "Change In Working Capital": -86713000000.0,
    "Change In Other Current Assets": -86713000000.0,
    "Other Non Cash Items": 12479000000.0,
    "Provisionand Write Offof Assets": 3284000000.0,
    "Depreciation And Amortization": 6465000000.0,
    "Depreciation": 6465000000.0,
    "Gain Loss On Investment Securities": 265000000.0,
    "Net Income From Continuing Operations": 14037000000.0
  },
  {
    "index": "2021-12-31",
    "Free Cash Flow": 40712000000.0,
    "Capital Expenditure": -1664000000.0,
    "End Cash Position": 362418000000.0,
    "Beginning Cash Position": 306601000000.0,
    "Effect Of Exchange Rate Changes": 107000000.0,
    "Changes In Cash": 55710000000.0,
    "Financing Cash Flow": 14516000000.0,
    "Net Other Financing Charges": 14516000000.0,
    "Investing Cash Flow": -1182000000.0,
    "Net Investment Purchase And Sale": 482000000.0,
    "Net Business Purchase And Sale": 482000000.0,
    "Net PPE Purchase And Sale": -1664000000.0,
    "Purchase Of PPE": -1664000000.0,
    "Capital Expenditure Reported": NaN,
    "Operating Cash Flow": 42376000000.0,
    "Taxes Refund Paid": -2356000000.0,
    "Change In Working Capital": 4759000000.0,
    "Change In Other Current Assets": 4759000000.0,
    "Other Non Cash Items": 7800000000.0,
    "Provisionand Write Offof Assets": 13172000000.0,
    "Depreciation And Amortization": 6781000000.0,
    "Depreciation": 6781000000.0,
    "Gain Loss On Investment Securities": -923000000.0,
    "Net Income From Continuing Operations": 13637000000.0
  },
  {
    "index": "2020-12-31",
    "Free Cash Flow": NaN,
    "Capital Expenditure": NaN,
    "End Cash Position": NaN,
    "Beginning Cash Position": NaN,
    "Effect Of Exchange Rate Changes": NaN,
    "Changes In Cash": NaN,
    "Financing Cash Flow": NaN,
    "Net Other Financing Charges": NaN,
    "Investing Cash Flow": NaN,
    "Net Investment Purchase And Sale": -78000000.0,
    "Net Business Purchase And Sale": NaN,
    "Net PPE Purchase And Sale": NaN,
    "Purchase Of PPE": NaN,
    "Capital Expenditure Reported": -773000000.0,
    "Operating Cash Flow": NaN,
    "Taxes Refund Paid": NaN,
    "Change In Working Capital": NaN,
    "Change In Other Current Assets": NaN,
    "Other Non Cash Items": NaN,
    "Provisionand Write Offof Assets": NaN,
    "Depreciation And Amortization": NaN,
    "Depreciation": NaN,
    "Gain Loss On Investment Securities": NaN,
    "Net Income From Continuing Operations": NaN
  }
]