{
  "address1": "16 boulevard des Italiens",
  "city": "Paris",
  "zip": "75009",
  "country": "France",
  "phone": "33 1 40 14 45 46",
  "website": "https://group.bnpparibas",
  "industry": "Banks - Regional",
  "industryKey": "banks-regional",
  "industryDisp": "Banks - Regional",
  "sector": "Financial Services",
  "sectorKey": "financial-services",
  "sectorDisp": "Financial Services",
  "longBusinessSummary": "BNP Paribas SA provides various banking and financial products and services in Europe, the Middle East, Africa, the Americas, and the Asia Pacific. It operates through three divisions: Corporate & Institutional Banking; Commercial, Personal Banking & Services; and Investment & Protection Services. The Corporate & Institutional Banking division offers capital market, securities, investment banking, financing, risk management, cash management, and financial advisory services for corporate clients and institutional investors. Its Commercial, Personal Banking & Services division provides financing and equipment leasing services, mobility, and digital banking services, as well as current accounts, savings products, bancassurance, insurance products and services, and consumer loans. The Investment & Protection Services division provides protection, savings, investment, and real estate services to support individuals, professionals, corporate clients, and institutions. The company was formerly known as Banque Nationale de Paris and changed its name to BNP Paribas SA in May 2000. BNP Paribas SA was founded in 1822 and is headquartered in Paris, France.",
  "fullTimeEmployees": 178000,
  "companyOfficers": [
    {
      "maxAge": 1,
      "name": "Mr. Jean-Laurent  Bonnafe",
      "age": 63,
      "title": "MD, CEO & Director",
      "yearBorn": 1961,
      "fiscalYear": 2024,
      "totalPay": 3862668,
      "exercisedValue": 0,
      "unexercisedValue": 0
    },
    {
      "maxAge": 1,
      "name": "Mr. Yann  Gerardin",
      "age": 63,
      "title": "Head of Corporate & Institutional Banking and Deputy MD",
      "yearBorn": 1961,
      "fiscalYear": 2024,
      "totalPay": 3712060,
      "exercisedValue": 0,
      "unexercisedValue": 0
    },
    {
      "maxAge": 1,
      "name": "Mr. Thierry  Laborde",
      "age": 64,
      "title": "Head of Commercial, Personal Banking & Services and Deputy MD",
      "yearBorn": 1960,
      "fiscalYear": 2024,
      "totalPay": 2177076,
      "exercisedValue": 0,
      "unexercisedValue": 0
    },
    {
      "maxAge": 1,
      "name": "Mr. Hugues  Epaillard",
      "age": 58,
      "title": "Business Manager of Real Estate & Employee Representative Director",
      "yearBorn": 1966,
      "fiscalYear": 2024,
      "totalPay": 147247,
      "exercisedValue": 0,
      "unexercisedValue": 0
    },
    {
      "maxAge": 1,
      "name": "Ms. Juliette  Brisac",
      "age": 60,
      "title": "COO of Corporate Engagement Department & Director",
      "yearBorn": 1964,
      "fiscalYear": 2024,
      "totalPay": 111033,
      "exercisedValue": 0,
      "unexercisedValue": 0
    },
    {
      "maxAge": 1,
      "name": "Mr. Lars  Machenil Ph.D.",
      "age": 55,
      "title": "Group Chief Financial Officer",
      "yearBorn": 1969,
      "fiscalYear": 2024,
      "exercisedValue": 0,
      "unexercisedValue": 0
    },
    {
      "maxAge": 1,
      "name": "Mr. Philippe  Maillard",
      "title": "Chief Operating Officer",
      "fiscalYear": 2024,
      "exercisedValue": 0,
      "unexercisedValue": 0
    },
    {
      "maxAge": 1,
      "name": "Mr. Renaud Fabrice Dumora",
      "age": 58,
      "title": "Deputy COO and Head of Investment & Protection Services",
      "yearBorn": 1966,
      "fiscalYear": 2024,
      "exercisedValue": 0,
      "unexercisedValue": 0
    },
    {
      "maxAge": 1,
      "name": "Mr. Marc  Camus",
      "title": "Chief Information Officer",
      "fiscalYear": 2024,
      "exercisedValue": 0,
      "unexercisedValue": 0
    },
    {
      "maxAge": 1,
      "name": "Ms. Stephanie  Maarek",
      "title": "Head of Compliance",
      "fiscalYear": 2024,
      "exercisedValue": 0,
      "unexercisedValue": 0
    }
  ],
  "auditRisk": 1,
  "boardRisk": 4,
  "compensationRisk": 2,
  "shareHolderRightsRisk": 1,
  "overallRisk": 2,
  "governanceEpochDate": 1743465600,
  "compensationAsOfEpochDate": 1735603200,
  "executiveTeam": [],
  "maxAge": 86400,
  "priceHint": 2,
  "previousClose": 68.5,
  "open": 68.58,
  "dayLow": 68.58,
  "dayHigh": 70.68,
  "regularMarketPreviousClose": 68.5,
  "regularMarketOpen": 68.58,
  "regularMarketDayLow": 68.58,
  "regularMarketDayHigh": 70.68,
  "dividendRate": 4.79,
  "dividendYield": 6.99,
  "exDividendDate": 1747612800,
  "payoutRatio": 0.4807,
  "fiveYearAvgDividendYield": 5.26,
  "beta": 1.412,
  "trailingPE": 7.375131,
  "forwardPE": 7.0863457,
  "volume": 3565333,
  "regularMarketVolume": 3561085,
  "averageVolume": 3748379,
  "averageVolume10days": 6231628,
  "averageDailyVolume10Day": 6231628,
  "bid": 0.0,
  "ask": 0.0,
  "bidSize": 0,
  "askSize": 0,
  "marketCap": 79723634688,
  "fiftyTwoWeekLow": 54.63,
  "fiftyTwoWeekHigh": 81.58,
  "priceToSalesTrailing12Months": 1.7430503,
  "fiftyDayAverage": 73.0228,
  "twoHundredDayAverage": 64.2978,
  "trailingAnnualDividendRate": 4.79,
  "trailingAnnualDividendYield": 0.06992701,
  "currency": "EUR",
  "tradeable": false,
  "enterpriseValue": -380942516224,
  "profitMargins": 0.25554,
  "floatShares": 995815223,
  "sharesOutstanding": 1129549952,
  "heldPercentInsiders": 0.11419,
  "heldPercentInstitutions": 0.44685,
  "impliedSharesOutstanding": 1129549952,
  "bookValue": 102.702,
  "priceToBook": 0.687231,
  "lastFiscalYearEnd": 1735603200,
  "nextFiscalYearEnd": 1767139200,
  "mostRecentQuarter": 1735603200,
  "earningsQuarterlyGrowth": 1.172,
  "netIncomeToCommon": 10842999808,
  "trailingEps": 9.57,
  "forwardEps": 9.96,
  "lastSplitFactor": "2:1",
  "lastSplitDate": 1014163200,
  "enterpriseToRevenue": -8.329,
  "52WeekChange": 0.07316303,
  "SandP52WeekChange": 0.07019031,
  "lastDividendValue": 4.79,
  "lastDividendDate": 1747612800,
  "quoteType": "EQUITY",
  "currentPrice": 70.58,
  "targetHighPrice": 100.0,
  "targetLowPrice": 70.5,
  "targetMeanPrice": 87.04611,
  "targetMedianPrice": 86.72,
  "recommendationMean": 1.83333,
  "recommendationKey": "buy",
  "numberOfAnalystOpinions": 18,
  "totalCash": 1192892956672,
  "totalCashPerShare": 1056.074,
  "totalDebt": 728571969536,
  "totalRevenue": 45738000384,
  "revenuePerShare": 40.358,
  "returnOnAssets": 0.0046,
  "returnOnEquity": 0.09267,
  "grossProfits": 45738000384,
  "operatingCashflow": -97376002048,
  "earningsGrowth": 0.44,
  "revenueGrowth": 0.129,
  "grossMargins": 0.0,
  "ebitdaMargins": 0.0,
  "operatingMargins": 0.24043,
  "financialCurrency": "EUR",
  "symbol": "BNP.PA",
  "language": "en-US",
  "region": "US",
  "typeDisp": "Equity",
  "quoteSourceName": "Delayed Quote",
  "triggerable": false,
  "customPriceAlertConfidence": "LOW",
  "marketState": "PREPRE",
  "corporateActions": [],
  "regularMarketTime": 1744731320,
  "exchange": "PAR",
  "messageBoardId": "finmb_873976",
  "exchangeTimezoneName": "Europe/Paris",
  "exchangeTimezoneShortName": "CEST",
  "gmtOffSetMilliseconds": 7200000,
  "market": "fr_market",
  "esgPopulated": false,
  "shortName": "BNP PARIBAS ACT.A",
  "longName": "BNP Paribas SA",
  "hasPrePostMarketData": false,
  "firstTradeDateMilliseconds": 750931200000,
  "regularMarketChange": 2.0800018,
  "regularMarketDayRange": "68.58 - 70.68",
  "fullExchangeName": "Paris",
  "averageDailyVolume3Month": 3748379,
  "fiftyTwoWeekLowChange": 15.950001,
  "fiftyTwoWeekLowChangePercent": 0.29196414,
  "fiftyTwoWeekRange": "54.63 - 81.58",
  "fiftyTwoWeekHighChange": -11.0,
  "fiftyTwoWeekHighChangePercent": -0.13483697,
  "fiftyTwoWeekChangePercent": 7.3163033,
  "earningsTimestamp": 1745470800,
  "earningsTimestampStart": 1745470800,
  "earningsTimestampEnd": 1745470800,
  "earningsCallTimestampStart": 1745496000,
  "earningsCallTimestampEnd": 1745496000,
  "isEarningsDateEstimate": false,
  "epsTrailingTwelveMonths": 9.57,
  "epsForward": 9.96,
  "epsCurrentYear": 9.97865,
  "priceEpsCurrentYear": 7.073101,
  "fiftyDayAverageChange": -2.4427948,
  "fiftyDayAverageChangePercent": -0.033452496,
  "twoHundredDayAverageChange": 6.2822037,
  "twoHundredDayAverageChangePercent": 0.097704805,
  "sourceInterval": 15,
  "exchangeDataDelayedBy": 15,
  "averageAnalystRating": "1.8 - Buy",
  "cryptoTradeable": false,
  "regularMarketChangePercent": 3.036499,
  "regularMarketPrice": 70.58,
  "trailingPegRatio": 1.8716
}