[
  {
    "index": "2024-12-31",
    "Treasury Shares Number": 1256198.0,
    "Ordinary Shares Number": 1129554473.0,
    "Share Issued": 1130810671.0,
    "Net Debt": 69001000000.0,
    "Total Debt": 379895000000.0,
    "Tangible Book Value": 118195000000.0,
    "Invested Capital": 505184000000.0,
    "Net Tangible Assets": 118195000000.0,
    "Common Stock Equity": 128137000000.0,
    "Total Capitalization": 505184000000.0,
    "Total Equity Gross Minority Interest": 134141000000.0,
    "Minority Interest": 6004000000.0,
    "Stockholders Equity": 128137000000.0,
    "Other Equity Interest": 9621000000.0,
    "Retained Earnings": 98383000000.0,
    "Capital Stock": 20133000000.0,
    "Common Stock": 20133000000.0,
    "Total Liabilities Net Minority Interest": 2570767000000.0,
    "Derivative Product Liabilities": 328121000000.0,
    "Long Term Debt And Capital Lease Obligation": 379895000000.0,
    "Payables": 38883000000.0,
    "Other Payable": 36537000000.0,
    "Total Tax Payable": 2346000000.0,
    "Total Assets": 2704908000000.0,
    "Investments And Advances": 837958000000.0,
    "Investmentin Financial Assets": 830096000000.0,
    "Held To Maturity Securities": NaN,
    "Available For Sale Securities": 220015000000.0,
    "Financial Assets Designatedas Fair Value Through Profitor Loss Total": 10578000000.0,
    "Trading Securities": 256779000000.0,
    "Long Term Equity Investment": 7862000000.0,
    "Investmentsin Joint Venturesat Cost": NaN,
    "Investmentsin Associatesat Cost": NaN,
    "Investment Properties": 524000000.0,
    "Goodwill And Other Intangible Assets": 9942000000.0,
    "Other Intangible Assets": 4392000000.0,
    "Goodwill": 5550000000.0,
    "Net PPE": 49790000000.0,
    "Accumulated Depreciation": -22583000000.0,
    "Gross PPE": 72373000000.0,
    "Other Properties": 54257000000.0,
    "Machinery Furniture Equipment": 7067000000.0,
    "Properties": 11049000000.0,
    "Receivables": 48597000000.0,
    "Taxes Receivable": 2836000000.0,
    "Cash And Cash Equivalents": 308046000000.0,
    "Cash Financial": 182496000000.0,
    "Cash Cash Equivalents And Federal Funds Sold": 529234000000.0
  },
  {
    "index": "2023-12-31",
    "Treasury Shares Number": 0.0,
    "Ordinary Shares Number": 1147477409.0,
    "Share Issued": 1147477409.0,
    "Net Debt": NaN,
    "Total Debt": 346845000000.0,
    "Tangible Book Value": 114051000000.0,
    "Invested Capital": 467529000000.0,
    "Net Tangible Assets": 114051000000.0,
    "Common Stock Equity": 123742000000.0,
    "Total Capitalization": 467529000000.0,
    "Total Equity Gross Minority Interest": 128867000000.0,
    "Minority Interest": 5125000000.0,
    "Stockholders Equity": 123742000000.0,
    "Other Equity Interest": 10430000000.0,
    "Retained Earnings": 92110000000.0,
    "Capital Stock": 21202000000.0,
    "Common Stock": 21202000000.0,
    "Total Liabilities Net Minority Interest": 2462632000000.0,
    "Derivative Product Liabilities": 302728000000.0,
    "Long Term Debt And Capital Lease Obligation": 346845000000.0,
    "Payables": 44339000000.0,
    "Other Payable": 41614000000.0,
    "Total Tax Payable": 2725000000.0,
    "Total Assets": 2591499000000.0,
    "Investments And Advances": 703205000000.0,
    "Investmentin Financial Assets": 696454000000.0,
    "Held To Maturity Securities": NaN,
    "Available For Sale Securities": 173710000000.0,
    "Financial Assets Designatedas Fair Value Through Profitor Loss Total": 9409000000.0,
    "Trading Securities": 202225000000.0,
    "Long Term Equity Investment": 6751000000.0,
    "Investmentsin Joint Venturesat Cost": 1784000000.0,
    "Investmentsin Associatesat Cost": 4967000000.0,
    "Investment Properties": 486000000.0,
    "Goodwill And Other Intangible Assets": 9691000000.0,
    "Other Intangible Assets": 4142000000.0,
    "Goodwill": 5549000000.0,
    "Net PPE": 44736000000.0,
    "Accumulated Depreciation": -21646000000.0,
    "Gross PPE": 66382000000.0,
    "Other Properties": 48058000000.0,
    "Machinery Furniture Equipment": 7007000000.0,
    "Properties": 11317000000.0,
    "Receivables": 50798000000.0,
    "Taxes Receivable": 2942000000.0,
    "Cash And Cash Equivalents": 408219000000.0,
    "Cash Financial": 288259000000.0,
    "Cash Cash Equivalents And Federal Funds Sold": 629892000000.0
  },
  {
    "index": "2022-12-31",
    "Treasury Shares Number": 881641.0,
    "Ordinary Shares Number": 1233450005.0,
    "Share Issued": 1234331646.0,
    "Net Debt": NaN,
    "Total Debt": 293984000000.0,
    "Tangible Book Value": 112153000000.0,
    "Invested Capital": 412146000000.0,
    "Net Tangible Assets": 112153000000.0,
    "Common Stock Equity": 121237000000.0,
    "Total Capitalization": 412146000000.0,
    "Total Equity Gross Minority Interest": 126010000000.0,
    "Minority Interest": 4773000000.0,
    "Stockholders Equity": 121237000000.0,
    "Other Equity Interest": 8181000000.0,
    "Retained Earnings": 86866000000.0,
    "Capital Stock": 26190000000.0,
    "Common Stock": 26190000000.0,
    "Total Liabilities Net Minority Interest": 2537738000000.0,
    "Derivative Product Liabilities": 319921000000.0,
    "Long Term Debt And Capital Lease Obligation": 293984000000.0,
    "Payables": 46166000000.0,
    "Other Payable": 44124000000.0,
    "Total Tax Payable": 2042000000.0,
    "Total Assets": 2663748000000.0,
    "Investments And Advances": 670086000000.0,
    "Investmentin Financial Assets": 664013000000.0,
    "Held To Maturity Securities": NaN,
    "Available For Sale Securities": 152080000000.0,
    "Financial Assets Designatedas Fair Value Through Profitor Loss Total": 8939000000.0,
    "Trading Securities": 157138000000.0,
    "Long Term Equity Investment": 6073000000.0,
    "Investmentsin Joint Venturesat Cost": 1445000000.0,
    "Investmentsin Associatesat Cost": 4628000000.0,
    "Investment Properties": 529000000.0,
    "Goodwill And Other Intangible Assets": 9084000000.0,
    "Other Intangible Assets": 3790000000.0,
    "Goodwill": 5294000000.0,
    "Net PPE": 37939000000.0,
    "Accumulated Depreciation": -21880000000.0,
    "Gross PPE": 59819000000.0,
    "Other Properties": 41135000000.0,
    "Machinery Furniture Equipment": 7177000000.0,
    "Properties": 11507000000.0,
    "Receivables": 52184000000.0,
    "Taxes Receivable": 1685000000.0,
    "Cash And Cash Equivalents": 474919000000.0,
    "Cash Financial": 318560000000.0,
    "Cash Cash Equivalents And Federal Funds Sold": 662196000000.0
  },
  {
    "index": "2021-12-31",
    "Treasury Shares Number": 721971.0,
    "Ordinary Shares Number": 1233331646.0,
    "Share Issued": 1234053617.0,
    "Net Debt": NaN,
    "Total Debt": 279246000000.0,
    "Tangible Book Value": 109106000000.0,
    "Invested Capital": 393884000000.0,
    "Net Tangible Assets": 109106000000.0,
    "Common Stock Equity": 117886000000.0,
    "Total Capitalization": 393884000000.0,
    "Total Equity Gross Minority Interest": 122507000000.0,
    "Minority Interest": 4621000000.0,
    "Stockholders Equity": 117886000000.0,
    "Other Equity Interest": 9429000000.0,
    "Retained Earnings": 82110000000.0,
    "Capital Stock": 26347000000.0,
    "Common Stock": 26347000000.0,
    "Total Liabilities Net Minority Interest": 2511937000000.0,
    "Derivative Product Liabilities": 248840000000.0,
    "Long Term Debt And Capital Lease Obligation": 279246000000.0,
    "Payables": 31406000000.0,
    "Other Payable": 29619000000.0,
    "Total Tax Payable": 1787000000.0,
    "Total Assets": 2634444000000.0,
    "Investments And Advances": 600117000000.0,
    "Investmentin Financial Assets": 593589000000.0,
    "Held To Maturity Securities": NaN,
    "Available For Sale Securities": 149974000000.0,
    "Financial Assets Designatedas Fair Value Through Profitor Loss Total": 10428000000.0,
    "Trading Securities": 181079000000.0,
    "Long Term Equity Investment": 6528000000.0,
    "Investmentsin Joint Venturesat Cost": 1022000000.0,
    "Investmentsin Associatesat Cost": 5506000000.0,
    "Investment Properties": 575000000.0,
    "Goodwill And Other Intangible Assets": 8780000000.0,
    "Other Intangible Assets": 3659000000.0,
    "Goodwill": 5121000000.0,
    "Net PPE": 34508000000.0,
    "Accumulated Depreciation": -20509000000.0,
    "Gross PPE": 55017000000.0,
    "Other Properties": 35822000000.0,
    "Machinery Furniture Equipment": 7172000000.0,
    "Properties": 12023000000.0,
    "Receivables": 42739000000.0,
    "Taxes Receivable": 1862000000.0,
    "Cash And Cash Equivalents": 484267000000.0,
    "Cash Financial": 347883000000.0,
    "Cash Cash Equivalents And Federal Funds Sold": 727777000000.0
  },
  {
    "index": "2020-12-31",
    "Treasury Shares Number": NaN,
    "Ordinary Shares Number": NaN,
    "Share Issued": NaN,
    "Net Debt": NaN,
    "Total Debt": NaN,
    "Tangible Book Value": NaN,
    "Invested Capital": NaN,
    "Net Tangible Assets": NaN,
    "Common Stock Equity": NaN,
    "Total Capitalization": NaN,
    "Total Equity Gross Minority Interest": NaN,
    "Minority Interest": NaN,
    "Stockholders Equity": NaN,
    "Other Equity Interest": NaN,
    "Retained Earnings": NaN,
    "Capital Stock": NaN,
    "Common Stock": NaN,
    "Total Liabilities Net Minority Interest": NaN,
    "Derivative Product Liabilities": NaN,
    "Long Term Debt And Capital Lease Obligation": NaN,
    "Payables": NaN,
    "Other Payable": NaN,
    "Total Tax Payable": NaN,
    "Total Assets": NaN,
    "Investments And Advances": NaN,
    "Investmentin Financial Assets": NaN,
    "Held To Maturity Securities": 1443000000.0,
    "Available For Sale Securities": NaN,
    "Financial Assets Designatedas Fair Value Through Profitor Loss Total": NaN,
    "Trading Securities": NaN,
    "Long Term Equity Investment": NaN,
    "Investmentsin Joint Venturesat Cost": 832000000.0,
    "Investmentsin Associatesat Cost": 5564000000.0,
    "Investment Properties": NaN,
    "Goodwill And Other Intangible Assets": NaN,
    "Other Intangible Assets": NaN,
    "Goodwill": NaN,
    "Net PPE": NaN,
    "Accumulated Depreciation": NaN,
    "Gross PPE": NaN,
    "Other Properties": NaN,
    "Machinery Furniture Equipment": NaN,
    "Properties": NaN,
    "Receivables": NaN,
    "Taxes Receivable": NaN,
    "Cash And Cash Equivalents": NaN,
    "Cash Financial": NaN,
    "Cash Cash Equivalents And Federal Funds Sold": NaN
  }
]