[
  {
    "index": 0,
    "Date Reported": "2024-12-31",
    "Holder": "Dodge & Cox Funds-Dodge & Cox International Stock Fund",
    "pctHeld": 0.0199,
    "Shares": 22470692,
    "Value": 1585981482,
    "pctChange": 0.0
  },
  {
    "index": 1,
    "Date Reported": "2025-01-31",
    "Holder": "VANGUARD STAR FUNDS-Vanguard Total International Stock Index Fund",
    "pctHeld": 0.0124,
    "Shares": 14053563,
    "Value": 991900502,
    "pctChange": 0.006
  },
  {
    "index": 2,
    "Date Reported": "2024-12-31",
    "Holder": "HARRIS ASSOCIATES INVESTMENT TRUST-Oakmark International Fund",
    "pctHeld": 0.0084,
    "Shares": 9543206,
    "Value": 673559496,
    "pctChange": 0.0675
  },
  {
    "index": 3,
    "Date Reported": "2024-12-31",
    "Holder": "VANGUARD TAX-MANAGED FUNDS-Vanguard Developed Markets Index Fund",
    "pctHeld": 0.0077,
    "Shares": 8674069,
    "Value": 612215805,
    "pctChange": 0.012999999
  },
  {
    "index": 4,
    "Date Reported": "2025-01-31",
    "Holder": "Goldman Sachs TRT II-Goldman Sachs GQG Part. Intl Opportunities Fd.",
    "pctHeld": 0.0070999996,
    "Shares": 8077571,
    "Value": 570114975,
    "pctChange": 1.4522
  },
  {
    "index": 5,
    "Date Reported": "2024-12-31",
    "Holder": "THORNBURG INVESTMENT TRUST-Thornburg Investment Income Builder Fund",
    "pctHeld": 0.0058,
    "Shares": 6576800,
    "Value": 464190556,
    "pctChange": 0.0
  },
  {
    "index": 6,
    "Date Reported": "2025-02-28",
    "Holder": "iShares Trust-iShares Core MSCI EAFE ETF",
    "pctHeld": 0.0057,
    "Shares": 6399732,
    "Value": 451693096,
    "pctChange": 0.0
  },
  {
    "index": 7,
    "Date Reported": "2024-11-30",
    "Holder": "MFS SERIES TRUST I-MFS Research International Fund",
    "pctHeld": 0.003,
    "Shares": 3394209,
    "Value": 239563277,
    "pctChange": -0.0056
  },
  {
    "index": 8,
    "Date Reported": "2025-01-31",
    "Holder": "VANGUARD WINDSOR FUNDS-Vanguard Windsor II Fund",
    "pctHeld": 0.003,
    "Shares": 3342100,
    "Value": 235885424,
    "pctChange": 0.0
  },
  {
    "index": 9,
    "Date Reported": "2025-03-31",
    "Holder": "iShares Trust-iShares MSCI EAFE ETF",
    "pctHeld": 0.003,
    "Shares": 3383570,
    "Value": 238812376,
    "pctChange": -0.00090000004
  }
]