[
  {
    "index": "2024-12-31",
    "Preferred Shares Number": 409797847.0,
    "Ordinary Shares Number": 7610862311.0,
    "Share Issued": 7610862311.0,
    "Net Debt": 30184000000.0,
    "Total Debt": 326670000000.0,
    "Tangible Book Value": 203379000000.0,
    "Invested Capital": 599070000000.0,
    "Net Tangible Assets": 226538000000.0,
    "Common Stock Equity": 272400000000.0,
    "Preferred Stock Equity": 23159000000.0,
    "Total Capitalization": 578838000000.0,
    "Total Equity Gross Minority Interest": 295559000000.0,
    "Stockholders Equity": 295559000000.0,
    "Gains Losses Not Affecting Retained Earnings": -15285000000.0,
    "Other Equity Adjustments": -15285000000.0,
    "Retained Earnings": 242349000000.0,
    "Capital Stock": 68495000000.0,
    "Common Stock": 45336000000.0,
    "Preferred Stock": 23159000000.0,
    "Total Liabilities Net Minority Interest": 2965960000000.0,
    "Derivative Product Liabilities": 39353000000.0,
    "Long Term Debt And Capital Lease Obligation": 283279000000.0,
    "Long Term Debt": 283279000000.0,
    "Long Term Provisions": 1096000000.0,
    "Current Debt And Capital Lease Obligation": 43391000000.0,
    "Current Debt": 43391000000.0,
    "Other Current Borrowings": 43391000000.0,
    "Payables And Accrued Expenses": NaN,
    "Current Accrued Expenses": NaN,
    "Total Assets": 3261519000000.0,
    "Investments And Advances": 1061416000000.0,
    "Held To Maturity Securities": 558677000000.0,
    "Available For Sale Securities": 12175000000.0,
    "Trading Securities": 144132000000.0,
    "Goodwill And Other Intangible Assets": 69021000000.0,
    "Goodwill": 69021000000.0,
    "Net PPE": 12168000000.0,
    "Receivables": 97919000000.0,
    "Other Receivables": 15672000000.0,
    "Accounts Receivable": 82247000000.0,
    "Other Short Term Investments": 346432000000.0,
    "Cash And Cash Equivalents": 296486000000.0,
    "Cash Financial": 26003000000.0,
    "Cash Cash Equivalents And Federal Funds Sold": 571195000000.0
  },
  {
    "index": "2023-12-31",
    "Preferred Shares Number": 409797858.0,
    "Ordinary Shares Number": 7895457665.0,
    "Share Issued": 7895457665.0,
    "Net Debt": NaN,
    "Total Debt": 334302000000.0,
    "Tangible Book Value": 194228000000.0,
    "Invested Capital": 597551000000.0,
    "Net Tangible Assets": 222625000000.0,
    "Common Stock Equity": 263249000000.0,
    "Preferred Stock Equity": 28397000000.0,
    "Total Capitalization": 593850000000.0,
    "Total Equity Gross Minority Interest": 291646000000.0,
    "Stockholders Equity": 291646000000.0,
    "Gains Losses Not Affecting Retained Earnings": -17788000000.0,
    "Other Equity Adjustments": -17788000000.0,
    "Retained Earnings": 224672000000.0,
    "Capital Stock": 84762000000.0,
    "Common Stock": 56365000000.0,
    "Preferred Stock": 28397000000.0,
    "Total Liabilities Net Minority Interest": 2888505000000.0,
    "Derivative Product Liabilities": 43432000000.0,
    "Long Term Debt And Capital Lease Obligation": 302204000000.0,
    "Long Term Debt": 302204000000.0,
    "Long Term Provisions": 1209000000.0,
    "Current Debt And Capital Lease Obligation": 32098000000.0,
    "Current Debt": 32098000000.0,
    "Other Current Borrowings": 32098000000.0,
    "Payables And Accrued Expenses": NaN,
    "Current Accrued Expenses": NaN,
    "Total Assets": 3180151000000.0,
    "Investments And Advances": 1017946000000.0,
    "Held To Maturity Securities": 594555000000.0,
    "Available For Sale Securities": 10203000000.0,
    "Trading Securities": 146539000000.0,
    "Goodwill And Other Intangible Assets": 69021000000.0,
    "Goodwill": 69021000000.0,
    "Net PPE": 11855000000.0,
    "Receivables": 96697000000.0,
    "Other Receivables": 14816000000.0,
    "Accounts Receivable": 81881000000.0,
    "Other Short Term Investments": 266649000000.0,
    "Cash And Cash Equivalents": 341419000000.0,
    "Cash Financial": 27892000000.0,
    "Cash Cash Equivalents And Federal Funds Sold": 622043000000.0
  },
  {
    "index": "2022-12-31",
    "Preferred Shares Number": 406711800.0,
    "Ordinary Shares Number": 7996777943.0,
    "Share Issued": 7996777943.0,
    "Net Debt": 65452000000.0,
    "Total Debt": 302914000000.0,
    "Tangible Book Value": 175778000000.0,
    "Invested Capital": 547714000000.0,
    "Net Tangible Assets": 204175000000.0,
    "Common Stock Equity": 244800000000.0,
    "Preferred Stock Equity": 28397000000.0,
    "Total Capitalization": 549179000000.0,
    "Total Equity Gross Minority Interest": 273197000000.0,
    "Stockholders Equity": 273197000000.0,
    "Gains Losses Not Affecting Retained Earnings": -21156000000.0,
    "Other Equity Adjustments": -21156000000.0,
    "Retained Earnings": 207003000000.0,
    "Capital Stock": 87350000000.0,
    "Common Stock": 58953000000.0,
    "Preferred Stock": 28397000000.0,
    "Total Liabilities Net Minority Interest": 2778178000000.0,
    "Derivative Product Liabilities": 44816000000.0,
    "Long Term Debt And Capital Lease Obligation": 275982000000.0,
    "Long Term Debt": 275982000000.0,
    "Long Term Provisions": 1540000000.0,
    "Current Debt And Capital Lease Obligation": 26932000000.0,
    "Current Debt": 26932000000.0,
    "Other Current Borrowings": 26932000000.0,
    "Payables And Accrued Expenses": 222533000000.0,
    "Current Accrued Expenses": 222533000000.0,
    "Total Assets": 3051375000000.0,
    "Investments And Advances": 1043422000000.0,
    "Held To Maturity Securities": 632825000000.0,
    "Available For Sale Securities": 9206000000.0,
    "Trading Securities": 180603000000.0,
    "Goodwill And Other Intangible Assets": 69022000000.0,
    "Goodwill": 69022000000.0,
    "Net PPE": 11510000000.0,
    "Receivables": 81135000000.0,
    "Other Receivables": 13592000000.0,
    "Accounts Receivable": 67543000000.0,
    "Other Short Term Investments": 220788000000.0,
    "Cash And Cash Equivalents": 237462000000.0,
    "Cash Financial": 30334000000.0,
    "Cash Cash Equivalents And Federal Funds Sold": 505036000000.0
  },
  {
    "index": "2021-12-31",
    "Preferred Shares Number": NaN,
    "Ordinary Shares Number": 8077831463.0,
    "Share Issued": 8077831463.0,
    "Net Debt": NaN,
    "Total Debt": 303870000000.0,
    "Tangible Book Value": 176336000000.0,
    "Invested Capital": 549228000000.0,
    "Net Tangible Assets": 201044000000.0,
    "Common Stock Equity": 245358000000.0,
    "Preferred Stock Equity": 24708000000.0,
    "Total Capitalization": 550183000000.0,
    "Total Equity Gross Minority Interest": 270066000000.0,
    "Stockholders Equity": 270066000000.0,
    "Gains Losses Not Affecting Retained Earnings": -5104000000.0,
    "Other Equity Adjustments": -5104000000.0,
    "Retained Earnings": 188064000000.0,
    "Capital Stock": 87106000000.0,
    "Common Stock": 62398000000.0,
    "Preferred Stock": 24708000000.0,
    "Total Liabilities Net Minority Interest": 2899429000000.0,
    "Derivative Product Liabilities": 37675000000.0,
    "Long Term Debt And Capital Lease Obligation": 280117000000.0,
    "Long Term Debt": 280117000000.0,
    "Long Term Provisions": 1456000000.0,
    "Current Debt And Capital Lease Obligation": 23753000000.0,
    "Current Debt": 23753000000.0,
    "Other Current Borrowings": 23753000000.0,
    "Payables And Accrued Expenses": 198963000000.0,
    "Current Accrued Expenses": 198963000000.0,
    "Total Assets": 3169495000000.0,
    "Investments And Advances": 1126273000000.0,
    "Held To Maturity Securities": 674554000000.0,
    "Available For Sale Securities": 8895000000.0,
    "Trading Securities": 143646000000.0,
    "Goodwill And Other Intangible Assets": 69022000000.0,
    "Goodwill": 69022000000.0,
    "Net PPE": 10833000000.0,
    "Receivables": 87020000000.0,
    "Other Receivables": 14757000000.0,
    "Accounts Receivable": 72263000000.0,
    "Other Short Term Investments": 299178000000.0,
    "Cash And Cash Equivalents": 355365000000.0,
    "Cash Financial": 29222000000.0,
    "Cash Cash Equivalents And Federal Funds Sold": 606085000000.0
  },
  {
    "index": "2020-12-31",
    "Preferred Shares Number": 250320600.0,
    "Ordinary Shares Number": NaN,
    "Share Issued": NaN,
    "Net Debt": NaN,
    "Total Debt": NaN,
    "Tangible Book Value": NaN,
    "Invested Capital": NaN,
    "Net Tangible Assets": NaN,
    "Common Stock Equity": NaN,
    "Preferred Stock Equity": NaN,
    "Total Capitalization": NaN,
    "Total Equity Gross Minority Interest": NaN,
    "Stockholders Equity": NaN,
    "Gains Losses Not Affecting Retained Earnings": NaN,
    "Other Equity Adjustments": NaN,
    "Retained Earnings": NaN,
    "Capital Stock": NaN,
    "Common Stock": NaN,
    "Preferred Stock": NaN,
    "Total Liabilities Net Minority Interest": NaN,
    "Derivative Product Liabilities": NaN,
    "Long Term Debt And Capital Lease Obligation": NaN,
    "Long Term Debt": NaN,
    "Long Term Provisions": NaN,
    "Current Debt And Capital Lease Obligation": NaN,
    "Current Debt": NaN,
    "Other Current Borrowings": NaN,
    "Payables And Accrued Expenses": 179921000000.0,
    "Current Accrued Expenses": 179921000000.0,
    "Total Assets": NaN,
    "Investments And Advances": NaN,
    "Held To Maturity Securities": NaN,
    "Available For Sale Securities": NaN,
    "Trading Securities": NaN,
    "Goodwill And Other Intangible Assets": NaN,
    "Goodwill": NaN,
    "Net PPE": NaN,
    "Receivables": NaN,
    "Other Receivables": NaN,
    "Accounts Receivable": NaN,
    "Other Short Term Investments": NaN,
    "Cash And Cash Equivalents": NaN,
    "Cash Financial": NaN,
    "Cash Cash Equivalents And Federal Funds Sold": NaN
  }
]