[
  {
    "index": "2024-12-31",
    "Tax Effect Of Unusual Items": 0.0,
    "Tax Rate For Calcs": 0.073,
    "Total Unusual Items": NaN,
    "Total Unusual Items Excluding Goodwill": NaN,
    "Net Income From Continuing Operation Net Minority Interest": 27132000000.0,
    "Reconciled Depreciation": 2189000000.0,
    "Net Interest Income": 56060000000.0,
    "Interest Expense": 90547000000.0,
    "Interest Income": 146607000000.0,
    "Normalized Income": 27132000000.0,
    "Net Income From Continuing And Discontinued Operation": 27132000000.0,
    "Diluted Average Shares": 7935800000.0,
    "Basic Average Shares": 7855500000.0,
    "Diluted EPS": 3.21,
    "Basic EPS": 3.25,
    "Diluted NI Availto Com Stockholders": 25503000000.0,
    "Net Income Common Stockholders": 25503000000.0,
    "Otherunder Preferred Stock Dividend": NaN,
    "Preferred Stock Dividends": 1629000000.0,
    "Net Income": 27132000000.0,
    "Net Income Including Noncontrolling Interests": 27132000000.0,
    "Net Income Continuous Operations": 27132000000.0,
    "Tax Provision": 2122000000.0,
    "Pretax Income": 29254000000.0,
    "Special Income Charges": NaN,
    "Other Special Charges": NaN,
    "Gain On Sale Of Security": 0.0,
    "Selling General And Administration": 49623000000.0,
    "Selling And Marketing Expense": 5450000000.0,
    "General And Administrative Expense": 44173000000.0,
    "Other Gand A": 3991000000.0,
    "Salaries And Wages": 40182000000.0,
    "Total Revenue": 101887000000.0,
    "Operating Revenue": 101887000000.0,
    "Occupancy And Equipment": 7289000000.0,
    "Professional Expense And Contract Services Expense": 2669000000.0,
    "Other Non Interest Expense": 7231000000.0
  },
  {
    "index": "2023-12-31",
    "Tax Effect Of Unusual Items": -134400000.0,
    "Tax Rate For Calcs": 0.064,
    "Total Unusual Items": -2100000000.0,
    "Total Unusual Items Excluding Goodwill": -2100000000.0,
    "Net Income From Continuing Operation Net Minority Interest": 26515000000.0,
    "Reconciled Depreciation": 2057000000.0,
    "Net Interest Income": 56931000000.0,
    "Interest Expense": 73331000000.0,
    "Interest Income": 130262000000.0,
    "Normalized Income": 28480600000.0,
    "Net Income From Continuing And Discontinued Operation": 26515000000.0,
    "Diluted Average Shares": 8080500000.0,
    "Basic Average Shares": 8028600000.0,
    "Diluted EPS": 3.08,
    "Basic EPS": 3.1,
    "Diluted NI Availto Com Stockholders": 24866000000.0,
    "Net Income Common Stockholders": 24866000000.0,
    "Otherunder Preferred Stock Dividend": NaN,
    "Preferred Stock Dividends": 1649000000.0,
    "Net Income": 26515000000.0,
    "Net Income Including Noncontrolling Interests": 26515000000.0,
    "Net Income Continuous Operations": 26515000000.0,
    "Tax Provision": 1827000000.0,
    "Pretax Income": 28342000000.0,
    "Special Income Charges": -2100000000.0,
    "Other Special Charges": 2100000000.0,
    "Gain On Sale Of Security": 0.0,
    "Selling General And Administration": 47715000000.0,
    "Selling And Marketing Expense": 5535000000.0,
    "General And Administrative Expense": 42180000000.0,
    "Other Gand A": 3850000000.0,
    "Salaries And Wages": 38330000000.0,
    "Total Revenue": 98581000000.0,
    "Operating Revenue": 98581000000.0,
    "Occupancy And Equipment": 7164000000.0,
    "Professional Expense And Contract Services Expense": 2159000000.0,
    "Other Non Interest Expense": 6707000000.0
  },
  {
    "index": "2022-12-31",
    "Tax Effect Of Unusual Items": 0.0,
    "Tax Rate For Calcs": 0.111,
    "Total Unusual Items": NaN,
    "Total Unusual Items Excluding Goodwill": NaN,
    "Net Income From Continuing Operation Net Minority Interest": 27528000000.0,
    "Reconciled Depreciation": 1978000000.0,
    "Net Interest Income": 52462000000.0,
    "Interest Expense": 20103000000.0,
    "Interest Income": 72565000000.0,
    "Normalized Income": 27528000000.0,
    "Net Income From Continuing And Discontinued Operation": 27528000000.0,
    "Diluted Average Shares": 8167500000.0,
    "Basic Average Shares": 8113700000.0,
    "Diluted EPS": 3.19,
    "Basic EPS": 3.21,
    "Diluted NI Availto Com Stockholders": 26015000000.0,
    "Net Income Common Stockholders": 26015000000.0,
    "Otherunder Preferred Stock Dividend": 1513000000.0,
    "Preferred Stock Dividends": 1513000000.0,
    "Net Income": 27528000000.0,
    "Net Income Including Noncontrolling Interests": 27528000000.0,
    "Net Income Continuous Operations": 27528000000.0,
    "Tax Provision": 3441000000.0,
    "Pretax Income": 30969000000.0,
    "Special Income Charges": NaN,
    "Other Special Charges": NaN,
    "Gain On Sale Of Security": 0.0,
    "Selling General And Administration": 45946000000.0,
    "Selling And Marketing Expense": 5478000000.0,
    "General And Administrative Expense": 40468000000.0,
    "Other Gand A": 4021000000.0,
    "Salaries And Wages": 36447000000.0,
    "Total Revenue": 94950000000.0,
    "Operating Revenue": 94950000000.0,
    "Occupancy And Equipment": 7071000000.0,
    "Professional Expense And Contract Services Expense": 2142000000.0,
    "Other Non Interest Expense": 6279000000.0
  },
  {
    "index": "2021-12-31",
    "Tax Effect Of Unusual Items": 0.0,
    "Tax Rate For Calcs": 0.058806,
    "Total Unusual Items": NaN,
    "Total Unusual Items Excluding Goodwill": NaN,
    "Net Income From Continuing Operation Net Minority Interest": 31978000000.0,
    "Reconciled Depreciation": 1898000000.0,
    "Net Interest Income": 42934000000.0,
    "Interest Expense": 4738000000.0,
    "Interest Income": 47672000000.0,
    "Normalized Income": 31978000000.0,
    "Net Income From Continuing And Discontinued Operation": 31978000000.0,
    "Diluted Average Shares": 8558400000.0,
    "Basic Average Shares": 8493300000.0,
    "Diluted EPS": 3.57,
    "Basic EPS": 3.6,
    "Diluted NI Availto Com Stockholders": 30557000000.0,
    "Net Income Common Stockholders": 30557000000.0,
    "Otherunder Preferred Stock Dividend": 1421000000.0,
    "Preferred Stock Dividends": 1421000000.0,
    "Net Income": 31978000000.0,
    "Net Income Including Noncontrolling Interests": 31978000000.0,
    "Net Income Continuous Operations": 31978000000.0,
    "Tax Provision": 1998000000.0,
    "Pretax Income": 33976000000.0,
    "Special Income Charges": NaN,
    "Other Special Charges": NaN,
    "Gain On Sale Of Security": 0.0,
    "Selling General And Administration": 45049000000.0,
    "Selling And Marketing Expense": 5820000000.0,
    "General And Administrative Expense": 39229000000.0,
    "Other Gand A": 3089000000.0,
    "Salaries And Wages": 36140000000.0,
    "Total Revenue": 89113000000.0,
    "Operating Revenue": 89113000000.0,
    "Occupancy And Equipment": 7138000000.0,
    "Professional Expense And Contract Services Expense": 1775000000.0,
    "Other Non Interest Expense": 5769000000.0
  },
  {
    "index": "2020-12-31",
    "Tax Effect Of Unusual Items": NaN,
    "Tax Rate For Calcs": NaN,
    "Total Unusual Items": NaN,
    "Total Unusual Items Excluding Goodwill": NaN,
    "Net Income From Continuing Operation Net Minority Interest": NaN,
    "Reconciled Depreciation": NaN,
    "Net Interest Income": NaN,
    "Interest Expense": NaN,
    "Interest Income": NaN,
    "Normalized Income": NaN,
    "Net Income From Continuing And Discontinued Operation": NaN,
    "Diluted Average Shares": NaN,
    "Basic Average Shares": NaN,
    "Diluted EPS": NaN,
    "Basic EPS": NaN,
    "Diluted NI Availto Com Stockholders": NaN,
    "Net Income Common Stockholders": NaN,
    "Otherunder Preferred Stock Dividend": 1421000000.0,
    "Preferred Stock Dividends": NaN,
    "Net Income": NaN,
    "Net Income Including Noncontrolling Interests": NaN,
    "Net Income Continuous Operations": NaN,
    "Tax Provision": NaN,
    "Pretax Income": NaN,
    "Special Income Charges": NaN,
    "Other Special Charges": NaN,
    "Gain On Sale Of Security": NaN,
    "Selling General And Administration": NaN,
    "Selling And Marketing Expense": NaN,
    "General And Administrative Expense": NaN,
    "Other Gand A": NaN,
    "Salaries And Wages": NaN,
    "Total Revenue": NaN,
    "Operating Revenue": NaN,
    "Occupancy And Equipment": NaN,
    "Professional Expense And Contract Services Expense": NaN,
    "Other Non Interest Expense": NaN
  }
]