[
  {
    "index": "2024-12-31",
    "Free Cash Flow": -8805000000.0,
    "Repurchase Of Capital Stock": -18358000000.0,
    "Repayment Of Debt": -70411000000.0,
    "Issuance Of Debt": 56683000000.0,
    "Issuance Of Capital Stock": 0.0,
    "Interest Paid Supplemental Data": 89687000000.0,
    "Income Tax Paid Supplemental Data": 3822000000.0,
    "End Cash Position": 290114000000.0,
    "Beginning Cash Position": 333073000000.0,
    "Effect Of Exchange Rate Changes": -3830000000.0,
    "Changes In Cash": -39129000000.0,
    "Financing Cash Flow": 60369000000.0,
    "Cash Flow From Continuing Financing Activities": 60369000000.0,
    "Net Other Financing Charges": -127000000.0,
    "Cash Dividends Paid": -9503000000.0,
    "Net Preferred Stock Issuance": -5254000000.0,
    "Preferred Stock Payments": -5254000000.0,
    "Preferred Stock Issuance": 0.0,
    "Net Common Stock Issuance": -13104000000.0,
    "Common Stock Payments": -13104000000.0,
    "Net Issuance Payments Of Debt": -1154000000.0,
    "Net Short Term Debt Issuance": 12574000000.0,
    "Net Long Term Debt Issuance": -13728000000.0,
    "Long Term Debt Payments": -70411000000.0,
    "Long Term Debt Issuance": 56683000000.0,
    "Investing Cash Flow": -90693000000.0,
    "Cash Flow From Continuing Investing Activities": -90693000000.0,
    "Net Other Investing Changes": -4145000000.0,
    "Net Investment Purchase And Sale": -48456000000.0,
    "Sale Of Investment": 342455000000.0,
    "Purchase Of Investment": -390911000000.0,
    "Operating Cash Flow": -8805000000.0,
    "Cash Flow From Continuing Operating Activities": -8805000000.0,
    "Change In Working Capital": -48546000000.0,
    "Change In Other Working Capital": -45504000000.0,
    "Change In Other Current Assets": -4492000000.0,
    "Change In Payables And Accrued Expense": 1450000000.0,
    "Change In Accrued Expense": 1450000000.0,
    "Other Non Cash Items": 3201000000.0,
    "Stock Based Compensation": 3433000000.0,
    "Asset Impairment Charge": NaN,
    "Deferred Tax": -1734000000.0,
    "Deferred Income Tax": -1734000000.0,
    "Depreciation Amortization Depletion": 2189000000.0,
    "Depreciation And Amortization": 2189000000.0,
    "Operating Gains Losses": 29000000.0,
    "Gain Loss On Investment Securities": 29000000.0,
    "Net Income From Continuing Operations": 27132000000.0
  },
  {
    "index": "2023-12-31",
    "Free Cash Flow": 44982000000.0,
    "Repurchase Of Capital Stock": -4576000000.0,
    "Repayment Of Debt": -44571000000.0,
    "Issuance Of Debt": 65396000000.0,
    "Issuance Of Capital Stock": 0.0,
    "Interest Paid Supplemental Data": 69604000000.0,
    "Income Tax Paid Supplemental Data": 3405000000.0,
    "End Cash Position": 333073000000.0,
    "Beginning Cash Position": 230203000000.0,
    "Effect Of Exchange Rate Changes": -70000000.0,
    "Changes In Cash": 102940000000.0,
    "Financing Cash Flow": 93345000000.0,
    "Cash Flow From Continuing Financing Activities": 93345000000.0,
    "Net Other Financing Charges": -717000000.0,
    "Cash Dividends Paid": -9087000000.0,
    "Net Preferred Stock Issuance": 0.0,
    "Preferred Stock Payments": 0.0,
    "Preferred Stock Issuance": 0.0,
    "Net Common Stock Issuance": -4576000000.0,
    "Common Stock Payments": -4576000000.0,
    "Net Issuance Payments Of Debt": 25987000000.0,
    "Net Short Term Debt Issuance": 5162000000.0,
    "Net Long Term Debt Issuance": 20825000000.0,
    "Long Term Debt Payments": -44571000000.0,
    "Long Term Debt Issuance": 65396000000.0,
    "Investing Cash Flow": -35387000000.0,
    "Cash Flow From Continuing Investing Activities": -35387000000.0,
    "Net Other Investing Changes": -5258000000.0,
    "Net Investment Purchase And Sale": -4238000000.0,
    "Sale Of Investment": 286819000000.0,
    "Purchase Of Investment": -291057000000.0,
    "Operating Cash Flow": 44982000000.0,
    "Cash Flow From Continuing Operating Activities": 44982000000.0,
    "Change In Working Capital": 2728000000.0,
    "Change In Other Working Capital": 44391000000.0,
    "Change In Other Current Assets": -23944000000.0,
    "Change In Payables And Accrued Expense": -17719000000.0,
    "Change In Accrued Expense": -17719000000.0,
    "Other Non Cash Items": 8349000000.0,
    "Stock Based Compensation": 2942000000.0,
    "Asset Impairment Charge": NaN,
    "Deferred Tax": -2011000000.0,
    "Deferred Income Tax": -2011000000.0,
    "Depreciation Amortization Depletion": 2057000000.0,
    "Depreciation And Amortization": 2057000000.0,
    "Operating Gains Losses": 405000000.0,
    "Gain Loss On Investment Securities": 405000000.0,
    "Net Income From Continuing Operations": 26515000000.0
  },
  {
    "index": "2022-12-31",
    "Free Cash Flow": -6327000000.0,
    "Repurchase Of Capital Stock": -5727000000.0,
    "Repayment Of Debt": -34055000000.0,
    "Issuance Of Debt": 65910000000.0,
    "Issuance Of Capital Stock": 4426000000.0,
    "Interest Paid Supplemental Data": 18526000000.0,
    "Income Tax Paid Supplemental Data": 2288000000.0,
    "End Cash Position": 230203000000.0,
    "Beginning Cash Position": 348221000000.0,
    "Effect Of Exchange Rate Changes": -3123000000.0,
    "Changes In Cash": -114895000000.0,
    "Financing Cash Flow": -106039000000.0,
    "Cash Flow From Continuing Financing Activities": -106039000000.0,
    "Net Other Financing Charges": -312000000.0,
    "Cash Dividends Paid": -8576000000.0,
    "Net Preferred Stock Issuance": 3772000000.0,
    "Preferred Stock Payments": -654000000.0,
    "Preferred Stock Issuance": 4426000000.0,
    "Net Common Stock Issuance": -5073000000.0,
    "Common Stock Payments": -5073000000.0,
    "Net Issuance Payments Of Debt": 35034000000.0,
    "Net Short Term Debt Issuance": 3179000000.0,
    "Net Long Term Debt Issuance": 31855000000.0,
    "Long Term Debt Payments": -34055000000.0,
    "Long Term Debt Issuance": 65910000000.0,
    "Investing Cash Flow": -2529000000.0,
    "Cash Flow From Continuing Investing Activities": -2529000000.0,
    "Net Other Investing Changes": -4612000000.0,
    "Net Investment Purchase And Sale": 84103000000.0,
    "Sale Of Investment": 243161000000.0,
    "Purchase Of Investment": -159058000000.0,
    "Operating Cash Flow": -6327000000.0,
    "Cash Flow From Continuing Operating Activities": -6327000000.0,
    "Change In Working Capital": -51944000000.0,
    "Change In Other Working Capital": -95772000000.0,
    "Change In Other Current Assets": 20799000000.0,
    "Change In Payables And Accrued Expense": 23029000000.0,
    "Change In Accrued Expense": 23029000000.0,
    "Other Non Cash Items": 7927000000.0,
    "Stock Based Compensation": 2862000000.0,
    "Asset Impairment Charge": NaN,
    "Deferred Tax": 739000000.0,
    "Deferred Income Tax": 739000000.0,
    "Depreciation Amortization Depletion": 1978000000.0,
    "Depreciation And Amortization": 1978000000.0,
    "Operating Gains Losses": -32000000.0,
    "Gain Loss On Investment Securities": -32000000.0,
    "Net Income From Continuing Operations": 27528000000.0
  },
  {
    "index": "2021-12-31",
    "Free Cash Flow": -7193000000.0,
    "Repurchase Of Capital Stock": -27097000000.0,
    "Repayment Of Debt": -46826000000.0,
    "Issuance Of Debt": 76675000000.0,
    "Issuance Of Capital Stock": 2169000000.0,
    "Interest Paid Supplemental Data": 4506000000.0,
    "Income Tax Paid Supplemental Data": 2760000000.0,
    "End Cash Position": 348221000000.0,
    "Beginning Cash Position": 380463000000.0,
    "Effect Of Exchange Rate Changes": -3408000000.0,
    "Changes In Cash": -28834000000.0,
    "Financing Cash Flow": 291650000000.0,
    "Cash Flow From Continuing Financing Activities": 291650000000.0,
    "Net Other Financing Charges": -620000000.0,
    "Cash Dividends Paid": -8055000000.0,
    "Net Preferred Stock Issuance": 198000000.0,
    "Preferred Stock Payments": -1971000000.0,
    "Preferred Stock Issuance": 2169000000.0,
    "Net Common Stock Issuance": -25126000000.0,
    "Common Stock Payments": -25126000000.0,
    "Net Issuance Payments Of Debt": 34281000000.0,
    "Net Short Term Debt Issuance": 4432000000.0,
    "Net Long Term Debt Issuance": 29849000000.0,
    "Long Term Debt Payments": -46826000000.0,
    "Long Term Debt Issuance": 76675000000.0,
    "Investing Cash Flow": -313291000000.0,
    "Cash Flow From Continuing Investing Activities": -313291000000.0,
    "Net Other Investing Changes": -3479000000.0,
    "Net Investment Purchase And Sale": -309745000000.0,
    "Sale Of Investment": 291389000000.0,
    "Purchase Of Investment": -601134000000.0,
    "Operating Cash Flow": -7193000000.0,
    "Cash Flow From Continuing Operating Activities": -7193000000.0,
    "Change In Working Capital": -39920000000.0,
    "Change In Other Working Capital": -22104000000.0,
    "Change In Other Current Assets": -34455000000.0,
    "Change In Payables And Accrued Expense": 16639000000.0,
    "Change In Accrued Expense": 16639000000.0,
    "Other Non Cash Items": -4300000000.0,
    "Stock Based Compensation": 2768000000.0,
    "Asset Impairment Charge": 0.0,
    "Deferred Tax": -838000000.0,
    "Deferred Income Tax": -838000000.0,
    "Depreciation Amortization Depletion": 1898000000.0,
    "Depreciation And Amortization": 1898000000.0,
    "Operating Gains Losses": -22000000.0,
    "Gain Loss On Investment Securities": -22000000.0,
    "Net Income From Continuing Operations": 31978000000.0
  },
  {
    "index": "2020-12-31",
    "Free Cash Flow": NaN,
    "Repurchase Of Capital Stock": NaN,
    "Repayment Of Debt": NaN,
    "Issuance Of Debt": NaN,
    "Issuance Of Capital Stock": NaN,
    "Interest Paid Supplemental Data": NaN,
    "Income Tax Paid Supplemental Data": NaN,
    "End Cash Position": NaN,
    "Beginning Cash Position": NaN,
    "Effect Of Exchange Rate Changes": NaN,
    "Changes In Cash": NaN,
    "Financing Cash Flow": NaN,
    "Cash Flow From Continuing Financing Activities": NaN,
    "Net Other Financing Charges": NaN,
    "Cash Dividends Paid": NaN,
    "Net Preferred Stock Issuance": NaN,
    "Preferred Stock Payments": NaN,
    "Preferred Stock Issuance": NaN,
    "Net Common Stock Issuance": NaN,
    "Common Stock Payments": NaN,
    "Net Issuance Payments Of Debt": NaN,
    "Net Short Term Debt Issuance": NaN,
    "Net Long Term Debt Issuance": NaN,
    "Long Term Debt Payments": NaN,
    "Long Term Debt Issuance": NaN,
    "Investing Cash Flow": NaN,
    "Cash Flow From Continuing Investing Activities": NaN,
    "Net Other Investing Changes": NaN,
    "Net Investment Purchase And Sale": NaN,
    "Sale Of Investment": NaN,
    "Purchase Of Investment": NaN,
    "Operating Cash Flow": NaN,
    "Cash Flow From Continuing Operating Activities": NaN,
    "Change In Working Capital": NaN,
    "Change In Other Working Capital": NaN,
    "Change In Other Current Assets": NaN,
    "Change In Payables And Accrued Expense": NaN,
    "Change In Accrued Expense": NaN,
    "Other Non Cash Items": NaN,
    "Stock Based Compensation": NaN,
    "Asset Impairment Charge": 0.0,
    "Deferred Tax": NaN,
    "Deferred Income Tax": NaN,
    "Depreciation Amortization Depletion": NaN,
    "Depreciation And Amortization": NaN,
    "Operating Gains Losses": NaN,
    "Gain Loss On Investment Securities": NaN,
    "Net Income From Continuing Operations": NaN
  }
]