[
  {
    "Earnings Date": "2026-01-14",
    "EPS Estimate": NaN,
    "Reported EPS": NaN,
    "Surprise(%)": NaN
  },
  {
    "Earnings Date": "2025-10-15",
    "EPS Estimate": NaN,
    "Reported EPS": NaN,
    "Surprise(%)": NaN
  },
  {
    "Earnings Date": "2025-07-16",
    "EPS Estimate": NaN,
    "Reported EPS": NaN,
    "Surprise(%)": NaN
  },
  {
    "Earnings Date": "2025-04-15",
    "EPS Estimate": NaN,
    "Reported EPS": NaN,
    "Surprise(%)": NaN
  },
  {
    "Earnings Date": "2025-01-16",
    "EPS Estimate": 0.77,
    "Reported EPS": 0.82,
    "Surprise(%)": 6.46
  },
  {
    "Earnings Date": "2024-10-15",
    "EPS Estimate": 0.77,
    "Reported EPS": 0.81,
    "Surprise(%)": 5.53
  },
  {
    "Earnings Date": "2024-07-16",
    "EPS Estimate": 0.8,
    "Reported EPS": 0.83,
    "Surprise(%)": 4.18
  },
  {
    "Earnings Date": "2024-04-16",
    "EPS Estimate": 0.76,
    "Reported EPS": 0.83,
    "Surprise(%)": 9.7
  },
  {
    "Earnings Date": "2024-01-12",
    "EPS Estimate": 0.68,
    "Reported EPS": 0.7,
    "Surprise(%)": 2.62
  },
  {
    "Earnings Date": "2023-10-17",
    "EPS Estimate": 0.82,
    "Reported EPS": 0.9,
    "Surprise(%)": 10.0
  },
  {
    "Earnings Date": "2023-07-18",
    "EPS Estimate": 0.84,
    "Reported EPS": 0.88,
    "Surprise(%)": 4.64
  },
  {
    "Earnings Date": "2023-04-18",
    "EPS Estimate": 0.82,
    "Reported EPS": 0.94,
    "Surprise(%)": 15.12
  }
]