[
  {
    "index": 0,
    "Shares": 17891,
    "URL": "",
    "Text": "",
    "Insider": "MOYNIHAN BRIAN T",
    "Position": "Chief Executive Officer",
    "Transaction": "",
    "Start Date": "2025-03-14",
    "Ownership": "D",
    "Value": NaN
  },
  {
    "index": 1,
    "Shares": 30000,
    "URL": "",
    "Text": "Stock Gift at price 0.00 per share.",
    "Insider": "BORTHWICK ALASTAIR M.",
    "Position": "Chief Financial Officer",
    "Transaction": "",
    "Start Date": "2025-02-28",
    "Ownership": "D",
    "Value": 0.0
  },
  {
    "index": 2,
    "Shares": 81082,
    "URL": "",
    "Text": "",
    "Insider": "NGUYEN THONG M",
    "Position": "Officer",
    "Transaction": "",
    "Start Date": "2025-02-28",
    "Ownership": "D",
    "Value": NaN
  },
  {
    "index": 3,
    "Shares": 87319,
    "URL": "",
    "Text": "",
    "Insider": "ATHANASIA DEAN C",
    "Position": "Officer",
    "Transaction": "",
    "Start Date": "2025-02-28",
    "Ownership": "D",
    "Value": NaN
  },
  {
    "index": 4,
    "Shares": 87319,
    "URL": "",
    "Text": "",
    "Insider": "GREENER GEOFFREY S",
    "Position": "Officer",
    "Transaction": "",
    "Start Date": "2025-02-28",
    "Ownership": "I",
    "Value": NaN
  },
  {
    "index": 5,
    "Shares": 64450,
    "URL": "",
    "Text": "",
    "Insider": "BORTHWICK ALASTAIR M.",
    "Position": "Chief Financial Officer",
    "Transaction": "",
    "Start Date": "2025-02-28",
    "Ownership": "D",
    "Value": NaN
  },
  {
    "index": 6,
    "Shares": 1432,
    "URL": "",
    "Text": "",
    "Insider": "MENSAH BERNARD AMPONSAH",
    "Position": "Officer",
    "Transaction": "",
    "Start Date": "2025-02-28",
    "Ownership": "D",
    "Value": NaN
  },
  {
    "index": 7,
    "Shares": 45219,
    "URL": "",
    "Text": "",
    "Insider": "KNOX KATHLEEN A.",
    "Position": "Officer",
    "Transaction": "",
    "Start Date": "2025-02-28",
    "Ownership": "D",
    "Value": NaN
  },
  {
    "index": 8,
    "Shares": 31809,
    "URL": "",
    "Text": "",
    "Insider": "BRONSTEIN SHERI B",
    "Position": "Officer",
    "Transaction": "",
    "Start Date": "2025-02-28",
    "Ownership": "D",
    "Value": NaN
  },
  {
    "index": 9,
    "Shares": 317048,
    "URL": "",
    "Text": "",
    "Insider": "MOYNIHAN BRIAN T",
    "Position": "Chief Executive Officer",
    "Transaction": "",
    "Start Date": "2025-02-28",
    "Ownership": "D",
    "Value": NaN
  },
  {
    "index": 10,
    "Shares": 276525,
    "URL": "",
    "Text": "",
    "Insider": "THOMPSON BRUCE R",
    "Position": "Officer",
    "Transaction": "",
    "Start Date": "2025-02-14",
    "Ownership": "D",
    "Value": NaN
  },
  {
    "index": 11,
    "Shares": 167762,
    "URL": "",
    "Text": "",
    "Insider": "NGUYEN THONG M",
    "Position": "Officer",
    "Transaction": "",
    "Start Date": "2025-02-14",
    "Ownership": "D",
    "Value": NaN
  },
  {
    "index": 12,
    "Shares": 125829,
    "URL": "",
    "Text": "",
    "Insider": "BLESS RUDOLF A",
    "Position": "Officer",
    "Transaction": "",
    "Start Date": "2025-02-14",
    "Ownership": "I",
    "Value": NaN
  },
  {
    "index": 13,
    "Shares": 183855,
    "URL": "",
    "Text": "",
    "Insider": "ATHANASIA DEAN C",
    "Position": "Officer",
    "Transaction": "",
    "Start Date": "2025-02-14",
    "Ownership": "D",
    "Value": NaN
  },
  {
    "index": 14,
    "Shares": 178205,
    "URL": "",
    "Text": "",
    "Insider": "GREENER GEOFFREY S",
    "Position": "Officer",
    "Transaction": "",
    "Start Date": "2025-02-14",
    "Ownership": "I",
    "Value": NaN
  },
  {
    "index": 15,
    "Shares": 230844,
    "URL": "",
    "Text": "",
    "Insider": "DEMARE JAMES P.",
    "Position": "Officer",
    "Transaction": "",
    "Start Date": "2025-02-14",
    "Ownership": "I",
    "Value": NaN
  },
  {
    "index": 16,
    "Shares": 54884,
    "URL": "",
    "Text": "",
    "Insider": "SCHIMPF ERIC A",
    "Position": "Officer",
    "Transaction": "",
    "Start Date": "2025-02-14",
    "Ownership": "D",
    "Value": NaN
  },
  {
    "index": 17,
    "Shares": 53135,
    "URL": "",
    "Text": "",
    "Insider": "HANS LINDSAY D",
    "Position": "Officer",
    "Transaction": "",
    "Start Date": "2025-02-14",
    "Ownership": "D",
    "Value": NaN
  },
  {
    "index": 18,
    "Shares": 154160,
    "URL": "",
    "Text": "",
    "Insider": "BORTHWICK ALASTAIR M.",
    "Position": "Chief Financial Officer",
    "Transaction": "",
    "Start Date": "2025-02-14",
    "Ownership": "D",
    "Value": NaN
  },
  {
    "index": 19,
    "Shares": 138700,
    "URL": "",
    "Text": "",
    "Insider": "MENSAH BERNARD AMPONSAH",
    "Position": "Officer",
    "Transaction": "",
    "Start Date": "2025-02-14",
    "Ownership": "D",
    "Value": NaN
  },
  {
    "index": 20,
    "Shares": 142583,
    "URL": "",
    "Text": "",
    "Insider": "BHASIN ADITYA",
    "Position": "Chief Technology Officer",
    "Transaction": "",
    "Start Date": "2025-02-14",
    "Ownership": "D",
    "Value": NaN
  },
  {
    "index": 21,
    "Shares": 234368,
    "URL": "",
    "Text": "",
    "Insider": "KODER MATTHEW M.",
    "Position": "Officer",
    "Transaction": "",
    "Start Date": "2025-02-14",
    "Ownership": "D",
    "Value": NaN
  },
  {
    "index": 22,
    "Shares": 125684,
    "URL": "",
    "Text": "",
    "Insider": "SCRIVENER THOMAS M",
    "Position": "Officer",
    "Transaction": "",
    "Start Date": "2025-02-14",
    "Ownership": "D",
    "Value": NaN
  },
  {
    "index": 23,
    "Shares": 76186,
    "URL": "",
    "Text": "",
    "Insider": "BOLAND DARRIN STEVE",
    "Position": "Officer",
    "Transaction": "",
    "Start Date": "2025-02-14",
    "Ownership": "I",
    "Value": NaN
  },
  {
    "index": 24,
    "Shares": 133992,
    "URL": "",
    "Text": "",
    "Insider": "MOGENSEN LAUREN A",
    "Position": "Officer",
    "Transaction": "",
    "Start Date": "2025-02-14",
    "Ownership": "D",
    "Value": NaN
  },
  {
    "index": 25,
    "Shares": 134076,
    "URL": "",
    "Text": "",
    "Insider": "KNOX KATHLEEN A.",
    "Position": "Officer",
    "Transaction": "",
    "Start Date": "2025-02-14",
    "Ownership": "D",
    "Value": NaN
  },
  {
    "index": 26,
    "Shares": 116189,
    "URL": "",
    "Text": "",
    "Insider": "BRONSTEIN SHERI B",
    "Position": "Officer",
    "Transaction": "",
    "Start Date": "2025-02-14",
    "Ownership": "D",
    "Value": NaN
  },
  {
    "index": 27,
    "Shares": 168942,
    "URL": "",
    "Text": "",
    "Insider": "MOYNIHAN BRIAN T",
    "Position": "Chief Executive Officer",
    "Transaction": "",
    "Start Date": "2025-02-14",
    "Ownership": "D",
    "Value": NaN
  },
  {
    "index": 28,
    "Shares": 1313,
    "URL": "",
    "Text": "Stock Award(Grant) at price 0.00 per share.",
    "Insider": "MARTINEZ MARIA N.",
    "Position": "Director",
    "Transaction": "",
    "Start Date": "2025-01-29",
    "Ownership": "D",
    "Value": 0.0
  },
  {
    "index": 29,
    "Shares": 3447,
    "URL": "",
    "Text": "Stock Gift at price 0.00 per share.",
    "Insider": "GREENER GEOFFREY S",
    "Position": "Officer",
    "Transaction": "",
    "Start Date": "2025-01-27",
    "Ownership": "I",
    "Value": 0.0
  },
  {
    "index": 30,
    "Shares": 215000,
    "URL": "",
    "Text": "Stock Gift at price 0.00 per share.",
    "Insider": "NGUYEN THONG M",
    "Position": "Chairman of the Board",
    "Transaction": "",
    "Start Date": "2025-01-24",
    "Ownership": "D",
    "Value": 0.0
  },
  {
    "index": 31,
    "Shares": 20683,
    "URL": "",
    "Text": "",
    "Insider": "MOYNIHAN BRIAN T",
    "Position": "Chief Executive Officer",
    "Transaction": "",
    "Start Date": "2025-01-15",
    "Ownership": "D",
    "Value": NaN
  },
  {
    "index": 32,
    "Shares": 20683,
    "URL": "",
    "Text": "",
    "Insider": "MOYNIHAN BRIAN T",
    "Position": "Chief Executive Officer",
    "Transaction": "",
    "Start Date": "2024-12-13",
    "Ownership": "D",
    "Value": NaN
  },
  {
    "index": 33,
    "Shares": 2674,
    "URL": "",
    "Text": "",
    "Insider": "BLESS RUDOLF A",
    "Position": "Officer",
    "Transaction": "",
    "Start Date": "2024-11-15",
    "Ownership": "I",
    "Value": NaN
  },
  {
    "index": 34,
    "Shares": 1234,
    "URL": "",
    "Text": "",
    "Insider": "SCHIMPF ERIC A",
    "Position": "Officer",
    "Transaction": "",
    "Start Date": "2024-11-15",
    "Ownership": "D",
    "Value": NaN
  },
  {
    "index": 35,
    "Shares": 975,
    "URL": "",
    "Text": "",
    "Insider": "HANS LINDSAY D",
    "Position": "Officer",
    "Transaction": "",
    "Start Date": "2024-11-15",
    "Ownership": "D",
    "Value": NaN
  },
  {
    "index": 36,
    "Shares": 975,
    "URL": "",
    "Text": "",
    "Insider": "HANS LINDSAY D",
    "Position": "Officer",
    "Transaction": "",
    "Start Date": "2024-11-15",
    "Ownership": "D",
    "Value": NaN
  },
  {
    "index": 37,
    "Shares": 20683,
    "URL": "",
    "Text": "",
    "Insider": "MOYNIHAN BRIAN T",
    "Position": "Chief Executive Officer",
    "Transaction": "",
    "Start Date": "2024-11-15",
    "Ownership": "D",
    "Value": NaN
  },
  {
    "index": 38,
    "Shares": 5000,
    "URL": "",
    "Text": "Stock Gift at price 0.00 per share.",
    "Insider": "SCRIVENER THOMAS M",
    "Position": "Officer",
    "Transaction": "",
    "Start Date": "2024-11-01",
    "Ownership": "D",
    "Value": 0.0
  },
  {
    "index": 39,
    "Shares": 225000,
    "URL": "",
    "Text": "Stock Gift at price 0.00 per share.",
    "Insider": "THOMPSON BRUCE R",
    "Position": "Officer",
    "Transaction": "",
    "Start Date": "2024-10-30",
    "Ownership": "D",
    "Value": 0.0
  },
  {
    "index": 40,
    "Shares": 8694538,
    "URL": "",
    "Text": "Sale at price 42.52 - 43.19 per share.",
    "Insider": "BERKSHIRE HATHAWAY INC",
    "Position": "Beneficial Owner of more than 10% of a Class of Security",
    "Transaction": "",
    "Start Date": "2024-10-15",
    "Ownership": "I",
    "Value": 369928036.0
  },
  {
    "index": 41,
    "Shares": 20683,
    "URL": "",
    "Text": "",
    "Insider": "MOYNIHAN BRIAN T",
    "Position": "Chief Executive Officer",
    "Transaction": "",
    "Start Date": "2024-10-15",
    "Ownership": "D",
    "Value": NaN
  },
  {
    "index": 42,
    "Shares": 9549933,
    "URL": "",
    "Text": "Sale at price 39.92 - 40.14 per share.",
    "Insider": "BERKSHIRE HATHAWAY INC",
    "Position": "Beneficial Owner of more than 10% of a Class of Security",
    "Transaction": "",
    "Start Date": "2024-10-10",
    "Ownership": "I",
    "Value": 382403036.0
  },
  {
    "index": 43,
    "Shares": 9570980,
    "URL": "",
    "Text": "Sale at price 39.25 - 40.05 per share.",
    "Insider": "BERKSHIRE HATHAWAY INC",
    "Position": "Beneficial Owner of more than 10% of a Class of Security",
    "Transaction": "",
    "Start Date": "2024-10-07",
    "Ownership": "I",
    "Value": 383039161.0
  },
  {
    "index": 44,
    "Shares": 8547947,
    "URL": "",
    "Text": "Sale at price 39.40 - 39.61 per share.",
    "Insider": "BERKSHIRE HATHAWAY INC",
    "Position": "Beneficial Owner of more than 10% of a Class of Security",
    "Transaction": "",
    "Start Date": "2024-10-02",
    "Ownership": "I",
    "Value": 337861616.0
  },
  {
    "index": 45,
    "Shares": 11678366,
    "URL": "",
    "Text": "Sale at price 39.27 - 39.52 per share.",
    "Insider": "BERKSHIRE HATHAWAY INC",
    "Position": "Beneficial Owner of more than 10% of a Class of Security",
    "Transaction": "",
    "Start Date": "2024-09-27",
    "Ownership": "I",
    "Value": 460664213.0
  },
  {
    "index": 46,
    "Shares": 21561209,
    "URL": "",
    "Text": "Sale at price 39.49 - 40.36 per share.",
    "Insider": "BERKSHIRE HATHAWAY INC",
    "Position": "Beneficial Owner of more than 10% of a Class of Security",
    "Transaction": "",
    "Start Date": "2024-09-24",
    "Ownership": "I",
    "Value": 862670637.0
  },
  {
    "index": 47,
    "Shares": 22272071,
    "URL": "",
    "Text": "Sale at price 39.58 - 40.78 per share.",
    "Insider": "BERKSHIRE HATHAWAY INC",
    "Position": "Beneficial Owner of more than 10% of a Class of Security",
    "Transaction": "",
    "Start Date": "2024-09-19",
    "Ownership": "I",
    "Value": 896082794.0
  },
  {
    "index": 48,
    "Shares": 20683,
    "URL": "",
    "Text": "",
    "Insider": "MOYNIHAN BRIAN T",
    "Position": "Chief Executive Officer",
    "Transaction": "",
    "Start Date": "2024-09-13",
    "Ownership": "D",
    "Value": NaN
  },
  {
    "index": 49,
    "Shares": 5797093,
    "URL": "",
    "Text": "Sale at price 39.30 - 39.67 per share.",
    "Insider": "BERKSHIRE HATHAWAY INC",
    "Position": "Beneficial Owner of more than 10% of a Class of Security",
    "Transaction": "",
    "Start Date": "2024-09-10",
    "Ownership": "I",
    "Value": 228689227.0
  },
  {
    "index": 50,
    "Shares": 18746304,
    "URL": "",
    "Text": "Sale at price 40.28 - 40.66 per share.",
    "Insider": "BERKSHIRE HATHAWAY INC",
    "Position": "Beneficial Owner of more than 10% of a Class of Security",
    "Transaction": "",
    "Start Date": "2024-09-05",
    "Ownership": "I",
    "Value": 760037100.0
  },
  {
    "index": 51,
    "Shares": 21076473,
    "URL": "",
    "Text": "Sale at price 39.95 - 40.61 per share.",
    "Insider": "BERKSHIRE HATHAWAY INC",
    "Position": "Beneficial Owner of more than 10% of a Class of Security",
    "Transaction": "",
    "Start Date": "2024-08-30",
    "Ownership": "I",
    "Value": 848159045.0
  },
  {
    "index": 52,
    "Shares": 1800,
    "URL": "",
    "Text": "",
    "Insider": "MENSAH BERNARD AMPONSAH",
    "Position": "Officer",
    "Transaction": "",
    "Start Date": "2024-08-30",
    "Ownership": "D",
    "Value": NaN
  },
  {
    "index": 53,
    "Shares": 22000,
    "URL": "",
    "Text": "Stock Gift at price 0.00 per share.",
    "Insider": "NGUYEN THONG M",
    "Position": "Officer",
    "Transaction": "",
    "Start Date": "2024-08-29",
    "Ownership": "D",
    "Value": 0.0
  },
  {
    "index": 54,
    "Shares": 24660563,
    "URL": "",
    "Text": "Sale at price 39.75 - 39.87 per share.",
    "Insider": "BERKSHIRE HATHAWAY INC",
    "Position": "Beneficial Owner of more than 10% of a Class of Security",
    "Transaction": "",
    "Start Date": "2024-08-27",
    "Ownership": "I",
    "Value": 981862859.0
  },
  {
    "index": 55,
    "Shares": 92000,
    "URL": "",
    "Text": "Sale at price 39.80 per share.",
    "Insider": "MENSAH BERNARD AMPONSAH",
    "Position": "Officer",
    "Transaction": "",
    "Start Date": "2024-08-27",
    "Ownership": "D",
    "Value": 3662060.0
  },
  {
    "index": 56,
    "Shares": 13968943,
    "URL": "",
    "Text": "Sale at price 39.27 - 39.65 per share.",
    "Insider": "BERKSHIRE HATHAWAY INC",
    "Position": "Beneficial Owner of more than 10% of a Class of Security",
    "Transaction": "",
    "Start Date": "2024-08-19",
    "Ownership": "I",
    "Value": 550658795.0
  },
  {
    "index": 57,
    "Shares": 3000,
    "URL": "",
    "Text": "Stock Gift at price 0.00 per share.",
    "Insider": "LOZANO MONICA C.",
    "Position": "Director",
    "Transaction": "",
    "Start Date": "2024-08-19",
    "Ownership": "D",
    "Value": 0.0
  },
  {
    "index": 58,
    "Shares": 2674,
    "URL": "",
    "Text": "",
    "Insider": "BLESS RUDOLF A",
    "Position": "Officer",
    "Transaction": "",
    "Start Date": "2024-08-15",
    "Ownership": "I",
    "Value": NaN
  },
  {
    "index": 59,
    "Shares": 17470,
    "URL": "",
    "Text": "",
    "Insider": "DEMARE JAMES P.",
    "Position": "Officer",
    "Transaction": "",
    "Start Date": "2024-08-15",
    "Ownership": "I",
    "Value": NaN
  },
  {
    "index": 60,
    "Shares": 1235,
    "URL": "",
    "Text": "",
    "Insider": "SCHIMPF ERIC A",
    "Position": "Officer",
    "Transaction": "",
    "Start Date": "2024-08-15",
    "Ownership": "D",
    "Value": NaN
  },
  {
    "index": 61,
    "Shares": 974,
    "URL": "",
    "Text": "",
    "Insider": "HANS LINDSAY D",
    "Position": "Officer",
    "Transaction": "",
    "Start Date": "2024-08-15",
    "Ownership": "D",
    "Value": NaN
  },
  {
    "index": 62,
    "Shares": 33788,
    "URL": "",
    "Text": "",
    "Insider": "MENSAH BERNARD AMPONSAH",
    "Position": "Officer",
    "Transaction": "",
    "Start Date": "2024-08-15",
    "Ownership": "D",
    "Value": NaN
  },
  {
    "index": 63,
    "Shares": 22433,
    "URL": "",
    "Text": "",
    "Insider": "KODER MATTHEW M.",
    "Position": "Officer",
    "Transaction": "",
    "Start Date": "2024-08-15",
    "Ownership": "D",
    "Value": NaN
  },
  {
    "index": 64,
    "Shares": 20683,
    "URL": "",
    "Text": "",
    "Insider": "MOYNIHAN BRIAN T",
    "Position": "Chief Executive Officer",
    "Transaction": "",
    "Start Date": "2024-08-15",
    "Ownership": "D",
    "Value": NaN
  },
  {
    "index": 65,
    "Shares": 10901,
    "URL": "",
    "Text": "Sale at price 36.92 per share.",
    "Insider": "HANS LINDSAY D",
    "Position": "Officer",
    "Transaction": "",
    "Start Date": "2024-08-05",
    "Ownership": "D",
    "Value": 402410.0
  },
  {
    "index": 66,
    "Shares": 19216833,
    "URL": "",
    "Text": "Sale at price 39.47 - 41.84 per share.",
    "Insider": "BERKSHIRE HATHAWAY INC",
    "Position": "Beneficial Owner of more than 10% of a Class of Security",
    "Transaction": "",
    "Start Date": "2024-08-01",
    "Ownership": "I",
    "Value": 778690984.0
  },
  {
    "index": 67,
    "Shares": 18414846,
    "URL": "",
    "Text": "Sale at price 41.20 - 42.01 per share.",
    "Insider": "BERKSHIRE HATHAWAY INC",
    "Position": "Beneficial Owner of more than 10% of a Class of Security",
    "Transaction": "",
    "Start Date": "2024-07-29",
    "Ownership": "I",
    "Value": 766997045.0
  },
  {
    "index": 68,
    "Shares": 18899518,
    "URL": "",
    "Text": "Sale at price 42.39 - 42.56 per share.",
    "Insider": "BERKSHIRE HATHAWAY INC",
    "Position": "Beneficial Owner of more than 10% of a Class of Security",
    "Transaction": "",
    "Start Date": "2024-07-24",
    "Ownership": "I",
    "Value": 802486391.0
  },
  {
    "index": 69,
    "Shares": 50000,
    "URL": "",
    "Text": "",
    "Insider": "DEMARE JAMES P.",
    "Position": "Officer",
    "Transaction": "",
    "Start Date": "2024-07-24",
    "Ownership": "I",
    "Value": NaN
  },
  {
    "index": 70,
    "Shares": 50000,
    "URL": "",
    "Text": "",
    "Insider": "BORTHWICK ALASTAIR M.",
    "Position": "Chief Financial Officer",
    "Transaction": "",
    "Start Date": "2024-07-24",
    "Ownership": "D",
    "Value": NaN
  },
  {
    "index": 71,
    "Shares": 50000,
    "URL": "",
    "Text": "",
    "Insider": "KODER MATTHEW M.",
    "Position": "Officer",
    "Transaction": "",
    "Start Date": "2024-07-24",
    "Ownership": "D",
    "Value": NaN
  },
  {
    "index": 72,
    "Shares": 33890927,
    "URL": "",
    "Text": "Sale at price 43.13 - 44.07 per share.",
    "Insider": "BERKSHIRE HATHAWAY INC",
    "Position": "Beneficial Owner of more than 10% of a Class of Security",
    "Transaction": "",
    "Start Date": "2024-07-19",
    "Ownership": "I",
    "Value": 1476398604.0
  },
  {
    "index": 73,
    "Shares": 20683,
    "URL": "",
    "Text": "",
    "Insider": "MOYNIHAN BRIAN T",
    "Position": "Chief Executive Officer",
    "Transaction": "",
    "Start Date": "2024-07-15",
    "Ownership": "D",
    "Value": NaN
  },
  {
    "index": 74,
    "Shares": 20683,
    "URL": "",
    "Text": "",
    "Insider": "MOYNIHAN BRIAN T",
    "Position": "Chief Executive Officer",
    "Transaction": "",
    "Start Date": "2024-06-14",
    "Ownership": "D",
    "Value": NaN
  },
  {
    "index": 75,
    "Shares": 50000,
    "URL": "",
    "Text": "",
    "Insider": "BOLAND DARRIN STEVE",
    "Position": "Officer",
    "Transaction": "",
    "Start Date": "2024-06-12",
    "Ownership": "I",
    "Value": NaN
  },
  {
    "index": 76,
    "Shares": 50000,
    "URL": "",
    "Text": "",
    "Insider": "KODER MATTHEW M.",
    "Position": "Officer",
    "Transaction": "",
    "Start Date": "2024-05-31",
    "Ownership": "D",
    "Value": NaN
  },
  {
    "index": 77,
    "Shares": 100000,
    "URL": "",
    "Text": "Stock Gift at price 0.00 per share.",
    "Insider": "MOYNIHAN BRIAN T",
    "Position": "Chief Executive Officer",
    "Transaction": "",
    "Start Date": "2024-05-15",
    "Ownership": "D",
    "Value": 0.0
  },
  {
    "index": 78,
    "Shares": 2674,
    "URL": "",
    "Text": "",
    "Insider": "BLESS RUDOLF A",
    "Position": "Officer",
    "Transaction": "",
    "Start Date": "2024-05-15",
    "Ownership": "I",
    "Value": NaN
  },
  {
    "index": 79,
    "Shares": 1234,
    "URL": "",
    "Text": "",
    "Insider": "SCHIMPF ERIC A",
    "Position": "Officer",
    "Transaction": "",
    "Start Date": "2024-05-15",
    "Ownership": "D",
    "Value": NaN
  },
  {
    "index": 80,
    "Shares": 975,
    "URL": "",
    "Text": "",
    "Insider": "HANS LINDSAY D",
    "Position": "Officer",
    "Transaction": "",
    "Start Date": "2024-05-15",
    "Ownership": "D",
    "Value": NaN
  },
  {
    "index": 81,
    "Shares": 20683,
    "URL": "",
    "Text": "",
    "Insider": "MOYNIHAN BRIAN T",
    "Position": "Chief Executive Officer",
    "Transaction": "",
    "Start Date": "2024-05-15",
    "Ownership": "D",
    "Value": NaN
  },
  {
    "index": 82,
    "Shares": 6801,
    "URL": "",
    "Text": "Stock Gift at price 0.00 per share.",
    "Insider": "BRONSTEIN SHERI B",
    "Position": "Officer",
    "Transaction": "",
    "Start Date": "2024-05-02",
    "Ownership": "D",
    "Value": 0.0
  },
  {
    "index": 83,
    "Shares": 25000,
    "URL": "",
    "Text": "Stock Gift at price 0.00 per share.",
    "Insider": "THOMPSON BRUCE R",
    "Position": "Officer",
    "Transaction": "",
    "Start Date": "2024-05-01",
    "Ownership": "D",
    "Value": 0.0
  },
  {
    "index": 84,
    "Shares": 7045,
    "URL": "",
    "Text": "Stock Award(Grant) at price 0.00 per share.",
    "Insider": "DONALD ARNOLD WAYNE",
    "Position": "Director",
    "Transaction": "",
    "Start Date": "2024-04-24",
    "Ownership": "D",
    "Value": 0.0
  },
  {
    "index": 85,
    "Shares": 7045,
    "URL": "",
    "Text": "Stock Award(Grant) at price 0.00 per share.",
    "Insider": "DE WECK PIERRE J P",
    "Position": "Director",
    "Transaction": "",
    "Start Date": "2024-04-24",
    "Ownership": "D",
    "Value": 0.0
  },
  {
    "index": 86,
    "Shares": 7045,
    "URL": "",
    "Text": "Stock Award(Grant) at price 0.00 per share.",
    "Insider": "WOODS THOMAS D",
    "Position": "Director",
    "Transaction": "",
    "Start Date": "2024-04-24",
    "Ownership": "D",
    "Value": 0.0
  },
  {
    "index": 87,
    "Shares": 7045,
    "URL": "",
    "Text": "Stock Award(Grant) at price 0.00 per share.",
    "Insider": "ZUBER MARIA T.",
    "Position": "Director",
    "Transaction": "",
    "Start Date": "2024-04-24",
    "Ownership": "D",
    "Value": 0.0
  },
  {
    "index": 88,
    "Shares": 7045,
    "URL": "",
    "Text": "Stock Award(Grant) at price 0.00 per share.",
    "Insider": "ALMEIDA JOSE E.",
    "Position": "Director",
    "Transaction": "",
    "Start Date": "2024-04-24",
    "Ownership": "D",
    "Value": 0.0
  },
  {
    "index": 89,
    "Shares": 20683,
    "URL": "",
    "Text": "",
    "Insider": "MOYNIHAN BRIAN T",
    "Position": "Chief Executive Officer",
    "Transaction": "",
    "Start Date": "2024-04-15",
    "Ownership": "D",
    "Value": NaN
  },
  {
    "index": 90,
    "Shares": 20682,
    "URL": "",
    "Text": "",
    "Insider": "MOYNIHAN BRIAN T",
    "Position": "Chief Executive Officer",
    "Transaction": "",
    "Start Date": "2024-03-15",
    "Ownership": "D",
    "Value": NaN
  },
  {
    "index": 91,
    "Shares": 95290,
    "URL": "",
    "Text": "",
    "Insider": "NGUYEN THONG M",
    "Position": "Officer",
    "Transaction": "",
    "Start Date": "2024-03-01",
    "Ownership": "D",
    "Value": NaN
  },
  {
    "index": 92,
    "Shares": 98544,
    "URL": "",
    "Text": "",
    "Insider": "ATHANASIA DEAN C",
    "Position": "Officer",
    "Transaction": "",
    "Start Date": "2024-03-01",
    "Ownership": "D",
    "Value": NaN
  },
  {
    "index": 93,
    "Shares": 102263,
    "URL": "",
    "Text": "",
    "Insider": "GREENER GEOFFREY S",
    "Position": "Officer",
    "Transaction": "",
    "Start Date": "2024-03-01",
    "Ownership": "I",
    "Value": NaN
  },
  {
    "index": 94,
    "Shares": 46483,
    "URL": "",
    "Text": "",
    "Insider": "KNOX KATHLEEN A.",
    "Position": "Officer",
    "Transaction": "",
    "Start Date": "2024-03-01",
    "Ownership": "D",
    "Value": NaN
  },
  {
    "index": 95,
    "Shares": 1431,
    "URL": "",
    "Text": "",
    "Insider": "MENSAH BERNARD AMPONSAH",
    "Position": "Officer",
    "Transaction": "",
    "Start Date": "2024-03-01",
    "Ownership": "D",
    "Value": NaN
  },
  {
    "index": 96,
    "Shares": 38116,
    "URL": "",
    "Text": "",
    "Insider": "BRONSTEIN SHERI B",
    "Position": "Officer",
    "Transaction": "",
    "Start Date": "2024-03-01",
    "Ownership": "D",
    "Value": NaN
  },
  {
    "index": 97,
    "Shares": 102263,
    "URL": "",
    "Text": "",
    "Insider": "DONOFRIO PAUL M",
    "Position": "Officer",
    "Transaction": "",
    "Start Date": "2024-03-01",
    "Ownership": "D",
    "Value": NaN
  },
  {
    "index": 98,
    "Shares": 356369,
    "URL": "",
    "Text": "",
    "Insider": "MOYNIHAN BRIAN T",
    "Position": "Chief Executive Officer",
    "Transaction": "",
    "Start Date": "2024-03-01",
    "Ownership": "D",
    "Value": NaN
  },
  {
    "index": 99,
    "Shares": 30000,
    "URL": "",
    "Text": "Stock Gift at price 0.00 per share.",
    "Insider": "BORTHWICK ALASTAIR M.",
    "Position": "Chief Financial Officer",
    "Transaction": "",
    "Start Date": "2024-02-21",
    "Ownership": "D",
    "Value": 0.0
  },
  {
    "index": 100,
    "Shares": 69072,
    "URL": "",
    "Text": "",
    "Insider": "NGUYEN THONG M",
    "Position": "Officer",
    "Transaction": "",
    "Start Date": "2024-02-15",
    "Ownership": "D",
    "Value": NaN
  },
  {
    "index": 101,
    "Shares": 80240,
    "URL": "",
    "Text": "",
    "Insider": "BLESS RUDOLF A",
    "Position": "Officer",
    "Transaction": "",
    "Start Date": "2024-02-15",
    "Ownership": "I",
    "Value": NaN
  },
  {
    "index": 102,
    "Shares": 73318,
    "URL": "",
    "Text": "",
    "Insider": "ATHANASIA DEAN C",
    "Position": "Officer",
    "Transaction": "",
    "Start Date": "2024-02-15",
    "Ownership": "D",
    "Value": NaN
  },
  {
    "index": 103,
    "Shares": 200567,
    "URL": "",
    "Text": "",
    "Insider": "THOMPSON BRUCE R",
    "Position": "Officer",
    "Transaction": "",
    "Start Date": "2024-02-15",
    "Ownership": "D",
    "Value": NaN
  },
  {
    "index": 104,
    "Shares": 74248,
    "URL": "",
    "Text": "",
    "Insider": "GREENER GEOFFREY S",
    "Position": "Officer",
    "Transaction": "",
    "Start Date": "2024-02-15",
    "Ownership": "I",
    "Value": NaN
  },
  {
    "index": 105,
    "Shares": 178197,
    "URL": "",
    "Text": "",
    "Insider": "DEMARE JAMES P.",
    "Position": "Officer",
    "Transaction": "",
    "Start Date": "2024-02-15",
    "Ownership": "I",
    "Value": NaN
  },
  {
    "index": 106,
    "Shares": 24024,
    "URL": "",
    "Text": "",
    "Insider": "SCHIMPF ERIC A",
    "Position": "Officer",
    "Transaction": "",
    "Start Date": "2024-02-15",
    "Ownership": "D",
    "Value": NaN
  },
  {
    "index": 107,
    "Shares": 22278,
    "URL": "",
    "Text": "",
    "Insider": "HANS LINDSAY D",
    "Position": "Officer",
    "Transaction": "",
    "Start Date": "2024-02-15",
    "Ownership": "D",
    "Value": NaN
  },
  {
    "index": 108,
    "Shares": 38017,
    "URL": "",
    "Text": "",
    "Insider": "KNOX KATHLEEN A.",
    "Position": "Officer",
    "Transaction": "",
    "Start Date": "2024-02-15",
    "Ownership": "D",
    "Value": NaN
  },
  {
    "index": 109,
    "Shares": 100205,
    "URL": "",
    "Text": "",
    "Insider": "BORTHWICK ALASTAIR M.",
    "Position": "Chief Financial Officer",
    "Transaction": "",
    "Start Date": "2024-02-15",
    "Ownership": "D",
    "Value": NaN
  },
  {
    "index": 110,
    "Shares": 80075,
    "URL": "",
    "Text": "",
    "Insider": "MENSAH BERNARD AMPONSAH",
    "Position": "Officer",
    "Transaction": "",
    "Start Date": "2024-02-15",
    "Ownership": "D",
    "Value": NaN
  },
  {
    "index": 111,
    "Shares": 74157,
    "URL": "",
    "Text": "",
    "Insider": "BHASIN ADITYA",
    "Position": "Chief Technology Officer",
    "Transaction": "",
    "Start Date": "2024-02-15",
    "Ownership": "D",
    "Value": NaN
  },
  {
    "index": 112,
    "Shares": 193566,
    "URL": "",
    "Text": "",
    "Insider": "KODER MATTHEW M.",
    "Position": "Officer",
    "Transaction": "",
    "Start Date": "2024-02-15",
    "Ownership": "D",
    "Value": NaN
  },
  {
    "index": 113,
    "Shares": 61206,
    "URL": "",
    "Text": "",
    "Insider": "SCRIVENER THOMAS M",
    "Position": "Officer",
    "Transaction": "",
    "Start Date": "2024-02-15",
    "Ownership": "D",
    "Value": NaN
  },
  {
    "index": 114,
    "Shares": 41973,
    "URL": "",
    "Text": "",
    "Insider": "BOLAND DARRIN STEVE",
    "Position": "Officer",
    "Transaction": "",
    "Start Date": "2024-02-15",
    "Ownership": "I",
    "Value": NaN
  },
  {
    "index": 115,
    "Shares": 68197,
    "URL": "",
    "Text": "",
    "Insider": "MOGENSEN LAUREN A",
    "Position": "Officer",
    "Transaction": "",
    "Start Date": "2024-02-15",
    "Ownership": "D",
    "Value": NaN
  },
  {
    "index": 116,
    "Shares": 27368,
    "URL": "",
    "Text": "",
    "Insider": "BRONSTEIN SHERI B",
    "Position": "Officer",
    "Transaction": "",
    "Start Date": "2024-02-15",
    "Ownership": "D",
    "Value": NaN
  },
  {
    "index": 117,
    "Shares": 74248,
    "URL": "",
    "Text": "",
    "Insider": "DONOFRIO PAUL M",
    "Position": "Officer",
    "Transaction": "",
    "Start Date": "2024-02-15",
    "Ownership": "D",
    "Value": NaN
  },
  {
    "index": 118,
    "Shares": 126668,
    "URL": "",
    "Text": "",
    "Insider": "MOYNIHAN BRIAN T",
    "Position": "Chief Executive Officer",
    "Transaction": "",
    "Start Date": "2024-02-15",
    "Ownership": "D",
    "Value": NaN
  },
  {
    "index": 119,
    "Shares": 1670,
    "URL": "",
    "Text": "Stock Gift at price 0.00 per share.",
    "Insider": "GREENER GEOFFREY S",
    "Position": "Officer",
    "Transaction": "",
    "Start Date": "2024-01-26",
    "Ownership": "I",
    "Value": 0.0
  },
  {
    "index": 120,
    "Shares": 18000,
    "URL": "",
    "Text": "",
    "Insider": "BLESS RUDOLF A",
    "Position": "Officer",
    "Transaction": "",
    "Start Date": "2024-01-25",
    "Ownership": "I",
    "Value": NaN
  },
  {
    "index": 121,
    "Shares": 18000,
    "URL": "",
    "Text": "",
    "Insider": "SCHIMPF ERIC A",
    "Position": "Officer",
    "Transaction": "",
    "Start Date": "2024-01-25",
    "Ownership": "D",
    "Value": NaN
  },
  {
    "index": 122,
    "Shares": 18000,
    "URL": "",
    "Text": "",
    "Insider": "HANS LINDSAY D",
    "Position": "Officer",
    "Transaction": "",
    "Start Date": "2024-01-25",
    "Ownership": "D",
    "Value": NaN
  },
  {
    "index": 123,
    "Shares": 9000,
    "URL": "",
    "Text": "",
    "Insider": "BHASIN ADITYA",
    "Position": "Chief Technology Officer",
    "Transaction": "",
    "Start Date": "2024-01-25",
    "Ownership": "D",
    "Value": NaN
  },
  {
    "index": 124,
    "Shares": 9000,
    "URL": "",
    "Text": "",
    "Insider": "SCRIVENER THOMAS M",
    "Position": "Officer",
    "Transaction": "",
    "Start Date": "2024-01-25",
    "Ownership": "D",
    "Value": NaN
  },
  {
    "index": 125,
    "Shares": 9000,
    "URL": "",
    "Text": "",
    "Insider": "BOLAND DARRIN STEVE",
    "Position": "Officer",
    "Transaction": "",
    "Start Date": "2024-01-25",
    "Ownership": "I",
    "Value": NaN
  },
  {
    "index": 126,
    "Shares": 9000,
    "URL": "",
    "Text": "",
    "Insider": "MOGENSEN LAUREN A",
    "Position": "Officer",
    "Transaction": "",
    "Start Date": "2024-01-25",
    "Ownership": "D",
    "Value": NaN
  },
  {
    "index": 127,
    "Shares": 19775,
    "URL": "",
    "Text": "",
    "Insider": "MOYNIHAN BRIAN T",
    "Position": "Chief Executive Officer",
    "Transaction": "",
    "Start Date": "2024-01-12",
    "Ownership": "D",
    "Value": NaN
  },
  {
    "index": 128,
    "Shares": 19775,
    "URL": "",
    "Text": "",
    "Insider": "MOYNIHAN BRIAN T",
    "Position": "Chief Executive Officer",
    "Transaction": "",
    "Start Date": "2023-12-15",
    "Ownership": "D",
    "Value": NaN
  },
  {
    "index": 129,
    "Shares": 1976,
    "URL": "",
    "Text": "Stock Gift at price 0.00 per share.",
    "Insider": "SCHIMPF ERIC A",
    "Position": "Officer",
    "Transaction": "",
    "Start Date": "2023-11-30",
    "Ownership": "D",
    "Value": 0.0
  },
  {
    "index": 130,
    "Shares": 2674,
    "URL": "",
    "Text": "",
    "Insider": "BLESS RUDOLF A",
    "Position": "Officer",
    "Transaction": "",
    "Start Date": "2023-11-15",
    "Ownership": "I",
    "Value": NaN
  },
  {
    "index": 131,
    "Shares": 1235,
    "URL": "",
    "Text": "",
    "Insider": "SCHIMPF ERIC A",
    "Position": "Officer",
    "Transaction": "",
    "Start Date": "2023-11-15",
    "Ownership": "D",
    "Value": NaN
  },
  {
    "index": 132,
    "Shares": 974,
    "URL": "",
    "Text": "",
    "Insider": "HANS LINDSAY D",
    "Position": "Officer",
    "Transaction": "",
    "Start Date": "2023-11-15",
    "Ownership": "D",
    "Value": NaN
  },
  {
    "index": 133,
    "Shares": 19775,
    "URL": "",
    "Text": "",
    "Insider": "MOYNIHAN BRIAN T",
    "Position": "Chief Executive Officer",
    "Transaction": "",
    "Start Date": "2023-11-15",
    "Ownership": "D",
    "Value": NaN
  },
  {
    "index": 134,
    "Shares": 25000,
    "URL": "",
    "Text": "Purchase at price 26.25 per share.",
    "Insider": "WOODS THOMAS D",
    "Position": "Director",
    "Transaction": "",
    "Start Date": "2023-11-01",
    "Ownership": "D",
    "Value": 656250.0
  },
  {
    "index": 135,
    "Shares": 19776,
    "URL": "",
    "Text": "",
    "Insider": "MOYNIHAN BRIAN T",
    "Position": "Chief Executive Officer",
    "Transaction": "",
    "Start Date": "2023-10-13",
    "Ownership": "D",
    "Value": NaN
  },
  {
    "index": 136,
    "Shares": 19775,
    "URL": "",
    "Text": "",
    "Insider": "MOYNIHAN BRIAN T",
    "Position": "Chief Executive Officer",
    "Transaction": "",
    "Start Date": "2023-09-15",
    "Ownership": "D",
    "Value": NaN
  },
  {
    "index": 137,
    "Shares": 1799,
    "URL": "",
    "Text": "",
    "Insider": "MENSAH BERNARD AMPONSAH",
    "Position": "Officer",
    "Transaction": "",
    "Start Date": "2023-09-01",
    "Ownership": "D",
    "Value": NaN
  },
  {
    "index": 138,
    "Shares": 2674,
    "URL": "",
    "Text": "",
    "Insider": "BLESS RUDOLF A",
    "Position": "Officer",
    "Transaction": "",
    "Start Date": "2023-08-15",
    "Ownership": "I",
    "Value": NaN
  },
  {
    "index": 139,
    "Shares": 17470,
    "URL": "",
    "Text": "",
    "Insider": "DEMARE JAMES P.",
    "Position": "Officer",
    "Transaction": "",
    "Start Date": "2023-08-15",
    "Ownership": "I",
    "Value": NaN
  },
  {
    "index": 140,
    "Shares": 1234,
    "URL": "",
    "Text": "",
    "Insider": "SCHIMPF ERIC A",
    "Position": "Officer",
    "Transaction": "",
    "Start Date": "2023-08-15",
    "Ownership": "D",
    "Value": NaN
  },
  {
    "index": 141,
    "Shares": 975,
    "URL": "",
    "Text": "",
    "Insider": "HANS LINDSAY D",
    "Position": "Officer",
    "Transaction": "",
    "Start Date": "2023-08-15",
    "Ownership": "D",
    "Value": NaN
  },
  {
    "index": 142,
    "Shares": 33788,
    "URL": "",
    "Text": "",
    "Insider": "MENSAH BERNARD AMPONSAH",
    "Position": "Officer",
    "Transaction": "",
    "Start Date": "2023-08-15",
    "Ownership": "D",
    "Value": NaN
  },
  {
    "index": 143,
    "Shares": 22433,
    "URL": "",
    "Text": "",
    "Insider": "KODER MATTHEW M.",
    "Position": "Officer",
    "Transaction": "",
    "Start Date": "2023-08-15",
    "Ownership": "D",
    "Value": NaN
  },
  {
    "index": 144,
    "Shares": 19775,
    "URL": "",
    "Text": "",
    "Insider": "MOYNIHAN BRIAN T",
    "Position": "Chief Executive Officer",
    "Transaction": "",
    "Start Date": "2023-08-15",
    "Ownership": "D",
    "Value": NaN
  },
  {
    "index": 145,
    "Shares": 75000,
    "URL": "",
    "Text": "Sale at price 31.53 per share.",
    "Insider": "DEMARE JAMES P.",
    "Position": "Officer",
    "Transaction": "",
    "Start Date": "2023-08-01",
    "Ownership": "I",
    "Value": 2364900.0
  },
  {
    "index": 146,
    "Shares": 50000,
    "URL": "",
    "Text": "",
    "Insider": "DEMARE JAMES P.",
    "Position": "Officer",
    "Transaction": "",
    "Start Date": "2023-07-24",
    "Ownership": "I",
    "Value": NaN
  },
  {
    "index": 147,
    "Shares": 50000,
    "URL": "",
    "Text": "",
    "Insider": "KODER MATTHEW M.",
    "Position": "Officer",
    "Transaction": "",
    "Start Date": "2023-07-24",
    "Ownership": "D",
    "Value": NaN
  },
  {
    "index": 148,
    "Shares": 50000,
    "URL": "",
    "Text": "",
    "Insider": "BORTHWICK ALASTAIR M.",
    "Position": "Chief Financial Officer",
    "Transaction": "",
    "Start Date": "2023-07-24",
    "Ownership": "D",
    "Value": NaN
  },
  {
    "index": 149,
    "Shares": 77806,
    "URL": "",
    "Text": "Sale at price 31.48 per share.",
    "Insider": "ATHANASIA DEAN C",
    "Position": "Officer",
    "Transaction": "",
    "Start Date": "2023-07-20",
    "Ownership": "D",
    "Value": 2449722.0
  }
]