{
  "address1": "Bank of America Corporate Center",
  "address2": "100 North Tryon Street",
  "city": "Charlotte",
  "state": "NC",
  "zip": "28255",
  "country": "United States",
  "phone": "(704) 386-5681",
  "website": "https://www.bankofamerica.com",
  "industry": "Banks - Diversified",
  "industryKey": "banks-diversified",
  "industryDisp": "Banks - Diversified",
  "sector": "Financial Services",
  "sectorKey": "financial-services",
  "sectorDisp": "Financial Services",
  "longBusinessSummary": "Bank of America Corporation, through its subsidiaries, provides various financial products and services for individual consumers, small and middle-market businesses, institutional investors, large corporations, and governments worldwide. The company operates through four segments: Consumer Banking, Global Wealth & Investment Management (GWIM), Global Banking, and Global Markets. The Consumer Banking segment offers traditional and money market savings accounts, certificates of deposit and IRAs, checking accounts, and investment accounts and products; credit and debit cards; residential mortgages and home equity loans; and direct and indirect loans, such as automotive, recreational vehicle, and consumer personal loans. The GWIM segment provides investment management, brokerage, banking, and trust and retirement products and services; wealth management solutions; and customized solutions, including specialty asset management services. The Global Banking segment offers lending products and services, including commercial loans, leases, commitment facilities, trade finance, and commercial real estate and asset-based lending; treasury solutions, such as treasury management, foreign exchange, short-term investing options, and merchant services; working capital management solutions; debt and equity underwriting and distribution, and merger-related and other advisory services; and fixed-income and equity research services. The Global Markets segment provides market-making, financing, securities clearing, settlement, and custody services; securities and derivative products; and risk management products using interest rate, equity, credit, currency and commodity derivatives, foreign exchange, fixed-income, and mortgage-related products. Bank of America Corporation was founded in 1784 and is based in Charlotte, North Carolina.",
  "fullTimeEmployees": 213000,
  "companyOfficers": [
    {
      "maxAge": 1,
      "name": "Mr. Brian Thomas Moynihan",
      "age": 65,
      "title": "Chairman, CEO & President",
      "yearBorn": 1959,
      "fiscalYear": 2024,
      "totalPay": 2083090,
      "exercisedValue": 0,
      "unexercisedValue": 0
    },
    {
      "maxAge": 1,
      "name": "Mr. Alastair M. Borthwick",
      "age": 55,
      "title": "Chief Financial Officer",
      "yearBorn": 1969,
      "fiscalYear": 2024,
      "totalPay": 5399466,
      "exercisedValue": 0,
      "unexercisedValue": 0
    },
    {
      "maxAge": 1,
      "name": "Mr. Matthew M. Koder",
      "age": 52,
      "title": "President of Global Corporate & Investment Banking",
      "yearBorn": 1972,
      "fiscalYear": 2024,
      "totalPay": 6776087,
      "exercisedValue": 0,
      "unexercisedValue": 0
    },
    {
      "maxAge": 1,
      "name": "Mr. Dean C. Athanasia",
      "age": 57,
      "title": "President of Regional Banking",
      "yearBorn": 1967,
      "fiscalYear": 2024,
      "totalPay": 6152473,
      "exercisedValue": 0,
      "unexercisedValue": 0
    },
    {
      "maxAge": 1,
      "name": "Mr. James P. DeMare",
      "age": 54,
      "title": "President of Global Markets",
      "yearBorn": 1970,
      "fiscalYear": 2024,
      "totalPay": 8549422,
      "exercisedValue": 0,
      "unexercisedValue": 0
    },
    {
      "maxAge": 1,
      "name": "Mr. Thomas M. Scrivener",
      "age": 52,
      "title": "Chief Operations Executive",
      "yearBorn": 1972,
      "fiscalYear": 2024,
      "exercisedValue": 0,
      "unexercisedValue": 0
    },
    {
      "maxAge": 1,
      "name": "Mr. Johnbull E. Okpara",
      "age": 52,
      "title": "Chief Accounting Officer",
      "yearBorn": 1972,
      "fiscalYear": 2024,
      "exercisedValue": 0,
      "unexercisedValue": 0
    },
    {
      "maxAge": 1,
      "name": "Mr. Aditya  Bhasin",
      "age": 50,
      "title": "Chief Technology & Information Officer",
      "yearBorn": 1974,
      "fiscalYear": 2024,
      "exercisedValue": 0,
      "unexercisedValue": 0
    },
    {
      "maxAge": 1,
      "name": "Mr. E. Lee McEntire",
      "title": "Head of Investor Relations & Local Markets Organization",
      "fiscalYear": 2024,
      "exercisedValue": 0,
      "unexercisedValue": 0
    },
    {
      "maxAge": 1,
      "name": "Ms. Lauren A. Mogensen J.D.",
      "age": 61,
      "title": "Global General Counsel",
      "yearBorn": 1963,
      "fiscalYear": 2024,
      "exercisedValue": 0,
      "unexercisedValue": 0
    }
  ],
  "auditRisk": 5,
  "boardRisk": 7,
  "compensationRisk": 7,
  "shareHolderRightsRisk": 1,
  "overallRisk": 4,
  "governanceEpochDate": 1743465600,
  "compensationAsOfEpochDate": 1735603200,
  "irWebsite": "http://investor.bankofamerica.com/phoenix.zhtml?c=71595&p=irol-sec",
  "executiveTeam": [],
  "maxAge": 86400,
  "priceHint": 2,
  "previousClose": 36.67,
  "open": 37.8,
  "dayLow": 37.795,
  "dayHigh": 38.74,
  "regularMarketPreviousClose": 36.67,
  "regularMarketOpen": 37.8,
  "regularMarketDayLow": 37.795,
  "regularMarketDayHigh": 38.74,
  "dividendRate": 1.04,
  "dividendYield": 2.84,
  "exDividendDate": 1741305600,
  "payoutRatio": 0.31149998,
  "fiveYearAvgDividendYield": 2.44,
  "beta": 1.254,
  "trailingPE": 11.834891,
  "forwardPE": 10.379782,
  "volume": 77147005,
  "regularMarketVolume": 77147005,
  "averageVolume": 46756337,
  "averageVolume10days": 85555110,
  "averageDailyVolume10Day": 85555110,
  "bid": 38.02,
  "ask": 38.0,
  "bidSize": 14,
  "askSize": 13,
  "marketCap": 288830390272,
  "fiftyTwoWeekLow": 33.07,
  "fiftyTwoWeekHigh": 48.08,
  "priceToSalesTrailing12Months": 3.0065827,
  "fiftyDayAverage": 42.4554,
  "twoHundredDayAverage": 42.523,
  "trailingAnnualDividendRate": 1.0,
  "trailingAnnualDividendYield": 0.02727025,
  "currency": "USD",
  "tradeable": false,
  "enterpriseValue": 270594523136,
  "profitMargins": 0.28243,
  "floatShares": 7577984857,
  "sharesOutstanding": 7602800128,
  "sharesShort": 83837217,
  "sharesShortPriorMonth": 78488330,
  "sharesShortPreviousMonthDate": 1740700800,
  "dateShortInterest": 1743379200,
  "sharesPercentSharesOut": 0.011,
  "heldPercentInsiders": 0.09054,
  "heldPercentInstitutions": 0.66214997,
  "shortRatio": 1.85,
  "shortPercentOfFloat": 0.011,
  "impliedSharesOutstanding": 7878490112,
  "bookValue": 35.791,
  "priceToBook": 1.0614401,
  "lastFiscalYearEnd": 1735603200,
  "nextFiscalYearEnd": 1767139200,
  "mostRecentQuarter": 1735603200,
  "earningsQuarterlyGrowth": 1.12,
  "netIncomeToCommon": 25503000576,
  "trailingEps": 3.21,
  "forwardEps": 3.66,
  "lastSplitFactor": "2:1",
  "lastSplitDate": 1093824000,
  "enterpriseToRevenue": 2.817,
  "52WeekChange": 0.05738175,
  "SandP52WeekChange": 0.07019031,
  "lastDividendValue": 0.26,
  "lastDividendDate": 1741305600,
  "quoteType": "EQUITY",
  "currentPrice": 37.99,
  "targetHighPrice": 58.0,
  "targetLowPrice": 43.0,
  "targetMeanPrice": 49.78571,
  "targetMedianPrice": 50.0,
  "recommendationMean": 1.5,
  "recommendationKey": "strong_buy",
  "numberOfAnalystOpinions": 21,
  "totalCash": 748875022336,
  "totalCashPerShare": 98.476,
  "totalDebt": 717446971392,
  "totalRevenue": 96066002944,
  "revenuePerShare": 12.229,
  "returnOnAssets": 0.00842,
  "returnOnEquity": 0.09241,
  "grossProfits": 96066002944,
  "operatingCashflow": -8805000192,
  "earningsGrowth": 1.427,
  "revenueGrowth": 0.064,
  "grossMargins": 0.0,
  "ebitdaMargins": 0.0,
  "operatingMargins": 0.29747,
  "financialCurrency": "USD",
  "symbol": "BAC",
  "language": "en-US",
  "region": "US",
  "typeDisp": "Equity",
  "quoteSourceName": "Nasdaq Real Time Price",
  "triggerable": true,
  "customPriceAlertConfidence": "HIGH",
  "corporateActions": [],
  "postMarketTime": 1744754571,
  "regularMarketTime": 1744747202,
  "exchange": "NYQ",
  "messageBoardId": "finmb_19049",
  "exchangeTimezoneName": "America/New_York",
  "exchangeTimezoneShortName": "EDT",
  "gmtOffSetMilliseconds": -14400000,
  "market": "us_market",
  "esgPopulated": false,
  "firstTradeDateMilliseconds": 99153000000,
  "postMarketChangePercent": -0.38168058,
  "postMarketPrice": 37.845,
  "postMarketChange": -0.14500046,
  "regularMarketChange": 1.32,
  "regularMarketDayRange": "37.795 - 38.74",
  "fullExchangeName": "NYSE",
  "averageDailyVolume3Month": 46756337,
  "fiftyTwoWeekLowChange": 4.920002,
  "fiftyTwoWeekLowChangePercent": 0.14877538,
  "fiftyTwoWeekRange": "33.07 - 48.08",
  "fiftyTwoWeekHighChange": -10.09,
  "fiftyTwoWeekHighChangePercent": -0.20985857,
  "fiftyTwoWeekChangePercent": 5.738175,
  "dividendDate": 1743120000,
  "earningsTimestamp": 1744720200,
  "earningsTimestampStart": 1744720200,
  "earningsTimestampEnd": 1744720200,
  "earningsCallTimestampStart": 1744720200,
  "earningsCallTimestampEnd": 1744720200,
  "isEarningsDateEstimate": false,
  "regularMarketChangePercent": 3.59968,
  "regularMarketPrice": 37.99,
  "marketState": "POST",
  "shortName": "Bank of America Corporation",
  "longName": "Bank of America Corporation",
  "hasPrePostMarketData": true,
  "epsTrailingTwelveMonths": 3.21,
  "epsForward": 3.66,
  "epsCurrentYear": 3.4,
  "priceEpsCurrentYear": 11.17353,
  "fiftyDayAverageChange": -4.465397,
  "fiftyDayAverageChangePercent": -0.10517854,
  "twoHundredDayAverageChange": -4.532997,
  "twoHundredDayAverageChangePercent": -0.10660107,
  "sourceInterval": 15,
  "exchangeDataDelayedBy": 0,
  "averageAnalystRating": "1.5 - Strong Buy",
  "cryptoTradeable": false,
  "displayName": "Bank of America",
  "trailingPegRatio": 1.3857
}