[
  {
    "id": "c72166fc-113f-3cf3-9ce6-753ed1057370",
    "content": {
      "id": "c72166fc-113f-3cf3-9ce6-753ed1057370",
      "contentType": "VIDEO",
      "title": "Citi and BofA earnings, Johnson & Johnson, China blocks Boeing",
      "description": "<p>On today's <a data-i13n=\"cpos:1;pos:1\" href=\"https://finance.yahoo.com/videos/series/market-minute/\">Market Minute</a>, <a data-i13n=\"cpos:2;pos:1\" href=\"https://finance.yahoo.com/author/madison-mills/\">Madison Mills</a> recaps the trending stories on Wall Street in just 60 seconds.</p>\n<p>Citigroup (<a data-i13n=\"cpos:3;pos:1\" href=\"https://finance.yahoo.com/quote/C\">C</a>) and Bank of America (<a data-i13n=\"cpos:4;pos:1\" href=\"https://finance.yahoo.com/quote/BAC\">BAC</a>) stocks gain after reporting earnings that beat analyst estimates.</p>\n<p>Johnson & Johnson (<a data-i13n=\"cpos:5;pos:1\" href=\"https://finance.yahoo.com/quote/JNJ\">JNJ</a>) is in focus after reporting earnings results as US President Trump pushes for tariffs on pharmaceutical imports into the US.</p>\n<p>China reportedly stopped deliveries of Boeing (<a data-i13n=\"cpos:6;pos:1\" href=\"https://finance.yahoo.com/quote/BA\">BA</a>) orders as the US–China trade war continues, according to <a data-i13n=\"cpos:7;pos:1\" href=\"https://finance.yahoo.com/news/ground-zero-china-trade-boom-120000112.html\">reporting from Bloomberg</a>.</p>\n<p>Stay up to date on the latest market action, minute-by-minute, with <a data-i13n=\"cpos:8;pos:1\" href=\"https://finance.yahoo.com/videos/series/market-minute/\">Yahoo Finance's Market Minute.</a></p>",
      "summary": "On today's Market Minute, Madison Mills recaps the trending stories on Wall Street in just 60 seconds. Citigroup (C) and Bank of America (BAC) stocks gain after reporting earnings that beat analyst estimates. Johnson & Johnson (JNJ) is in focus after reporting earnings results as US President Trump pushes for tariffs on pharmaceutical imports into the US. China reportedly stopped deliveries of Boeing (BA) orders as the US–China trade war continues, according to reporting from Bloomberg. Stay up to date on the latest market action, minute-by-minute, with Yahoo Finance's Market Minute.",
      "pubDate": "2025-04-15T15:15:32Z",
      "displayTime": "",
      "isHosted": true,
      "bypassModal": false,
      "previewUrl": null,
      "thumbnail": {
        "originalUrl": "https://s.yimg.com/os/creatr-uploaded-images/2025-04/ed156490-1a0b-11f0-af17-4d1b05eaed56",
        "originalWidth": 2338,
        "originalHeight": 1316,
        "caption": "",
        "resolutions": [
          {
            "url": "https://s.yimg.com/uu/api/res/1.2/L66.oOpO78_p5F_yFn3TPA--~B/aD0xMzE2O3c9MjMzODthcHBpZD15dGFjaHlvbg--/https://s.yimg.com/os/creatr-uploaded-images/2025-04/ed156490-1a0b-11f0-af17-4d1b05eaed56",
            "width": 2338,
            "height": 1316,
            "tag": "original"
          },
          {
            "url": "https://s.yimg.com/uu/api/res/1.2/G5v6JkTKle_OaOi5M.KlOQ--~B/Zmk9c3RyaW07aD0xMjg7dz0xNzA7YXBwaWQ9eXRhY2h5b24-/https://s.yimg.com/os/creatr-uploaded-images/2025-04/ed156490-1a0b-11f0-af17-4d1b05eaed56",
            "width": 170,
            "height": 128,
            "tag": "170x128"
          }
        ]
      },
      "provider": {
        "displayName": "Yahoo Finance Video",
        "url": "https://finance.yahoo.com/"
      },
      "canonicalUrl": {
        "url": "https://finance.yahoo.com/video/citi-bofa-earnings-johnson-johnson-151532919.html",
        "site": "finance",
        "region": "US",
        "lang": "en-US"
      },
      "clickThroughUrl": {
        "url": "https://finance.yahoo.com/video/citi-bofa-earnings-johnson-johnson-151532919.html",
        "site": "finance",
        "region": "US",
        "lang": "en-US"
      },
      "metadata": {
        "editorsPick": true
      },
      "finance": {
        "premiumFinance": {
          "isPremiumNews": false,
          "isPremiumFreeNews": false
        }
      },
      "storyline": {
        "storylineItems": [
          {
            "content": {
              "id": "b3a8d9ee-fc49-34f3-9df9-3309fbbf24fc",
              "contentType": "VIDEO",
              "isHosted": true,
              "title": "BofA, Citi earnings are 'encouraging' for financial sector",
              "thumbnail": {
                "originalUrl": "https://s.yimg.com/os/creatr-uploaded-images/2025-04/e6556f10-1a06-11f0-9ffd-548d716359dc",
                "originalWidth": 4914,
                "originalHeight": 2767,
                "caption": "",
                "resolutions": null
              },
              "provider": {
                "displayName": "Yahoo Finance Video",
                "sourceId": "video.yahoofinance.com"
              },
              "previewUrl": null,
              "providerContentUrl": "",
              "canonicalUrl": {
                "url": "https://finance.yahoo.com/video/bofa-citi-earnings-encouraging-financial-145806935.html"
              },
              "clickThroughUrl": {
                "url": "https://finance.yahoo.com/video/bofa-citi-earnings-encouraging-financial-145806935.html"
              }
            }
          },
          {
            "content": {
              "id": "7c1bef58-7a6d-3e6d-9b29-6845b044da71",
              "contentType": "VIDEO",
              "isHosted": true,
              "title": "Futures waver, China halts Boeing deliveries, bank earnings: 3 Things",
              "thumbnail": {
                "originalUrl": "https://s.yimg.com/os/creatr-uploaded-images/2025-04/3dba7180-19fb-11f0-be7f-f1649bf99150",
                "originalWidth": 5900,
                "originalHeight": 3322,
                "caption": "",
                "resolutions": null
              },
              "provider": {
                "displayName": "Yahoo Finance Video",
                "sourceId": "video.yahoofinance.com"
              },
              "previewUrl": null,
              "providerContentUrl": "",
              "canonicalUrl": {
                "url": "https://finance.yahoo.com/video/futures-waver-china-halts-boeing-131220346.html"
              },
              "clickThroughUrl": {
                "url": "https://finance.yahoo.com/video/futures-waver-china-halts-boeing-131220346.html"
              }
            }
          }
        ]
      }
    }
  },
  {
    "id": "b384060c-12e2-4a8b-8cee-2332b95a1b39",
    "content": {
      "id": "b384060c-12e2-4a8b-8cee-2332b95a1b39",
      "contentType": "STORY",
      "title": "BofA's Moynihan says 'we potentially face a changing economy' after stock traders post record haul",
      "description": "",
      "summary": "Bank of America reported a first-quarter rise in profits and revenue driven by robust trading results, becoming the latest big bank to benefit from the market volatility surrounding President Trump’s tariff rollout.",
      "pubDate": "2025-04-15T11:20:48Z",
      "displayTime": "2025-04-15T12:24:28Z",
      "isHosted": true,
      "bypassModal": false,
      "previewUrl": null,
      "thumbnail": {
        "originalUrl": "https://s.yimg.com/os/creatr-uploaded-images/2024-04/90c8e320-fbde-11ee-beec-536b4cae8feb",
        "originalWidth": 3347,
        "originalHeight": 2123,
        "caption": "",
        "resolutions": [
          {
            "url": "https://s.yimg.com/uu/api/res/1.2/tbsRqFesMUA2BM_RcG13VA--~B/aD0yMTIzO3c9MzM0NzthcHBpZD15dGFjaHlvbg--/https://s.yimg.com/os/creatr-uploaded-images/2024-04/90c8e320-fbde-11ee-beec-536b4cae8feb",
            "width": 3347,
            "height": 2123,
            "tag": "original"
          },
          {
            "url": "https://s.yimg.com/uu/api/res/1.2/FEIIYcJB2eFzbGorg4n5lw--~B/Zmk9c3RyaW07aD0xMjg7dz0xNzA7YXBwaWQ9eXRhY2h5b24-/https://s.yimg.com/os/creatr-uploaded-images/2024-04/90c8e320-fbde-11ee-beec-536b4cae8feb",
            "width": 170,
            "height": 128,
            "tag": "170x128"
          }
        ]
      },
      "provider": {
        "displayName": "Yahoo Finance",
        "url": "http://finance.yahoo.com/"
      },
      "canonicalUrl": {
        "url": "https://finance.yahoo.com/news/bofas-moynihan-says-we-potentially-face-a-changing-economy-after-stock-traders-post-record-haul-112048249.html",
        "site": "finance",
        "region": "US",
        "lang": "en-US"
      },
      "clickThroughUrl": {
        "url": "https://finance.yahoo.com/news/bofas-moynihan-says-we-potentially-face-a-changing-economy-after-stock-traders-post-record-haul-112048249.html",
        "site": "finance",
        "region": "US",
        "lang": "en-US"
      },
      "metadata": {
        "editorsPick": true
      },
      "finance": {
        "premiumFinance": {
          "isPremiumNews": false,
          "isPremiumFreeNews": false
        }
      },
      "storyline": null
    }
  },
  {
    "id": "0e7e3585-8919-328e-ad0b-a9063c7ebde8",
    "content": {
      "id": "0e7e3585-8919-328e-ad0b-a9063c7ebde8",
      "contentType": "VIDEO",
      "title": "Big Bank earnings, Fed commentary, tax deadline: What to Watch",
      "description": "<p>Yahoo Finance host <a data-i13n=\"cpos:1;pos:1\" href=\"https://finance.yahoo.com/author/josh-lipton/\">Josh Lipton</a> highlights what to watch on Tuesday, April 15.</p>\n<p>Earnings reports are expected from Johnson & Johnson (<a data-i13n=\"cpos:2;pos:1\" href=\"https://finance.yahoo.com/quote/JNJ\">JNJ</a>), Albertsons (<a data-i13n=\"cpos:3;pos:1\" href=\"https://finance.yahoo.com/quote/ACI\">ACI</a>), and United Airlines (<a data-i13n=\"cpos:4;pos:1\" href=\"https://finance.yahoo.com/quote/UAL\">UAL</a>), as well as major banks like Bank of America (<a data-i13n=\"cpos:5;pos:1\" href=\"https://finance.yahoo.com/quote/BAC\">BAC</a>) and Citi (<a data-i13n=\"cpos:6;pos:1\" href=\"https://finance.yahoo.com/quote/C\">C</a>).</p>\n<p>Fresh Federal Reserve commentary is coming as Fed Governor Lisa Cook is set to speak.</p>\n<p>The deadline to file 2024 federal income tax returns is also on Tuesday.</p>\n<p>To watch more expert insights and analysis on the latest market action, check out more Market Domination Overtime <a data-i13n=\"cpos:7;pos:1\" href=\"https://finance.yahoo.com/videos/series/market-domination-overtime/\">here</a>.</p>",
      "summary": "Yahoo Finance host Josh Lipton highlights what to watch on Tuesday, April 15. Earnings reports are expected from Johnson & Johnson (JNJ), Albertsons (ACI), and United Airlines (UAL), as well as major banks like Bank of America (BAC) and Citi (C). Fresh Federal Reserve commentary is coming as Fed Governor Lisa Cook is set to speak. The deadline to file 2024 federal income tax returns is also on Tuesday. To watch more expert insights and analysis on the latest market action, check out more Market Domination Overtime&nbsp;here.",
      "pubDate": "2025-04-14T23:00:00Z",
      "displayTime": "",
      "isHosted": true,
      "bypassModal": false,
      "previewUrl": null,
      "thumbnail": {
        "originalUrl": "https://s.yimg.com/os/creatr-uploaded-images/2025-04/a969b620-1979-11f0-85ff-bb1fb506a53c",
        "originalWidth": 1920,
        "originalHeight": 1080,
        "caption": "",
        "resolutions": [
          {
            "url": "https://s.yimg.com/uu/api/res/1.2/ZHOxcP67ffTAuALf5XUOyA--~B/aD0xMDgwO3c9MTkyMDthcHBpZD15dGFjaHlvbg--/https://s.yimg.com/os/creatr-uploaded-images/2025-04/a969b620-1979-11f0-85ff-bb1fb506a53c",
            "width": 1920,
            "height": 1080,
            "tag": "original"
          },
          {
            "url": "https://s.yimg.com/uu/api/res/1.2/MTrF3B135r77OT4zejwq8Q--~B/Zmk9c3RyaW07aD0xMjg7dz0xNzA7YXBwaWQ9eXRhY2h5b24-/https://s.yimg.com/os/creatr-uploaded-images/2025-04/a969b620-1979-11f0-85ff-bb1fb506a53c",
            "width": 170,
            "height": 128,
            "tag": "170x128"
          }
        ]
      },
      "provider": {
        "displayName": "Yahoo Finance Video",
        "url": "https://finance.yahoo.com/"
      },
      "canonicalUrl": {
        "url": "https://finance.yahoo.com/video/big-bank-earnings-fed-commentary-230000867.html",
        "site": "finance",
        "region": "US",
        "lang": "en-US"
      },
      "clickThroughUrl": {
        "url": "https://finance.yahoo.com/video/big-bank-earnings-fed-commentary-230000867.html",
        "site": "finance",
        "region": "US",
        "lang": "en-US"
      },
      "metadata": {
        "editorsPick": true
      },
      "finance": {
        "premiumFinance": {
          "isPremiumNews": false,
          "isPremiumFreeNews": false
        }
      },
      "storyline": null
    }
  },
  {
    "id": "ccd74786-6a59-3e95-9cdc-1cead598c5b9",
    "content": {
      "id": "ccd74786-6a59-3e95-9cdc-1cead598c5b9",
      "contentType": "STORY",
      "title": "Stocks fizzle after two-day rally driven by bank earnings and tech",
      "description": "",
      "summary": "Stocks closed lower Tuesday, snapping a two-day rally as investor jitters returned to the fore.",
      "pubDate": "2025-04-15T20:44:00Z",
      "displayTime": "2025-04-15T20:44:00Z",
      "isHosted": true,
      "bypassModal": false,
      "previewUrl": null,
      "thumbnail": {
        "originalUrl": "https://media.zenfs.com/en/quartz.com/28e61168bcbbf305514780f7cc1342cb",
        "originalWidth": 636,
        "originalHeight": 424,
        "caption": "",
        "resolutions": [
          {
            "url": "https://s.yimg.com/uu/api/res/1.2/.heKqq4K1mcwv00EH_Q3gg--~B/aD00MjQ7dz02MzY7YXBwaWQ9eXRhY2h5b24-/https://media.zenfs.com/en/quartz.com/28e61168bcbbf305514780f7cc1342cb",
            "width": 636,
            "height": 424,
            "tag": "original"
          },
          {
            "url": "https://s.yimg.com/uu/api/res/1.2/nsjZZ3HCqNNhN9qV5BxDNA--~B/Zmk9c3RyaW07aD0xMjg7dz0xNzA7YXBwaWQ9eXRhY2h5b24-/https://media.zenfs.com/en/quartz.com/28e61168bcbbf305514780f7cc1342cb",
            "width": 170,
            "height": 128,
            "tag": "170x128"
          }
        ]
      },
      "provider": {
        "displayName": "Quartz",
        "url": "http://www.qz.com"
      },
      "canonicalUrl": {
        "url": "https://finance.yahoo.com/news/wall-street-banks-cashing-trade-123249767.html",
        "site": "finance",
        "region": "US",
        "lang": "en-US"
      },
      "clickThroughUrl": {
        "url": "https://finance.yahoo.com/news/wall-street-banks-cashing-trade-123249767.html",
        "site": "finance",
        "region": "US",
        "lang": "en-US"
      },
      "metadata": {
        "editorsPick": false
      },
      "finance": {
        "premiumFinance": {
          "isPremiumNews": false,
          "isPremiumFreeNews": false
        }
      },
      "storyline": null
    }
  },
  {
    "id": "2920ee04-a4f3-3cad-a158-28d659163792",
    "content": {
      "id": "2920ee04-a4f3-3cad-a158-28d659163792",
      "contentType": "STORY",
      "title": "Stocks Halt Rally Amid Lingering Trade-War Risks: Markets Wrap",
      "description": "",
      "summary": "(Bloomberg) -- Stocks whipsawed as President Donald Trump’s fast-evolving tariff war with top trade partners showed little signs of abating, leaving investors unwilling to take on too much risk after a two-day rally.Most Read from BloombergHow Did This Suburb Figure Out Mass Transit?Even Oslo Has an Air Quality ProblemLA County Floats Leaner Budget Burdened by Fire and Legal Costs$15 Million Fund Bets Leadership Training Can Improve Chicago PolicingThat’s even as results from Wall Street’s finan",
      "pubDate": "2025-04-15T20:15:30Z",
      "displayTime": "2025-04-15T20:15:30Z",
      "isHosted": true,
      "bypassModal": false,
      "previewUrl": null,
      "thumbnail": {
        "originalUrl": "https://media.zenfs.com/en/bloomberg_holding_pen_162/918a6c76c2f7ec8e1cf6fb8a8d476aa0",
        "originalWidth": 1200,
        "originalHeight": 675,
        "caption": "",
        "resolutions": [
          {
            "url": "https://s.yimg.com/uu/api/res/1.2/eBBRJyOLT_dNvpWn1wSZuw--~B/aD02NzU7dz0xMjAwO2FwcGlkPXl0YWNoeW9u/https://media.zenfs.com/en/bloomberg_holding_pen_162/918a6c76c2f7ec8e1cf6fb8a8d476aa0",
            "width": 1200,
            "height": 675,
            "tag": "original"
          },
          {
            "url": "https://s.yimg.com/uu/api/res/1.2/7MbYVwhAGgaNgVyqUdhwWw--~B/Zmk9c3RyaW07aD0xMjg7dz0xNzA7YXBwaWQ9eXRhY2h5b24-/https://media.zenfs.com/en/bloomberg_holding_pen_162/918a6c76c2f7ec8e1cf6fb8a8d476aa0",
            "width": 170,
            "height": 128,
            "tag": "170x128"
          }
        ]
      },
      "provider": {
        "displayName": "Bloomberg",
        "url": "https://www.bloomberg.com/company"
      },
      "canonicalUrl": {
        "url": "https://finance.yahoo.com/news/stocks-rise-led-japan-auto-040211765.html",
        "site": "finance",
        "region": "US",
        "lang": "en-US"
      },
      "clickThroughUrl": {
        "url": "https://finance.yahoo.com/news/stocks-rise-led-japan-auto-040211765.html",
        "site": "finance",
        "region": "US",
        "lang": "en-US"
      },
      "metadata": {
        "editorsPick": false
      },
      "finance": {
        "premiumFinance": {
          "isPremiumNews": false,
          "isPremiumFreeNews": false
        }
      },
      "storyline": null
    }
  },
  {
    "id": "05dbfc24-c26d-3a9b-8683-7997581c6245",
    "content": {
      "id": "05dbfc24-c26d-3a9b-8683-7997581c6245",
      "contentType": "STORY",
      "title": "Stock Market Today: Dow Jones, S&P 500 Close Lower; But This Recent IPO Name Bolts Higher For 3rd Straight Day (Live Coverage)",
      "description": "",
      "summary": "Stocks showed weakness Tuesday with the major indexes closing lower. But a recent IPO name climbed for a third straight day.",
      "pubDate": "2025-04-15T20:10:01Z",
      "displayTime": "2025-04-15T20:10:01Z",
      "isHosted": false,
      "bypassModal": false,
      "previewUrl": "https://finance.yahoo.com/m/05dbfc24-c26d-3a9b-8683-7997581c6245/stock-market-today-dow.html",
      "thumbnail": {
        "originalUrl": "https://media.zenfs.com/en/ibd.com/082a456723a07faceed76599c00de18e",
        "originalWidth": 1065,
        "originalHeight": 600,
        "caption": "",
        "resolutions": [
          {
            "url": "https://s.yimg.com/uu/api/res/1.2/_rgLzjpk3a2tVQuLivDFaw--~B/aD02MDA7dz0xMDY1O2FwcGlkPXl0YWNoeW9u/https://media.zenfs.com/en/ibd.com/082a456723a07faceed76599c00de18e",
            "width": 1065,
            "height": 600,
            "tag": "original"
          },
          {
            "url": "https://s.yimg.com/uu/api/res/1.2/_KryrYW7ajVM0Y1xKdcSxA--~B/Zmk9c3RyaW07aD0xMjg7dz0xNzA7YXBwaWQ9eXRhY2h5b24-/https://media.zenfs.com/en/ibd.com/082a456723a07faceed76599c00de18e",
            "width": 170,
            "height": 128,
            "tag": "170x128"
          }
        ]
      },
      "provider": {
        "displayName": "Investor's Business Daily",
        "url": "http://www.investors.com/"
      },
      "canonicalUrl": {
        "url": "https://www.investors.com/market-trend/stock-market-today/dow-jones-sp500-nasdaq-bank-of-america-stock-bac-pltr-c-jnj/?src=A00220&yptr=yahoo",
        "site": "finance",
        "region": "US",
        "lang": "en-US"
      },
      "clickThroughUrl": null,
      "metadata": {
        "editorsPick": false
      },
      "finance": {
        "premiumFinance": {
          "isPremiumNews": false,
          "isPremiumFreeNews": false
        }
      },
      "storyline": null
    }
  },
  {
    "id": "a9ad62b3-cd3f-3aac-b08e-6d11e27b2882",
    "content": {
      "id": "a9ad62b3-cd3f-3aac-b08e-6d11e27b2882",
      "contentType": "STORY",
      "title": "Bank of America, Citi Stocks Rally; Wall Street Profits From Tariff Chaos",
      "description": "",
      "summary": "Wall Street is raking in even more money from trading than it did during the market’s Covid-19 era swings.  Goldman Sachs, JPMorgan Chase and Morgan Stanley all said a surge in trading revenue helped lift their profits last quarter and beat expectations.",
      "pubDate": "2025-04-15T19:36:39Z",
      "displayTime": "2025-04-15T19:36:39Z",
      "isHosted": false,
      "bypassModal": false,
      "previewUrl": "https://finance.yahoo.com/m/a9ad62b3-cd3f-3aac-b08e-6d11e27b2882/bank-of-america-citi-stocks.html",
      "thumbnail": {
        "originalUrl": "https://media.zenfs.com/en/wsj.com/7b2c285183be07ca3c4e8242b25a59a8",
        "originalWidth": 1200,
        "originalHeight": 630,
        "caption": "",
        "resolutions": [
          {
            "url": "https://s.yimg.com/uu/api/res/1.2/Fwf5HL4GsEGPbDfR3MJBPg--~B/aD02MzA7dz0xMjAwO2FwcGlkPXl0YWNoeW9u/https://media.zenfs.com/en/wsj.com/7b2c285183be07ca3c4e8242b25a59a8",
            "width": 1200,
            "height": 630,
            "tag": "original"
          },
          {
            "url": "https://s.yimg.com/uu/api/res/1.2/c34MZxHLZOfDYN2BBjM9ww--~B/Zmk9c3RyaW07aD0xMjg7dz0xNzA7YXBwaWQ9eXRhY2h5b24-/https://media.zenfs.com/en/wsj.com/7b2c285183be07ca3c4e8242b25a59a8",
            "width": 170,
            "height": 128,
            "tag": "170x128"
          }
        ]
      },
      "provider": {
        "displayName": "The Wall Street Journal",
        "url": "http://www.wsj.com/"
      },
      "canonicalUrl": {
        "url": "https://www.wsj.com/livecoverage/stock-market-trump-tariffs-trade-war-04-15-25/card/6E8II1Z4oLVRmXXYlSf9?siteid=yhoof2&yptr=yahoo",
        "site": "finance",
        "region": "US",
        "lang": "en-US"
      },
      "clickThroughUrl": null,
      "metadata": {
        "editorsPick": false
      },
      "finance": {
        "premiumFinance": {
          "isPremiumNews": false,
          "isPremiumFreeNews": false
        }
      },
      "storyline": null
    }
  },
  {
    "id": "e2f52aee-d678-3ddb-ba5d-e1729074f73d",
    "content": {
      "id": "e2f52aee-d678-3ddb-ba5d-e1729074f73d",
      "contentType": "STORY",
      "title": "Bank of America (BAC) Will Be ‘The Usual Fine Self’ – Jim Cramer Expects Steady Results",
      "description": "",
      "summary": "We recently published a list of Jim Cramer’s Game Plan: 15 Stocks to Watch. In this article, we are going to take a look at where Bank of America Corporation (NYSE:BAC) stands against other stocks that Jim Cramer discusses. On Friday, Mad Money host Jim Cramer outlined what investors should focus on in the week, […]",
      "pubDate": "2025-04-15T19:01:26Z",
      "displayTime": "2025-04-15T19:01:26Z",
      "isHosted": true,
      "bypassModal": false,
      "previewUrl": null,
      "thumbnail": {
        "originalUrl": "https://media.zenfs.com/en/insidermonkey.com/dc5a2bcb6b4c16a43cb5b4ba98feb139",
        "originalWidth": 600,
        "originalHeight": 800,
        "caption": "Bank of America (BAC) Will Be 'The Usual Fine Self' - Jim Cramer Expects Steady Results",
        "resolutions": [
          {
            "url": "https://s.yimg.com/uu/api/res/1.2/wnLQsLNcrpv.Qq7Mojnmbg--~B/aD04MDA7dz02MDA7YXBwaWQ9eXRhY2h5b24-/https://media.zenfs.com/en/insidermonkey.com/dc5a2bcb6b4c16a43cb5b4ba98feb139",
            "width": 600,
            "height": 800,
            "tag": "original"
          },
          {
            "url": "https://s.yimg.com/uu/api/res/1.2/q.MIPac5whTo3vtNOqDaFw--~B/Zmk9c3RyaW07aD0xMjg7dz0xNzA7YXBwaWQ9eXRhY2h5b24-/https://media.zenfs.com/en/insidermonkey.com/dc5a2bcb6b4c16a43cb5b4ba98feb139",
            "width": 170,
            "height": 128,
            "tag": "170x128"
          }
        ]
      },
      "provider": {
        "displayName": "Insider Monkey",
        "url": "http://www.insidermonkey.com"
      },
      "canonicalUrl": {
        "url": "https://finance.yahoo.com/news/bank-america-bac-usual-fine-190126820.html",
        "site": "finance",
        "region": "US",
        "lang": "en-US"
      },
      "clickThroughUrl": {
        "url": "https://finance.yahoo.com/news/bank-america-bac-usual-fine-190126820.html",
        "site": "finance",
        "region": "US",
        "lang": "en-US"
      },
      "metadata": {
        "editorsPick": false
      },
      "finance": {
        "premiumFinance": {
          "isPremiumNews": false,
          "isPremiumFreeNews": false
        }
      },
      "storyline": null
    }
  },
  {
    "id": "44e87694-b98c-3a30-8fb7-073812865800",
    "content": {
      "id": "44e87694-b98c-3a30-8fb7-073812865800",
      "contentType": "STORY",
      "title": "Merrill Lynch, BofA Private Bank Post Flat First-Quarter Profit While Assets, Clients Increase",
      "description": "",
      "summary": "Merrill Lynch and Bank of America’s Private Bank posted a flat profit for the first quarter of 2025 amid a strong earnings beat for their parent company.  BofA’s  wealth unit reported net income of $1 billion in the first quarter, down 0.1% from the fourth quarter and nearly identical to the first quarter in 2024.  The wealth division reported total revenue of $6.02 billion for the first quarter, up nearly 8% from $5.59 billion a year ago as clients and assets under management both increased during the period.",
      "pubDate": "2025-04-15T17:52:00Z",
      "displayTime": "2025-04-15T17:52:00Z",
      "isHosted": false,
      "bypassModal": false,
      "previewUrl": "https://finance.yahoo.com/m/44e87694-b98c-3a30-8fb7-073812865800/merrill-lynch-bofa-private.html",
      "thumbnail": {
        "originalUrl": "https://media.zenfs.com/en/Barrons.com/ef3d40cf5d31aa1ed77cefceacc3ecd3",
        "originalWidth": 1280,
        "originalHeight": 640,
        "caption": "",
        "resolutions": [
          {
            "url": "https://s.yimg.com/uu/api/res/1.2/UrXSozW4J2PdnaYUzjzd.g--~B/aD02NDA7dz0xMjgwO2FwcGlkPXl0YWNoeW9u/https://media.zenfs.com/en/Barrons.com/ef3d40cf5d31aa1ed77cefceacc3ecd3",
            "width": 1280,
            "height": 640,
            "tag": "original"
          },
          {
            "url": "https://s.yimg.com/uu/api/res/1.2/1lpEPt9j218Dq74d4JUsPA--~B/Zmk9c3RyaW07aD0xMjg7dz0xNzA7YXBwaWQ9eXRhY2h5b24-/https://media.zenfs.com/en/Barrons.com/ef3d40cf5d31aa1ed77cefceacc3ecd3",
            "width": 170,
            "height": 128,
            "tag": "170x128"
          }
        ]
      },
      "provider": {
        "displayName": "Barrons.com",
        "url": "http://www.barrons.com/"
      },
      "canonicalUrl": {
        "url": "https://www.barrons.com/advisor/articles/merrill-lynch-bank-of-america-first-quarter-earnings-fa43b53f?siteid=yhoof2&yptr=yahoo",
        "site": "finance",
        "region": "US",
        "lang": "en-US"
      },
      "clickThroughUrl": null,
      "metadata": {
        "editorsPick": false
      },
      "finance": {
        "premiumFinance": {
          "isPremiumNews": false,
          "isPremiumFreeNews": false
        }
      },
      "storyline": null
    }
  },
  {
    "id": "afc3e2e9-274d-3732-83d5-ec0b1075510f",
    "content": {
      "id": "afc3e2e9-274d-3732-83d5-ec0b1075510f",
      "contentType": "STORY",
      "title": "Big Banks Show Consumers Remained Resilient Heading Into Tariff Turmoil",
      "description": "",
      "summary": "Bank of America and Citigroup said consumer spending ticked higher in the first quarter, when concerns about the economy began to bubble up.",
      "pubDate": "2025-04-15T17:35:00Z",
      "displayTime": "2025-04-15T17:35:00Z",
      "isHosted": false,
      "bypassModal": false,
      "previewUrl": "https://finance.yahoo.com/m/afc3e2e9-274d-3732-83d5-ec0b1075510f/big-banks-show-consumers.html",
      "thumbnail": {
        "originalUrl": "https://media.zenfs.com/en/wsj.com/59d3d2beaba502493f9ec615121676a7",
        "originalWidth": 1280,
        "originalHeight": 640,
        "caption": "",
        "resolutions": [
          {
            "url": "https://s.yimg.com/uu/api/res/1.2/4A0mRKAIpjLhu8rS1AknuQ--~B/aD02NDA7dz0xMjgwO2FwcGlkPXl0YWNoeW9u/https://media.zenfs.com/en/wsj.com/59d3d2beaba502493f9ec615121676a7",
            "width": 1280,
            "height": 640,
            "tag": "original"
          },
          {
            "url": "https://s.yimg.com/uu/api/res/1.2/hcHKj9zlipaaqKI.8IdhkA--~B/Zmk9c3RyaW07aD0xMjg7dz0xNzA7YXBwaWQ9eXRhY2h5b24-/https://media.zenfs.com/en/wsj.com/59d3d2beaba502493f9ec615121676a7",
            "width": 170,
            "height": 128,
            "tag": "170x128"
          }
        ]
      },
      "provider": {
        "displayName": "The Wall Street Journal",
        "url": "http://www.wsj.com/"
      },
      "canonicalUrl": {
        "url": "https://www.wsj.com/finance/banking/bank-of-america-bac-earnings-q1-2025-tariffs-inflation-a1f8c59d?siteid=yhoof2&yptr=yahoo",
        "site": "finance",
        "region": "US",
        "lang": "en-US"
      },
      "clickThroughUrl": null,
      "metadata": {
        "editorsPick": false
      },
      "finance": {
        "premiumFinance": {
          "isPremiumNews": false,
          "isPremiumFreeNews": false
        }
      },
      "storyline": null
    }
  }
]