[
  {
    "index": 0,
    "Shares": 1905,
    "Value": 0,
    "URL": "",
    "Text": "Stock Award(Grant) at price 0.00 per share.",
    "Insider": "COLE TITILOPE",
    "Position": "Director",
    "Transaction": "",
    "Start Date": "2025-04-01",
    "Ownership": "D"
  },
  {
    "index": 1,
    "Shares": 39,
    "Value": 2879,
    "URL": "",
    "Text": "Stock Award(Grant) at price 72.18 per share.",
    "Insider": "VON KOSKULL CASPER WILHELM",
    "Position": "Director",
    "Transaction": "",
    "Start Date": "2025-04-01",
    "Ownership": "D/I"
  },
  {
    "index": 2,
    "Shares": 174,
    "Value": 12562,
    "URL": "",
    "Text": "Stock Award(Grant) at price 72.18 per share.",
    "Insider": "IRELAND SUSAN LESLIE",
    "Position": "Director",
    "Transaction": "",
    "Start Date": "2025-04-01",
    "Ownership": "D/I"
  },
  {
    "index": 3,
    "Shares": 16,
    "Value": 1186,
    "URL": "",
    "Text": "Stock Award(Grant) at price 72.18 per share.",
    "Insider": "DAILEY GRACE E.",
    "Position": "Director",
    "Transaction": "",
    "Start Date": "2025-04-01",
    "Ownership": "D"
  },
  {
    "index": 4,
    "Shares": 865,
    "Value": 62500,
    "URL": "",
    "Text": "Stock Award(Grant) at price 72.18 per share.",
    "Insider": "DUGAN JOHN CUNNINGHAM",
    "Position": "Director",
    "Transaction": "",
    "Start Date": "2025-04-01",
    "Ownership": "I"
  },
  {
    "index": 5,
    "Shares": 295,
    "Value": 21333,
    "URL": "",
    "Text": "Stock Award(Grant) at price 72.18 per share.",
    "Insider": "TURLEY JAMES S",
    "Position": "Director",
    "Transaction": "",
    "Start Date": "2025-04-01",
    "Ownership": "D/I"
  },
  {
    "index": 6,
    "Shares": 453,
    "Value": 32713,
    "URL": "",
    "Text": "Stock Award(Grant) at price 72.18 per share.",
    "Insider": "TAYLOR DIANA L",
    "Position": "Director",
    "Transaction": "",
    "Start Date": "2025-04-01",
    "Ownership": "D/I"
  },
  {
    "index": 7,
    "Shares": 235,
    "Value": 16973,
    "URL": "",
    "Text": "Stock Award(Grant) at price 72.18 per share.",
    "Insider": "JAMES RENEE JO",
    "Position": "Director",
    "Transaction": "",
    "Start Date": "2025-04-01",
    "Ownership": "D/I"
  },
  {
    "index": 8,
    "Shares": 623,
    "Value": 44966,
    "URL": "",
    "Text": "Stock Award(Grant) at price 72.18 per share.",
    "Insider": "REINER GARY M",
    "Position": "Director",
    "Transaction": "",
    "Start Date": "2025-04-01",
    "Ownership": "D"
  },
  {
    "index": 9,
    "Shares": 295,
    "Value": 21333,
    "URL": "",
    "Text": "Stock Award(Grant) at price 72.18 per share.",
    "Insider": "HENNES DUNCAN P",
    "Position": "Director",
    "Transaction": "",
    "Start Date": "2025-04-01",
    "Ownership": "D/I"
  },
  {
    "index": 10,
    "Shares": 1865,
    "Value": 0,
    "URL": "",
    "Text": "Stock Award(Grant) at price 0.00 per share.",
    "Insider": "CANTU ERNESTO TORRES",
    "Position": "Officer",
    "Transaction": "",
    "Start Date": "2025-02-20",
    "Ownership": "D"
  },
  {
    "index": 11,
    "Shares": 2038,
    "Value": 0,
    "URL": "",
    "Text": "Stock Award(Grant) at price 0.00 per share.",
    "Insider": "LIVINGSTONE DAVID",
    "Position": "Officer",
    "Transaction": "",
    "Start Date": "2025-02-20",
    "Ownership": "D"
  },
  {
    "index": 12,
    "Shares": 89008,
    "Value": 0,
    "URL": "",
    "Text": "Stock Gift at price 0.00 per share.",
    "Insider": "CANTU ERNESTO TORRES",
    "Position": "Officer",
    "Transaction": "",
    "Start Date": "2025-02-14",
    "Ownership": "D"
  },
  {
    "index": 13,
    "Shares": 3073,
    "Value": 0,
    "URL": "",
    "Text": "Stock Gift at price 0.00 per share.",
    "Insider": "MASON MARK",
    "Position": "Chief Financial Officer",
    "Transaction": "",
    "Start Date": "2025-02-14",
    "Ownership": "D"
  },
  {
    "index": 14,
    "Shares": 58465,
    "Value": 4864791,
    "URL": "",
    "Text": "Sale at price 83.21 per share.",
    "Insider": "MASON MARK",
    "Position": "Chief Financial Officer",
    "Transaction": "",
    "Start Date": "2025-02-14",
    "Ownership": "D"
  },
  {
    "index": 15,
    "Shares": 35545,
    "Value": 2929263,
    "URL": "",
    "Text": "Sale at price 82.41 per share.",
    "Insider": "SKYLER EDWARD",
    "Position": "Officer",
    "Transaction": "",
    "Start Date": "2025-02-14",
    "Ownership": "D"
  },
  {
    "index": 16,
    "Shares": 1875,
    "Value": 0,
    "URL": "",
    "Text": "Stock Gift at price 0.00 per share.",
    "Insider": "WECHTER SARA",
    "Position": "Officer",
    "Transaction": "",
    "Start Date": "2025-02-13",
    "Ownership": "D"
  },
  {
    "index": 17,
    "Shares": 15125,
    "Value": 1225284,
    "URL": "",
    "Text": "Sale at price 81.01 - 81.02 per share.",
    "Insider": "WECHTER SARA",
    "Position": "Officer",
    "Transaction": "",
    "Start Date": "2025-02-13",
    "Ownership": "D"
  },
  {
    "index": 18,
    "Shares": 30000,
    "Value": 2433147,
    "URL": "",
    "Text": "Sale at price 81.09 - 81.14 per share.",
    "Insider": "SELVAKESARI ANAND",
    "Position": "Chief Operating Officer",
    "Transaction": "",
    "Start Date": "2025-02-13",
    "Ownership": "D"
  },
  {
    "index": 19,
    "Shares": 20000,
    "Value": 1624454,
    "URL": "",
    "Text": "Sale at price 81.21 - 81.24 per share.",
    "Insider": "MCINTOSH BRENT",
    "Position": "Officer",
    "Transaction": "",
    "Start Date": "2025-02-13",
    "Ownership": "D"
  },
  {
    "index": 20,
    "Shares": 16354,
    "Value": 1330573,
    "URL": "",
    "Text": "Sale at price 81.36 per share.",
    "Insider": "LUCHETTI GONZALO",
    "Position": "Officer",
    "Transaction": "",
    "Start Date": "2025-02-13",
    "Ownership": "D"
  },
  {
    "index": 21,
    "Shares": 30000,
    "Value": 2451125,
    "URL": "",
    "Text": "Sale at price 81.70 - 81.72 per share.",
    "Insider": "KHALIQ SYED SHAHMIR",
    "Position": "Officer",
    "Transaction": "",
    "Start Date": "2025-02-13",
    "Ownership": "D"
  },
  {
    "index": 22,
    "Shares": 44208,
    "Value": 0,
    "URL": "",
    "Text": "Stock Award(Grant) at price 0.00 per share.",
    "Insider": "TUREK ZDENEK",
    "Position": "Officer",
    "Transaction": "",
    "Start Date": "2025-02-13",
    "Ownership": "D"
  },
  {
    "index": 23,
    "Shares": 38518,
    "Value": 0,
    "URL": "",
    "Text": "Stock Award(Grant) at price 0.00 per share.",
    "Insider": "SELVAKESARI ANAND",
    "Position": "Chief Operating Officer",
    "Transaction": "",
    "Start Date": "2025-02-13",
    "Ownership": "D"
  },
  {
    "index": 24,
    "Shares": 29493,
    "Value": 0,
    "URL": "",
    "Text": "Stock Award(Grant) at price 0.00 per share.",
    "Insider": "GARG SUNIL",
    "Position": "Officer",
    "Transaction": "",
    "Start Date": "2025-02-13",
    "Ownership": "D"
  },
  {
    "index": 25,
    "Shares": 33598,
    "Value": 0,
    "URL": "",
    "Text": "Stock Award(Grant) at price 0.00 per share.",
    "Insider": "KHALIQ SYED SHAHMIR",
    "Position": "Officer",
    "Transaction": "",
    "Start Date": "2025-02-13",
    "Ownership": "D"
  },
  {
    "index": 26,
    "Shares": 75615,
    "Value": 0,
    "URL": "",
    "Text": "Stock Award(Grant) at price 0.00 per share.",
    "Insider": "MORTON ANDREW JOHN",
    "Position": "Officer",
    "Transaction": "",
    "Start Date": "2025-02-13",
    "Ownership": "D"
  },
  {
    "index": 27,
    "Shares": 81049,
    "Value": 0,
    "URL": "",
    "Text": "Stock Award(Grant) at price 0.00 per share.",
    "Insider": "RAGHAVAN VISWAS",
    "Position": "Officer",
    "Transaction": "",
    "Start Date": "2025-02-13",
    "Ownership": "D"
  },
  {
    "index": 28,
    "Shares": 33156,
    "Value": 0,
    "URL": "",
    "Text": "Stock Award(Grant) at price 0.00 per share.",
    "Insider": "RYAN TIMOTHY",
    "Position": "Officer",
    "Transaction": "",
    "Start Date": "2025-02-13",
    "Ownership": "D"
  },
  {
    "index": 29,
    "Shares": 41629,
    "Value": 0,
    "URL": "",
    "Text": "Stock Award(Grant) at price 0.00 per share.",
    "Insider": "MCINTOSH BRENT",
    "Position": "Officer",
    "Transaction": "",
    "Start Date": "2025-02-13",
    "Ownership": "D"
  },
  {
    "index": 30,
    "Shares": 19172,
    "Value": 0,
    "URL": "",
    "Text": "Stock Award(Grant) at price 0.00 per share.",
    "Insider": "COLE TITILOPE",
    "Position": "Director",
    "Transaction": "",
    "Start Date": "2025-02-13",
    "Ownership": "D"
  },
  {
    "index": 31,
    "Shares": 33197,
    "Value": 0,
    "URL": "",
    "Text": "Stock Award(Grant) at price 0.00 per share.",
    "Insider": "LUCHETTI GONZALO",
    "Position": "Officer",
    "Transaction": "",
    "Start Date": "2025-02-13",
    "Ownership": "D"
  },
  {
    "index": 32,
    "Shares": 29478,
    "Value": 0,
    "URL": "",
    "Text": "Stock Award(Grant) at price 0.00 per share.",
    "Insider": "WECHTER SARA",
    "Position": "Officer",
    "Transaction": "",
    "Start Date": "2025-02-13",
    "Ownership": "D"
  },
  {
    "index": 33,
    "Shares": 88614,
    "Value": 0,
    "URL": "",
    "Text": "Stock Award(Grant) at price 0.00 per share.",
    "Insider": "CANTU ERNESTO TORRES",
    "Position": "Officer",
    "Transaction": "",
    "Start Date": "2025-02-13",
    "Ownership": "D"
  },
  {
    "index": 34,
    "Shares": 25604,
    "Value": 0,
    "URL": "",
    "Text": "Stock Award(Grant) at price 0.00 per share.",
    "Insider": "SKYLER EDWARD",
    "Position": "Officer",
    "Transaction": "",
    "Start Date": "2025-02-13",
    "Ownership": "D"
  },
  {
    "index": 35,
    "Shares": 50385,
    "Value": 0,
    "URL": "",
    "Text": "Stock Award(Grant) at price 0.00 per share.",
    "Insider": "LIVINGSTONE DAVID",
    "Position": "Officer",
    "Transaction": "",
    "Start Date": "2025-02-13",
    "Ownership": "D"
  },
  {
    "index": 36,
    "Shares": 44282,
    "Value": 0,
    "URL": "",
    "Text": "Stock Award(Grant) at price 0.00 per share.",
    "Insider": "SIEG ANDREW M",
    "Position": "Officer",
    "Transaction": "",
    "Start Date": "2025-02-13",
    "Ownership": "D"
  },
  {
    "index": 37,
    "Shares": 141836,
    "Value": 0,
    "URL": "",
    "Text": "Stock Award(Grant) at price 0.00 per share.",
    "Insider": "FRASER JANE NIND",
    "Position": "Chief Executive Officer",
    "Transaction": "",
    "Start Date": "2025-02-13",
    "Ownership": "D"
  },
  {
    "index": 38,
    "Shares": 51871,
    "Value": 0,
    "URL": "",
    "Text": "Stock Award(Grant) at price 0.00 per share.",
    "Insider": "MASON MARK",
    "Position": "Chief Financial Officer",
    "Transaction": "",
    "Start Date": "2025-02-13",
    "Ownership": "D"
  },
  {
    "index": 39,
    "Shares": 2141,
    "Value": 1680,
    "URL": "",
    "Text": "Stock Award(Grant) at price 0.00 - 70.83 per share.",
    "Insider": "VON KOSKULL CASPER WILHELM",
    "Position": "Director",
    "Transaction": "",
    "Start Date": "2025-01-02",
    "Ownership": "D/I"
  },
  {
    "index": 40,
    "Shares": 2141,
    "Value": 1680,
    "URL": "",
    "Text": "Stock Award(Grant) at price 0.00 - 70.83 per share.",
    "Insider": "DAILEY GRACE E.",
    "Position": "Director",
    "Transaction": "",
    "Start Date": "2025-01-02",
    "Ownership": "D"
  },
  {
    "index": 41,
    "Shares": 2277,
    "Value": 11286,
    "URL": "",
    "Text": "Stock Award(Grant) at price 0.00 - 70.83 per share.",
    "Insider": "IRELAND SUSAN LESLIE",
    "Position": "Director",
    "Transaction": "",
    "Start Date": "2025-01-02",
    "Ownership": "D/I"
  },
  {
    "index": 42,
    "Shares": 3000,
    "Value": 0,
    "URL": "",
    "Text": "Stock Award(Grant) at price 0.00 per share.",
    "Insider": "DUGAN JOHN CUNNINGHAM",
    "Position": "Director",
    "Transaction": "",
    "Start Date": "2025-01-02",
    "Ownership": "D/I"
  },
  {
    "index": 43,
    "Shares": 3358,
    "Value": 87890,
    "URL": "",
    "Text": "Stock Award(Grant) at price 0.00 - 70.83 per share.",
    "Insider": "COSTELLO, ELLEN MARIE",
    "Position": "Director",
    "Transaction": "",
    "Start Date": "2025-01-02",
    "Ownership": "D/I"
  },
  {
    "index": 44,
    "Shares": 2400,
    "Value": 19989,
    "URL": "",
    "Text": "Stock Award(Grant) at price 0.00 - 70.83 per share.",
    "Insider": "TURLEY JAMES S",
    "Position": "Director",
    "Transaction": "",
    "Start Date": "2025-01-02",
    "Ownership": "D/I"
  },
  {
    "index": 45,
    "Shares": 2559,
    "Value": 31280,
    "URL": "",
    "Text": "Stock Award(Grant) at price 0.00 - 70.83 per share.",
    "Insider": "TAYLOR DIANA L",
    "Position": "Director",
    "Transaction": "",
    "Start Date": "2025-01-02",
    "Ownership": "D/I"
  },
  {
    "index": 46,
    "Shares": 2339,
    "Value": 15663,
    "URL": "",
    "Text": "Stock Award(Grant) at price 0.00 - 70.83 per share.",
    "Insider": "JAMES RENEE JO",
    "Position": "Director",
    "Transaction": "",
    "Start Date": "2025-01-02",
    "Ownership": "D/I"
  },
  {
    "index": 47,
    "Shares": 529,
    "Value": 0,
    "URL": "",
    "Text": "Stock Award(Grant) at price 0.00 per share.",
    "Insider": "DESOER BARBARA J",
    "Position": "Director",
    "Transaction": "",
    "Start Date": "2025-01-02",
    "Ownership": "D"
  },
  {
    "index": 48,
    "Shares": 2752,
    "Value": 44975,
    "URL": "",
    "Text": "Stock Award(Grant) at price 0.00 - 70.83 per share.",
    "Insider": "REINER GARY M",
    "Position": "Director",
    "Transaction": "",
    "Start Date": "2025-01-02",
    "Ownership": "D"
  },
  {
    "index": 49,
    "Shares": 2117,
    "Value": 0,
    "URL": "",
    "Text": "Stock Award(Grant) at price 0.00 per share.",
    "Insider": "HENRY PETER B",
    "Position": "Director",
    "Transaction": "",
    "Start Date": "2025-01-02",
    "Ownership": "D"
  },
  {
    "index": 50,
    "Shares": 2400,
    "Value": 19989,
    "URL": "",
    "Text": "Stock Award(Grant) at price 0.00 - 70.83 per share.",
    "Insider": "HENNES DUNCAN P",
    "Position": "Director",
    "Transaction": "",
    "Start Date": "2025-01-02",
    "Ownership": "D/I"
  },
  {
    "index": 51,
    "Shares": 13000,
    "Value": 909675,
    "URL": "",
    "Text": "Sale at price 69.98 per share.",
    "Insider": "HENRY PETER B",
    "Position": "Director",
    "Transaction": "",
    "Start Date": "2024-11-11",
    "Ownership": "D"
  },
  {
    "index": 52,
    "Shares": 27,
    "Value": 1665,
    "URL": "",
    "Text": "Stock Award(Grant) at price 61.59 per share.",
    "Insider": "VON KOSKULL CASPER WILHELM",
    "Position": "Director",
    "Transaction": "",
    "Start Date": "2024-10-01",
    "Ownership": "D"
  },
  {
    "index": 53,
    "Shares": 27,
    "Value": 1665,
    "URL": "",
    "Text": "Stock Award(Grant) at price 61.59 per share.",
    "Insider": "DAILEY GRACE E.",
    "Position": "Director",
    "Transaction": "",
    "Start Date": "2024-10-01",
    "Ownership": "D"
  },
  {
    "index": 54,
    "Shares": 181,
    "Value": 11185,
    "URL": "",
    "Text": "Stock Award(Grant) at price 61.59 per share.",
    "Insider": "IRELAND SUSAN LESLIE",
    "Position": "Director",
    "Transaction": "",
    "Start Date": "2024-10-01",
    "Ownership": "D/I"
  },
  {
    "index": 55,
    "Shares": 1014,
    "Value": 62500,
    "URL": "",
    "Text": "Stock Award(Grant) at price 61.59 per share.",
    "Insider": "DUGAN JOHN CUNNINGHAM",
    "Position": "Director",
    "Transaction": "",
    "Start Date": "2024-10-01",
    "Ownership": "I"
  },
  {
    "index": 56,
    "Shares": 1414,
    "Value": 87098,
    "URL": "",
    "Text": "Stock Award(Grant) at price 61.59 per share.",
    "Insider": "COSTELLO, ELLEN MARIE",
    "Position": "Director",
    "Transaction": "",
    "Start Date": "2024-10-01",
    "Ownership": "D/I"
  },
  {
    "index": 57,
    "Shares": 321,
    "Value": 19809,
    "URL": "",
    "Text": "Stock Award(Grant) at price 61.59 per share.",
    "Insider": "TURLEY JAMES S",
    "Position": "Director",
    "Transaction": "",
    "Start Date": "2024-10-01",
    "Ownership": "D/I"
  },
  {
    "index": 58,
    "Shares": 252,
    "Value": 15522,
    "URL": "",
    "Text": "Stock Award(Grant) at price 61.59 per share.",
    "Insider": "JAMES RENEE JO",
    "Position": "Director",
    "Transaction": "",
    "Start Date": "2024-10-01",
    "Ownership": "D/I"
  },
  {
    "index": 59,
    "Shares": 503,
    "Value": 30998,
    "URL": "",
    "Text": "Stock Award(Grant) at price 61.59 per share.",
    "Insider": "TAYLOR DIANA L",
    "Position": "Director",
    "Transaction": "",
    "Start Date": "2024-10-01",
    "Ownership": "D/I"
  },
  {
    "index": 60,
    "Shares": 730,
    "Value": 44958,
    "URL": "",
    "Text": "Stock Award(Grant) at price 61.59 per share.",
    "Insider": "REINER GARY M",
    "Position": "Director",
    "Transaction": "",
    "Start Date": "2024-10-01",
    "Ownership": "D"
  },
  {
    "index": 61,
    "Shares": 321,
    "Value": 19809,
    "URL": "",
    "Text": "Stock Award(Grant) at price 61.59 per share.",
    "Insider": "HENNES DUNCAN P",
    "Position": "Director",
    "Transaction": "",
    "Start Date": "2024-10-01",
    "Ownership": "D/I"
  },
  {
    "index": 62,
    "Shares": 13254,
    "Value": 816314,
    "URL": "",
    "Text": "Sale at price 61.59 per share.",
    "Insider": "LUCHETTI GONZALO",
    "Position": "Officer",
    "Transaction": "",
    "Start Date": "2024-08-20",
    "Ownership": "D"
  },
  {
    "index": 63,
    "Shares": 25299,
    "Value": 1532261,
    "URL": "",
    "Text": "Sale at price 60.52 - 60.66 per share.",
    "Insider": "OKPARA JOHNBULL",
    "Position": "Officer",
    "Transaction": "",
    "Start Date": "2024-08-15",
    "Ownership": "D"
  },
  {
    "index": 64,
    "Shares": 623837,
    "Value": 0,
    "URL": "",
    "Text": "Stock Award(Grant) at price 0.00 per share.",
    "Insider": "RAGHAVAN VISWAS",
    "Position": "Officer",
    "Transaction": "",
    "Start Date": "2024-07-09",
    "Ownership": "D"
  },
  {
    "index": 65,
    "Shares": 25,
    "Value": 1562,
    "URL": "",
    "Text": "Stock Award(Grant) at price 61.84 per share.",
    "Insider": "VON KOSKULL CASPER WILHELM",
    "Position": "Director",
    "Transaction": "",
    "Start Date": "2024-07-01",
    "Ownership": "D"
  },
  {
    "index": 66,
    "Shares": 25,
    "Value": 1562,
    "URL": "",
    "Text": "Stock Award(Grant) at price 61.84 per share.",
    "Insider": "DAILEY GRACE E.",
    "Position": "Director",
    "Transaction": "",
    "Start Date": "2024-07-01",
    "Ownership": "D"
  },
  {
    "index": 67,
    "Shares": 169,
    "Value": 10496,
    "URL": "",
    "Text": "Stock Award(Grant) at price 61.84 per share.",
    "Insider": "IRELAND SUSAN LESLIE",
    "Position": "Director",
    "Transaction": "",
    "Start Date": "2024-07-01",
    "Ownership": "D/I"
  },
  {
    "index": 68,
    "Shares": 1010,
    "Value": 62500,
    "URL": "",
    "Text": "Stock Award(Grant) at price 61.84 per share.",
    "Insider": "DUGAN JOHN CUNNINGHAM",
    "Position": "Director",
    "Transaction": "",
    "Start Date": "2024-07-01",
    "Ownership": "I"
  },
  {
    "index": 69,
    "Shares": 1365,
    "Value": 84454,
    "URL": "",
    "Text": "Stock Award(Grant) at price 61.84 per share.",
    "Insider": "COSTELLO, ELLEN MARIE",
    "Position": "Director",
    "Transaction": "",
    "Start Date": "2024-07-01",
    "Ownership": "D/I"
  },
  {
    "index": 70,
    "Shares": 300,
    "Value": 18589,
    "URL": "",
    "Text": "Stock Award(Grant) at price 61.84 per share.",
    "Insider": "TURLEY JAMES S",
    "Position": "Director",
    "Transaction": "",
    "Start Date": "2024-07-01",
    "Ownership": "D/I"
  },
  {
    "index": 71,
    "Shares": 235,
    "Value": 14566,
    "URL": "",
    "Text": "Stock Award(Grant) at price 61.84 per share.",
    "Insider": "JAMES RENEE JO",
    "Position": "Director",
    "Transaction": "",
    "Start Date": "2024-07-01",
    "Ownership": "D/I"
  },
  {
    "index": 72,
    "Shares": 470,
    "Value": 29088,
    "URL": "",
    "Text": "Stock Award(Grant) at price 61.84 per share.",
    "Insider": "TAYLOR DIANA L",
    "Position": "Director",
    "Transaction": "",
    "Start Date": "2024-07-01",
    "Ownership": "D/I"
  },
  {
    "index": 73,
    "Shares": 727,
    "Value": 44958,
    "URL": "",
    "Text": "Stock Award(Grant) at price 61.84 per share.",
    "Insider": "REINER GARY M",
    "Position": "Director",
    "Transaction": "",
    "Start Date": "2024-07-01",
    "Ownership": "D"
  },
  {
    "index": 74,
    "Shares": 300,
    "Value": 18589,
    "URL": "",
    "Text": "Stock Award(Grant) at price 61.84 per share.",
    "Insider": "HENNES DUNCAN P",
    "Position": "Director",
    "Transaction": "",
    "Start Date": "2024-07-01",
    "Ownership": "D/I"
  },
  {
    "index": 75,
    "Shares": 25,
    "Value": 1549,
    "URL": "",
    "Text": "Stock Award(Grant) at price 61.88 per share.",
    "Insider": "VON KOSKULL CASPER WILHELM",
    "Position": "Director",
    "Transaction": "",
    "Start Date": "2024-04-01",
    "Ownership": "D"
  },
  {
    "index": 76,
    "Shares": 25,
    "Value": 1549,
    "URL": "",
    "Text": "Stock Award(Grant) at price 61.88 per share.",
    "Insider": "DAILEY GRACE E.",
    "Position": "Director",
    "Transaction": "",
    "Start Date": "2024-04-01",
    "Ownership": "D"
  },
  {
    "index": 77,
    "Shares": 168,
    "Value": 10406,
    "URL": "",
    "Text": "Stock Award(Grant) at price 61.88 per share.",
    "Insider": "IRELAND SUSAN LESLIE",
    "Position": "Director",
    "Transaction": "",
    "Start Date": "2024-04-01",
    "Ownership": "D/I"
  },
  {
    "index": 78,
    "Shares": 1009,
    "Value": 62500,
    "URL": "",
    "Text": "Stock Award(Grant) at price 61.88 per share.",
    "Insider": "DUGAN JOHN CUNNINGHAM",
    "Position": "Director",
    "Transaction": "",
    "Start Date": "2024-04-01",
    "Ownership": "I"
  },
  {
    "index": 79,
    "Shares": 1673,
    "Value": 103567,
    "URL": "",
    "Text": "Stock Award(Grant) at price 61.88 per share.",
    "Insider": "COSTELLO, ELLEN MARIE",
    "Position": "Director",
    "Transaction": "",
    "Start Date": "2024-04-01",
    "Ownership": "D/I"
  },
  {
    "index": 80,
    "Shares": 297,
    "Value": 18431,
    "URL": "",
    "Text": "Stock Award(Grant) at price 61.88 per share.",
    "Insider": "TURLEY JAMES S",
    "Position": "Director",
    "Transaction": "",
    "Start Date": "2024-04-01",
    "Ownership": "D/I"
  },
  {
    "index": 81,
    "Shares": 466,
    "Value": 28841,
    "URL": "",
    "Text": "Stock Award(Grant) at price 61.88 per share.",
    "Insider": "TAYLOR DIANA L",
    "Position": "Director",
    "Transaction": "",
    "Start Date": "2024-04-01",
    "Ownership": "D/I"
  },
  {
    "index": 82,
    "Shares": 233,
    "Value": 14442,
    "URL": "",
    "Text": "Stock Award(Grant) at price 61.88 per share.",
    "Insider": "JAMES RENEE JO",
    "Position": "Director",
    "Transaction": "",
    "Start Date": "2024-04-01",
    "Ownership": "D/I"
  },
  {
    "index": 83,
    "Shares": 727,
    "Value": 44990,
    "URL": "",
    "Text": "Stock Award(Grant) at price 61.88 per share.",
    "Insider": "REINER GARY M",
    "Position": "Director",
    "Transaction": "",
    "Start Date": "2024-04-01",
    "Ownership": "D"
  },
  {
    "index": 84,
    "Shares": 297,
    "Value": 18431,
    "URL": "",
    "Text": "Stock Award(Grant) at price 61.88 per share.",
    "Insider": "HENNES DUNCAN P",
    "Position": "Director",
    "Transaction": "",
    "Start Date": "2024-04-01",
    "Ownership": "D/I"
  },
  {
    "index": 85,
    "Shares": 3352,
    "Value": 0,
    "URL": "",
    "Text": "Stock Award(Grant) at price 0.00 per share.",
    "Insider": "MORTON ANDREW JOHN",
    "Position": "Officer",
    "Transaction": "",
    "Start Date": "2024-02-20",
    "Ownership": "D"
  },
  {
    "index": 86,
    "Shares": 1676,
    "Value": 0,
    "URL": "",
    "Text": "Stock Award(Grant) at price 0.00 per share.",
    "Insider": "LIVINGSTONE DAVID",
    "Position": "Officer",
    "Transaction": "",
    "Start Date": "2024-02-20",
    "Ownership": "D"
  },
  {
    "index": 87,
    "Shares": 1676,
    "Value": 0,
    "URL": "",
    "Text": "Stock Award(Grant) at price 0.00 per share.",
    "Insider": "WHITAKER MICHAEL",
    "Position": "Officer",
    "Transaction": "",
    "Start Date": "2024-02-20",
    "Ownership": "D"
  },
  {
    "index": 88,
    "Shares": 60654,
    "Value": 0,
    "URL": "",
    "Text": "Stock Award(Grant) at price 0.00 per share.",
    "Insider": "TUREK ZDENEK",
    "Position": "Officer",
    "Transaction": "",
    "Start Date": "2024-02-15",
    "Ownership": "D"
  },
  {
    "index": 89,
    "Shares": 65292,
    "Value": 0,
    "URL": "",
    "Text": "Stock Award(Grant) at price 0.00 per share.",
    "Insider": "SELVAKESARI ANAND",
    "Position": "Chief Operating Officer",
    "Transaction": "",
    "Start Date": "2024-02-15",
    "Ownership": "D"
  },
  {
    "index": 90,
    "Shares": 40503,
    "Value": 0,
    "URL": "",
    "Text": "Stock Award(Grant) at price 0.00 per share.",
    "Insider": "GARG SUNIL",
    "Position": "Officer",
    "Transaction": "",
    "Start Date": "2024-02-15",
    "Ownership": "D"
  },
  {
    "index": 91,
    "Shares": 52706,
    "Value": 0,
    "URL": "",
    "Text": "Stock Award(Grant) at price 0.00 per share.",
    "Insider": "MCINTOSH BRENT",
    "Position": "Officer",
    "Transaction": "",
    "Start Date": "2024-02-15",
    "Ownership": "D"
  },
  {
    "index": 92,
    "Shares": 40722,
    "Value": 0,
    "URL": "",
    "Text": "Stock Award(Grant) at price 0.00 per share.",
    "Insider": "KHALIQ SYED SHAHMIR",
    "Position": "Officer",
    "Transaction": "",
    "Start Date": "2024-02-15",
    "Ownership": "D"
  },
  {
    "index": 93,
    "Shares": 132247,
    "Value": 0,
    "URL": "",
    "Text": "Stock Award(Grant) at price 0.00 per share.",
    "Insider": "MORTON ANDREW JOHN",
    "Position": "Officer",
    "Transaction": "",
    "Start Date": "2024-02-15",
    "Ownership": "D"
  },
  {
    "index": 94,
    "Shares": 34831,
    "Value": 0,
    "URL": "",
    "Text": "Stock Award(Grant) at price 0.00 per share.",
    "Insider": "COLE TITILOPE",
    "Position": "Officer",
    "Transaction": "",
    "Start Date": "2024-02-15",
    "Ownership": "D"
  },
  {
    "index": 95,
    "Shares": 41797,
    "Value": 0,
    "URL": "",
    "Text": "Stock Award(Grant) at price 0.00 per share.",
    "Insider": "LUCHETTI GONZALO",
    "Position": "Officer",
    "Transaction": "",
    "Start Date": "2024-02-15",
    "Ownership": "D"
  },
  {
    "index": 96,
    "Shares": 36114,
    "Value": 0,
    "URL": "",
    "Text": "Stock Award(Grant) at price 0.00 per share.",
    "Insider": "WECHTER SARA",
    "Position": "Officer",
    "Transaction": "",
    "Start Date": "2024-02-15",
    "Ownership": "D"
  },
  {
    "index": 97,
    "Shares": 50292,
    "Value": 0,
    "URL": "",
    "Text": "Stock Award(Grant) at price 0.00 per share.",
    "Insider": "BABEJ PETER",
    "Position": "Officer",
    "Transaction": "",
    "Start Date": "2024-02-15",
    "Ownership": "D"
  },
  {
    "index": 98,
    "Shares": 53153,
    "Value": 0,
    "URL": "",
    "Text": "Stock Award(Grant) at price 0.00 per share.",
    "Insider": "CANTU ERNESTO TORRES",
    "Position": "Officer",
    "Transaction": "",
    "Start Date": "2024-02-15",
    "Ownership": "D"
  },
  {
    "index": 99,
    "Shares": 38540,
    "Value": 0,
    "URL": "",
    "Text": "Stock Award(Grant) at price 0.00 per share.",
    "Insider": "SKYLER EDWARD",
    "Position": "Officer",
    "Transaction": "",
    "Start Date": "2024-02-15",
    "Ownership": "D"
  },
  {
    "index": 100,
    "Shares": 38112,
    "Value": 0,
    "URL": "",
    "Text": "Stock Award(Grant) at price 0.00 per share.",
    "Insider": "OKPARA JOHNBULL",
    "Position": "Officer",
    "Transaction": "",
    "Start Date": "2024-02-15",
    "Ownership": "D"
  },
  {
    "index": 101,
    "Shares": 63904,
    "Value": 0,
    "URL": "",
    "Text": "Stock Award(Grant) at price 0.00 per share.",
    "Insider": "WHITAKER MICHAEL",
    "Position": "Officer",
    "Transaction": "",
    "Start Date": "2024-02-15",
    "Ownership": "D"
  },
  {
    "index": 102,
    "Shares": 61351,
    "Value": 0,
    "URL": "",
    "Text": "Stock Award(Grant) at price 0.00 per share.",
    "Insider": "SIEG ANDREW M",
    "Position": "Officer",
    "Transaction": "",
    "Start Date": "2024-02-15",
    "Ownership": "D"
  },
  {
    "index": 103,
    "Shares": 81902,
    "Value": 0,
    "URL": "",
    "Text": "Stock Award(Grant) at price 0.00 per share.",
    "Insider": "LIVINGSTONE DAVID",
    "Position": "Officer",
    "Transaction": "",
    "Start Date": "2024-02-15",
    "Ownership": "D"
  },
  {
    "index": 104,
    "Shares": 159422,
    "Value": 0,
    "URL": "",
    "Text": "Stock Award(Grant) at price 0.00 per share.",
    "Insider": "FRASER JANE NIND",
    "Position": "Chief Executive Officer",
    "Transaction": "",
    "Start Date": "2024-02-15",
    "Ownership": "D"
  },
  {
    "index": 105,
    "Shares": 68742,
    "Value": 0,
    "URL": "",
    "Text": "Stock Award(Grant) at price 0.00 per share.",
    "Insider": "MASON MARK",
    "Position": "Chief Financial Officer",
    "Transaction": "",
    "Start Date": "2024-02-15",
    "Ownership": "D"
  },
  {
    "index": 106,
    "Shares": 3832,
    "Value": 46699,
    "URL": "",
    "Text": "Stock Award(Grant) at price 0.00 - 51.32 per share.",
    "Insider": "VON KOSKULL CASPER WILHELM",
    "Position": "Director",
    "Transaction": "",
    "Start Date": "2024-01-02",
    "Ownership": "D"
  },
  {
    "index": 107,
    "Shares": 2983,
    "Value": 3118,
    "URL": "",
    "Text": "Stock Award(Grant) at price 0.00 - 51.32 per share.",
    "Insider": "DAILEY GRACE E.",
    "Position": "Director",
    "Transaction": "",
    "Start Date": "2024-01-02",
    "Ownership": "D"
  },
  {
    "index": 108,
    "Shares": 3093,
    "Value": 8767,
    "URL": "",
    "Text": "Stock Award(Grant) at price 0.00 - 51.32 per share.",
    "Insider": "IRELAND SUSAN LESLIE",
    "Position": "Director",
    "Transaction": "",
    "Start Date": "2024-01-02",
    "Ownership": "D/I"
  },
  {
    "index": 109,
    "Shares": 4140,
    "Value": 62500,
    "URL": "",
    "Text": "Stock Award(Grant) at price 0.00 - 51.32 per share.",
    "Insider": "DUGAN JOHN CUNNINGHAM",
    "Position": "Director",
    "Transaction": "",
    "Start Date": "2024-01-02",
    "Ownership": "D/I"
  },
  {
    "index": 110,
    "Shares": 4890,
    "Value": 100975,
    "URL": "",
    "Text": "Stock Award(Grant) at price 0.00 - 51.32 per share.",
    "Insider": "COSTELLO, ELLEN MARIE",
    "Position": "Director",
    "Transaction": "",
    "Start Date": "2024-01-02",
    "Ownership": "D/I"
  },
  {
    "index": 111,
    "Shares": 3248,
    "Value": 16709,
    "URL": "",
    "Text": "Stock Award(Grant) at price 0.00 - 51.32 per share.",
    "Insider": "TURLEY JAMES S",
    "Position": "Director",
    "Transaction": "",
    "Start Date": "2024-01-02",
    "Ownership": "D/I"
  },
  {
    "index": 112,
    "Shares": 3448,
    "Value": 27013,
    "URL": "",
    "Text": "Stock Award(Grant) at price 0.00 - 51.32 per share.",
    "Insider": "TAYLOR DIANA L",
    "Position": "Director",
    "Transaction": "",
    "Start Date": "2024-01-02",
    "Ownership": "D/I"
  },
  {
    "index": 113,
    "Shares": 3171,
    "Value": 12761,
    "URL": "",
    "Text": "Stock Award(Grant) at price 0.00 - 51.32 per share.",
    "Insider": "JAMES RENEE JO",
    "Position": "Director",
    "Transaction": "",
    "Start Date": "2024-01-02",
    "Ownership": "D/I"
  },
  {
    "index": 114,
    "Shares": 2922,
    "Value": 0,
    "URL": "",
    "Text": "Stock Award(Grant) at price 0.00 per share.",
    "Insider": "DESOER BARBARA J",
    "Position": "Director",
    "Transaction": "",
    "Start Date": "2024-01-02",
    "Ownership": "D"
  },
  {
    "index": 115,
    "Shares": 3798,
    "Value": 44960,
    "URL": "",
    "Text": "Stock Award(Grant) at price 0.00 - 51.32 per share.",
    "Insider": "REINER GARY M",
    "Position": "Director",
    "Transaction": "",
    "Start Date": "2024-01-02",
    "Ownership": "D"
  },
  {
    "index": 116,
    "Shares": 2922,
    "Value": 0,
    "URL": "",
    "Text": "Stock Award(Grant) at price 0.00 per share.",
    "Insider": "HENRY PETER B",
    "Position": "Director",
    "Transaction": "",
    "Start Date": "2024-01-02",
    "Ownership": "D"
  },
  {
    "index": 117,
    "Shares": 3248,
    "Value": 16709,
    "URL": "",
    "Text": "Stock Award(Grant) at price 0.00 - 51.32 per share.",
    "Insider": "HENNES DUNCAN P",
    "Position": "Director",
    "Transaction": "",
    "Start Date": "2024-01-02",
    "Ownership": "D/I"
  },
  {
    "index": 118,
    "Shares": 28096,
    "Value": 1142397,
    "URL": "",
    "Text": "Sale at price 40.66 per share.",
    "Insider": "MORTON ANDREW JOHN",
    "Position": "Officer",
    "Transaction": "",
    "Start Date": "2023-10-18",
    "Ownership": "D"
  },
  {
    "index": 119,
    "Shares": 237143,
    "Value": 0,
    "URL": "",
    "Text": "Stock Award(Grant) at price 0.00 per share.",
    "Insider": "SIEG ANDREW M",
    "Position": "Officer",
    "Transaction": "",
    "Start Date": "2023-10-05",
    "Ownership": "D"
  },
  {
    "index": 120,
    "Shares": 993,
    "Value": 40523,
    "URL": "",
    "Text": "Stock Award(Grant) at price 40.81 per share.",
    "Insider": "VON KOSKULL CASPER WILHELM",
    "Position": "Director",
    "Transaction": "",
    "Start Date": "2023-09-29",
    "Ownership": "D"
  },
  {
    "index": 121,
    "Shares": 75,
    "Value": 3078,
    "URL": "",
    "Text": "Stock Award(Grant) at price 40.81 per share.",
    "Insider": "DAILEY GRACE E.",
    "Position": "Director",
    "Transaction": "",
    "Start Date": "2023-09-29",
    "Ownership": "D"
  },
  {
    "index": 122,
    "Shares": 212,
    "Value": 8655,
    "URL": "",
    "Text": "Stock Award(Grant) at price 40.81 per share.",
    "Insider": "IRELAND SUSAN LESLIE",
    "Position": "Director",
    "Transaction": "",
    "Start Date": "2023-09-29",
    "Ownership": "D/I"
  },
  {
    "index": 123,
    "Shares": 1531,
    "Value": 62500,
    "URL": "",
    "Text": "Stock Award(Grant) at price 40.81 per share.",
    "Insider": "DUGAN JOHN CUNNINGHAM",
    "Position": "Director",
    "Transaction": "",
    "Start Date": "2023-09-29",
    "Ownership": "I"
  },
  {
    "index": 124,
    "Shares": 2442,
    "Value": 99681,
    "URL": "",
    "Text": "Stock Award(Grant) at price 40.81 per share.",
    "Insider": "COSTELLO, ELLEN MARIE",
    "Position": "Director",
    "Transaction": "",
    "Start Date": "2023-09-29",
    "Ownership": "D/I"
  },
  {
    "index": 125,
    "Shares": 404,
    "Value": 16495,
    "URL": "",
    "Text": "Stock Award(Grant) at price 40.81 per share.",
    "Insider": "TURLEY JAMES S",
    "Position": "Director",
    "Transaction": "",
    "Start Date": "2023-09-29",
    "Ownership": "D/I"
  },
  {
    "index": 126,
    "Shares": 308,
    "Value": 12597,
    "URL": "",
    "Text": "Stock Award(Grant) at price 40.81 per share.",
    "Insider": "JAMES RENEE JO",
    "Position": "Director",
    "Transaction": "",
    "Start Date": "2023-09-29",
    "Ownership": "D/I"
  },
  {
    "index": 127,
    "Shares": 653,
    "Value": 26667,
    "URL": "",
    "Text": "Stock Award(Grant) at price 40.81 per share.",
    "Insider": "TAYLOR DIANA L",
    "Position": "Director",
    "Transaction": "",
    "Start Date": "2023-09-29",
    "Ownership": "D/I"
  },
  {
    "index": 128,
    "Shares": 1102,
    "Value": 44968,
    "URL": "",
    "Text": "Stock Award(Grant) at price 40.81 per share.",
    "Insider": "REINER GARY M",
    "Position": "Director",
    "Transaction": "",
    "Start Date": "2023-09-29",
    "Ownership": "D"
  },
  {
    "index": 129,
    "Shares": 404,
    "Value": 16495,
    "URL": "",
    "Text": "Stock Award(Grant) at price 40.81 per share.",
    "Insider": "HENNES DUNCAN P",
    "Position": "Director",
    "Transaction": "",
    "Start Date": "2023-09-29",
    "Ownership": "D/I"
  },
  {
    "index": 130,
    "Shares": 716,
    "Value": 33123,
    "URL": "",
    "Text": "Stock Award(Grant) at price 46.24 per share.",
    "Insider": "VON KOSKULL CASPER WILHELM",
    "Position": "Director",
    "Transaction": "",
    "Start Date": "2023-06-30",
    "Ownership": "D"
  },
  {
    "index": 131,
    "Shares": 63,
    "Value": 2929,
    "URL": "",
    "Text": "Stock Award(Grant) at price 46.24 per share.",
    "Insider": "DAILEY GRACE E.",
    "Position": "Director",
    "Transaction": "",
    "Start Date": "2023-06-30",
    "Ownership": "D"
  },
  {
    "index": 132,
    "Shares": 178,
    "Value": 8237,
    "URL": "",
    "Text": "Stock Award(Grant) at price 46.24 per share.",
    "Insider": "IRELAND SUSAN LESLIE",
    "Position": "Director",
    "Transaction": "",
    "Start Date": "2023-06-30",
    "Ownership": "D/I"
  },
  {
    "index": 133,
    "Shares": 1351,
    "Value": 62500,
    "URL": "",
    "Text": "Stock Award(Grant) at price 46.24 per share.",
    "Insider": "DUGAN JOHN CUNNINGHAM",
    "Position": "Director",
    "Transaction": "",
    "Start Date": "2023-06-30",
    "Ownership": "I"
  },
  {
    "index": 134,
    "Shares": 2037,
    "Value": 94235,
    "URL": "",
    "Text": "Stock Award(Grant) at price 46.24 per share.",
    "Insider": "COSTELLO, ELLEN MARIE",
    "Position": "Director",
    "Transaction": "",
    "Start Date": "2023-06-30",
    "Ownership": "D/I"
  },
  {
    "index": 135,
    "Shares": 339,
    "Value": 15700,
    "URL": "",
    "Text": "Stock Award(Grant) at price 46.24 per share.",
    "Insider": "TURLEY JAMES S",
    "Position": "Director",
    "Transaction": "",
    "Start Date": "2023-06-30",
    "Ownership": "D/I"
  },
  {
    "index": 136,
    "Shares": 259,
    "Value": 11990,
    "URL": "",
    "Text": "Stock Award(Grant) at price 46.24 per share.",
    "Insider": "JAMES RENEE JO",
    "Position": "Director",
    "Transaction": "",
    "Start Date": "2023-06-30",
    "Ownership": "D/I"
  },
  {
    "index": 137,
    "Shares": 548,
    "Value": 25380,
    "URL": "",
    "Text": "Stock Award(Grant) at price 46.24 per share.",
    "Insider": "TAYLOR DIANA L",
    "Position": "Director",
    "Transaction": "",
    "Start Date": "2023-06-30",
    "Ownership": "D/I"
  },
  {
    "index": 138,
    "Shares": 973,
    "Value": 44992,
    "URL": "",
    "Text": "Stock Award(Grant) at price 46.24 per share.",
    "Insider": "REINER GARY M",
    "Position": "Director",
    "Transaction": "",
    "Start Date": "2023-06-30",
    "Ownership": "D"
  },
  {
    "index": 139,
    "Shares": 339,
    "Value": 15700,
    "URL": "",
    "Text": "Stock Award(Grant) at price 46.24 per share.",
    "Insider": "HENNES DUNCAN P",
    "Position": "Director",
    "Transaction": "",
    "Start Date": "2023-06-30",
    "Ownership": "D/I"
  },
  {
    "index": 140,
    "Shares": 12000,
    "Value": 598440,
    "URL": "",
    "Text": "Sale at price 49.87 per share.",
    "Insider": "TUREK ZDENEK",
    "Position": "Officer",
    "Transaction": "",
    "Start Date": "2023-04-18",
    "Ownership": "D"
  }
]