[
  {
    "index": "2024-12-31",
    "Free Cash Flow": -26169000000.0,
    "Repurchase Of Capital Stock": -7524000000.0,
    "Repayment Of Debt": -92957000000.0,
    "Issuance Of Debt": 99075000000.0,
    "Issuance Of Capital Stock": 5282000000.0,
    "Capital Expenditure": -6500000000.0,
    "Interest Paid Supplemental Data": 88027000000.0,
    "Income Tax Paid Supplemental Data": 5798000000.0,
    "End Cash Position": 276532000000.0,
    "Beginning Cash Position": 260932000000.0,
    "Effect Of Exchange Rate Changes": -12677000000.0,
    "Changes In Cash": 28277000000.0,
    "Financing Cash Flow": -38304000000.0,
    "Cash Flow From Continuing Financing Activities": -38304000000.0,
    "Net Other Financing Charges": -454000000.0,
    "Cash Dividends Paid": -5199000000.0,
    "Net Preferred Stock Issuance": 232000000.0,
    "Preferred Stock Payments": -5050000000.0,
    "Preferred Stock Issuance": 5282000000.0,
    "Net Common Stock Issuance": -2474000000.0,
    "Common Stock Payments": -2474000000.0,
    "Net Issuance Payments Of Debt": 17166000000.0,
    "Net Short Term Debt Issuance": 11048000000.0,
    "Net Long Term Debt Issuance": 6118000000.0,
    "Long Term Debt Payments": -92957000000.0,
    "Long Term Debt Issuance": 99075000000.0,
    "Investing Cash Flow": 86250000000.0,
    "Cash Flow From Continuing Investing Activities": 86250000000.0,
    "Net Other Investing Changes": 2512000000.0,
    "Net Investment Purchase And Sale": 34217000000.0,
    "Sale Of Investment": 301641000000.0,
    "Purchase Of Investment": -267424000000.0,
    "Net Business Purchase And Sale": 0.0,
    "Sale Of Business": NaN,
    "Purchase Of Business": 0.0,
    "Net PPE Purchase And Sale": 222000000.0,
    "Sale Of PPE": 222000000.0,
    "Capital Expenditure Reported": -6500000000.0,
    "Operating Cash Flow": -19669000000.0,
    "Cash Flow From Continuing Operating Activities": -19669000000.0,
    "Change In Working Capital": -59031000000.0,
    "Change In Other Working Capital": -46537000000.0,
    "Change In Other Current Liabilities": -7692000000.0,
    "Change In Other Current Assets": -4026000000.0,
    "Change In Receivables": NaN,
    "Other Non Cash Items": 14051000000.0,
    "Asset Impairment Charge": 0.0,
    "Deferred Tax": -1896000000.0,
    "Deferred Income Tax": -1896000000.0,
    "Depreciation Amortization Depletion": 4311000000.0,
    "Depreciation And Amortization": 4311000000.0,
    "Operating Gains Losses": 103000000.0,
    "Gain Loss On Investment Securities": -328000000.0,
    "Gain Loss On Sale Of Business": 0.0,
    "Net Income From Continuing Operations": 12684000000.0
  },
  {
    "index": "2023-12-31",
    "Free Cash Flow": -79999000000.0,
    "Repurchase Of Capital Stock": -6122000000.0,
    "Repayment Of Debt": -64959000000.0,
    "Issuance Of Debt": 65819000000.0,
    "Issuance Of Capital Stock": 2739000000.0,
    "Capital Expenditure": -6583000000.0,
    "Interest Paid Supplemental Data": 72989000000.0,
    "Income Tax Paid Supplemental Data": 5727000000.0,
    "End Cash Position": 260932000000.0,
    "Beginning Cash Position": 342025000000.0,
    "Effect Of Exchange Rate Changes": 95000000.0,
    "Changes In Cash": -81188000000.0,
    "Financing Cash Flow": 687000000.0,
    "Cash Flow From Continuing Financing Activities": 687000000.0,
    "Net Other Financing Charges": -329000000.0,
    "Cash Dividends Paid": -5212000000.0,
    "Net Preferred Stock Issuance": -1406000000.0,
    "Preferred Stock Payments": -4145000000.0,
    "Preferred Stock Issuance": 2739000000.0,
    "Net Common Stock Issuance": -1977000000.0,
    "Common Stock Payments": -1977000000.0,
    "Net Issuance Payments Of Debt": -8779000000.0,
    "Net Short Term Debt Issuance": -9639000000.0,
    "Net Long Term Debt Issuance": 860000000.0,
    "Long Term Debt Payments": -64959000000.0,
    "Long Term Debt Issuance": 65819000000.0,
    "Investing Cash Flow": -8459000000.0,
    "Cash Flow From Continuing Investing Activities": -8459000000.0,
    "Net Other Investing Changes": 835000000.0,
    "Net Investment Purchase And Sale": 18649000000.0,
    "Sale Of Investment": 255161000000.0,
    "Purchase Of Investment": -236512000000.0,
    "Net Business Purchase And Sale": -1393000000.0,
    "Sale Of Business": NaN,
    "Purchase Of Business": -1393000000.0,
    "Net PPE Purchase And Sale": 56000000.0,
    "Sale Of PPE": 56000000.0,
    "Capital Expenditure Reported": -6583000000.0,
    "Operating Cash Flow": -73416000000.0,
    "Cash Flow From Continuing Operating Activities": -73416000000.0,
    "Change In Working Capital": -99387000000.0,
    "Change In Other Working Capital": -98542000000.0,
    "Change In Other Current Liabilities": 3587000000.0,
    "Change In Other Current Assets": -6361000000.0,
    "Change In Receivables": NaN,
    "Other Non Cash Items": 6739000000.0,
    "Asset Impairment Charge": 0.0,
    "Deferred Tax": -2416000000.0,
    "Deferred Income Tax": -2416000000.0,
    "Depreciation Amortization Depletion": 4560000000.0,
    "Depreciation And Amortization": 4560000000.0,
    "Operating Gains Losses": -1327000000.0,
    "Gain Loss On Investment Securities": -188000000.0,
    "Gain Loss On Sale Of Business": -1462000000.0,
    "Net Income From Continuing Operations": 9229000000.0
  },
  {
    "index": "2022-12-31",
    "Free Cash Flow": 19437000000.0,
    "Repurchase Of Capital Stock": -3250000000.0,
    "Repayment Of Debt": -57085000000.0,
    "Issuance Of Debt": 104748000000.0,
    "Issuance Of Capital Stock": 0.0,
    "Capital Expenditure": -5632000000.0,
    "Interest Paid Supplemental Data": 22615000000.0,
    "Income Tax Paid Supplemental Data": 3733000000.0,
    "End Cash Position": 342025000000.0,
    "Beginning Cash Position": 262033000000.0,
    "Effect Of Exchange Rate Changes": -3385000000.0,
    "Changes In Cash": 83377000000.0,
    "Financing Cash Flow": 137763000000.0,
    "Cash Flow From Continuing Financing Activities": 137763000000.0,
    "Net Other Financing Charges": -344000000.0,
    "Cash Dividends Paid": -5003000000.0,
    "Net Preferred Stock Issuance": 0.0,
    "Preferred Stock Payments": 0.0,
    "Preferred Stock Issuance": 0.0,
    "Net Common Stock Issuance": -3250000000.0,
    "Common Stock Payments": -3250000000.0,
    "Net Issuance Payments Of Debt": 66786000000.0,
    "Net Short Term Debt Issuance": 19123000000.0,
    "Net Long Term Debt Issuance": 47663000000.0,
    "Long Term Debt Payments": -57085000000.0,
    "Long Term Debt Issuance": 104748000000.0,
    "Investing Cash Flow": -79455000000.0,
    "Cash Flow From Continuing Investing Activities": -79455000000.0,
    "Net Other Investing Changes": -791000000.0,
    "Net Investment Purchase And Sale": -28841000000.0,
    "Sale Of Investment": 232809000000.0,
    "Purchase Of Investment": -261650000000.0,
    "Net Business Purchase And Sale": 5741000000.0,
    "Sale Of Business": 5741000000.0,
    "Purchase Of Business": NaN,
    "Net PPE Purchase And Sale": 63000000.0,
    "Sale Of PPE": 63000000.0,
    "Capital Expenditure Reported": -5632000000.0,
    "Operating Cash Flow": 25069000000.0,
    "Cash Flow From Continuing Operating Activities": 25069000000.0,
    "Change In Working Capital": 19553000000.0,
    "Change In Other Working Capital": 14781000000.0,
    "Change In Other Current Liabilities": 5343000000.0,
    "Change In Other Current Assets": -4992000000.0,
    "Change In Receivables": NaN,
    "Other Non Cash Items": -18125000000.0,
    "Asset Impairment Charge": 535000000.0,
    "Deferred Tax": -1141000000.0,
    "Deferred Income Tax": -1141000000.0,
    "Depreciation Amortization Depletion": 4262000000.0,
    "Depreciation And Amortization": 4262000000.0,
    "Operating Gains Losses": -330000000.0,
    "Gain Loss On Investment Securities": -67000000.0,
    "Gain Loss On Sale Of Business": -762000000.0,
    "Net Income From Continuing Operations": 15076000000.0
  },
  {
    "index": "2021-12-31",
    "Free Cash Flow": 42971000000.0,
    "Repurchase Of Capital Stock": -11386000000.0,
    "Repayment Of Debt": -74950000000.0,
    "Issuance Of Debt": 70658000000.0,
    "Issuance Of Capital Stock": 3300000000.0,
    "Capital Expenditure": -4119000000.0,
    "Interest Paid Supplemental Data": 7143000000.0,
    "Income Tax Paid Supplemental Data": 4028000000.0,
    "End Cash Position": 262033000000.0,
    "Beginning Cash Position": 309615000000.0,
    "Effect Of Exchange Rate Changes": -1198000000.0,
    "Changes In Cash": -46384000000.0,
    "Financing Cash Flow": 17272000000.0,
    "Cash Flow From Continuing Financing Activities": 17272000000.0,
    "Net Other Financing Charges": -337000000.0,
    "Cash Dividends Paid": -5198000000.0,
    "Net Preferred Stock Issuance": -485000000.0,
    "Preferred Stock Payments": -3785000000.0,
    "Preferred Stock Issuance": 3300000000.0,
    "Net Common Stock Issuance": -7601000000.0,
    "Common Stock Payments": -7601000000.0,
    "Net Issuance Payments Of Debt": -5833000000.0,
    "Net Short Term Debt Issuance": -1541000000.0,
    "Net Long Term Debt Issuance": -4292000000.0,
    "Long Term Debt Payments": -74950000000.0,
    "Long Term Debt Issuance": 70658000000.0,
    "Investing Cash Flow": -110746000000.0,
    "Cash Flow From Continuing Investing Activities": -110746000000.0,
    "Net Other Investing Changes": -1551000000.0,
    "Net Investment Purchase And Sale": -74435000000.0,
    "Sale Of Investment": 267995000000.0,
    "Purchase Of Investment": -342430000000.0,
    "Net Business Purchase And Sale": 0.0,
    "Sale Of Business": 0.0,
    "Purchase Of Business": NaN,
    "Net PPE Purchase And Sale": 190000000.0,
    "Sale Of PPE": 190000000.0,
    "Capital Expenditure Reported": -4119000000.0,
    "Operating Cash Flow": 47090000000.0,
    "Cash Flow From Continuing Operating Activities": 47090000000.0,
    "Change In Working Capital": 38864000000.0,
    "Change In Other Working Capital": 37973000000.0,
    "Change In Other Current Liabilities": 6839000000.0,
    "Change In Other Current Assets": -2139000000.0,
    "Change In Receivables": NaN,
    "Other Non Cash Items": -15559000000.0,
    "Asset Impairment Charge": 0.0,
    "Deferred Tax": 1413000000.0,
    "Deferred Income Tax": 1413000000.0,
    "Depreciation Amortization Depletion": 3964000000.0,
    "Depreciation And Amortization": 3964000000.0,
    "Operating Gains Losses": 241000000.0,
    "Gain Loss On Investment Securities": -665000000.0,
    "Gain Loss On Sale Of Business": 700000000.0,
    "Net Income From Continuing Operations": 21945000000.0
  },
  {
    "index": "2020-12-31",
    "Free Cash Flow": NaN,
    "Repurchase Of Capital Stock": NaN,
    "Repayment Of Debt": NaN,
    "Issuance Of Debt": NaN,
    "Issuance Of Capital Stock": NaN,
    "Capital Expenditure": NaN,
    "Interest Paid Supplemental Data": NaN,
    "Income Tax Paid Supplemental Data": NaN,
    "End Cash Position": NaN,
    "Beginning Cash Position": NaN,
    "Effect Of Exchange Rate Changes": NaN,
    "Changes In Cash": NaN,
    "Financing Cash Flow": NaN,
    "Cash Flow From Continuing Financing Activities": NaN,
    "Net Other Financing Charges": NaN,
    "Cash Dividends Paid": NaN,
    "Net Preferred Stock Issuance": NaN,
    "Preferred Stock Payments": NaN,
    "Preferred Stock Issuance": NaN,
    "Net Common Stock Issuance": NaN,
    "Common Stock Payments": NaN,
    "Net Issuance Payments Of Debt": NaN,
    "Net Short Term Debt Issuance": NaN,
    "Net Long Term Debt Issuance": NaN,
    "Long Term Debt Payments": NaN,
    "Long Term Debt Issuance": NaN,
    "Investing Cash Flow": NaN,
    "Cash Flow From Continuing Investing Activities": NaN,
    "Net Other Investing Changes": NaN,
    "Net Investment Purchase And Sale": NaN,
    "Sale Of Investment": NaN,
    "Purchase Of Investment": NaN,
    "Net Business Purchase And Sale": NaN,
    "Sale Of Business": 0.0,
    "Purchase Of Business": NaN,
    "Net PPE Purchase And Sale": NaN,
    "Sale Of PPE": NaN,
    "Capital Expenditure Reported": NaN,
    "Operating Cash Flow": NaN,
    "Cash Flow From Continuing Operating Activities": NaN,
    "Change In Working Capital": NaN,
    "Change In Other Working Capital": NaN,
    "Change In Other Current Liabilities": NaN,
    "Change In Other Current Assets": NaN,
    "Change In Receivables": -3066000000.0,
    "Other Non Cash Items": NaN,
    "Asset Impairment Charge": NaN,
    "Deferred Tax": NaN,
    "Deferred Income Tax": NaN,
    "Depreciation Amortization Depletion": NaN,
    "Depreciation And Amortization": NaN,
    "Operating Gains Losses": NaN,
    "Gain Loss On Investment Securities": NaN,
    "Gain Loss On Sale Of Business": NaN,
    "Net Income From Continuing Operations": NaN
  }
]