[
  {
    "index": "2024-12-31",
    "Treasury Shares Number": 1222647540.0,
    "Preferred Shares Number": 22000000.0,
    "Ordinary Shares Number": 1877071466.0,
    "Share Issued": 3099719006.0,
    "Net Debt": 59273000000.0,
    "Total Debt": 335805000000.0,
    "Tangible Book Value": 166954000000.0,
    "Invested Capital": 526553000000.0,
    "Net Tangible Assets": 184804000000.0,
    "Common Stock Equity": 190748000000.0,
    "Preferred Stock Equity": 17850000000.0,
    "Total Capitalization": 495898000000.0,
    "Total Equity Gross Minority Interest": 209366000000.0,
    "Minority Interest": 768000000.0,
    "Stockholders Equity": 208598000000.0,
    "Gains Losses Not Affecting Retained Earnings": -47852000000.0,
    "Other Equity Adjustments": -47852000000.0,
    "Treasury Stock": 76842000000.0,
    "Retained Earnings": 206294000000.0,
    "Additional Paid In Capital": 109117000000.0,
    "Capital Stock": 17881000000.0,
    "Common Stock": 31000000.0,
    "Preferred Stock": 17850000000.0,
    "Total Liabilities Net Minority Interest": 2143579000000.0,
    "Long Term Debt And Capital Lease Obligation": 287300000000.0,
    "Long Term Debt": 287300000000.0,
    "Long Term Provisions": NaN,
    "Current Debt And Capital Lease Obligation": 48505000000.0,
    "Current Debt": 48505000000.0,
    "Other Current Borrowings": 19589000000.0,
    "Commercial Paper": 28916000000.0,
    "Payables And Accrued Expenses": 66601000000.0,
    "Payables": 66601000000.0,
    "Other Payable": NaN,
    "Accounts Payable": 66601000000.0,
    "Total Assets": 2352945000000.0,
    "Investments And Advances": 720724000000.0,
    "Held To Maturity Securities": 242382000000.0,
    "Available For Sale Securities": 7399000000.0,
    "Trading Securities": 249456000000.0,
    "Goodwill And Other Intangible Assets": 23794000000.0,
    "Other Intangible Assets": 4494000000.0,
    "Goodwill": 19300000000.0,
    "Net PPE": 30192000000.0,
    "Receivables": 51116000000.0,
    "Other Receivables": 275000000.0,
    "Accounts Receivable": 50841000000.0,
    "Other Short Term Investments": 221487000000.0,
    "Cash And Cash Equivalents": 276532000000.0,
    "Cash Financial": 22782000000.0,
    "Cash Cash Equivalents And Federal Funds Sold": 550594000000.0
  },
  {
    "index": "2023-12-31",
    "Treasury Shares Number": 1196577865.0,
    "Preferred Shares Number": 22000000.0,
    "Ordinary Shares Number": 1903113839.0,
    "Share Issued": 3099691704.0,
    "Net Debt": 63144000000.0,
    "Total Debt": 324076000000.0,
    "Tangible Book Value": 163334000000.0,
    "Invested Capital": 511929000000.0,
    "Net Tangible Assets": 180934000000.0,
    "Common Stock Equity": 187853000000.0,
    "Preferred Stock Equity": 17600000000.0,
    "Total Capitalization": 492072000000.0,
    "Total Equity Gross Minority Interest": 206251000000.0,
    "Minority Interest": 798000000.0,
    "Stockholders Equity": 205453000000.0,
    "Gains Losses Not Affecting Retained Earnings": -44800000000.0,
    "Other Equity Adjustments": -44800000000.0,
    "Treasury Stock": 75238000000.0,
    "Retained Earnings": 198905000000.0,
    "Additional Paid In Capital": 108955000000.0,
    "Capital Stock": 17631000000.0,
    "Common Stock": 31000000.0,
    "Preferred Stock": 17600000000.0,
    "Total Liabilities Net Minority Interest": 2205583000000.0,
    "Long Term Debt And Capital Lease Obligation": 286619000000.0,
    "Long Term Debt": 286619000000.0,
    "Long Term Provisions": NaN,
    "Current Debt And Capital Lease Obligation": 37457000000.0,
    "Current Debt": 37457000000.0,
    "Other Current Borrowings": 17235000000.0,
    "Commercial Paper": 20222000000.0,
    "Payables And Accrued Expenses": 63539000000.0,
    "Payables": 63539000000.0,
    "Other Payable": NaN,
    "Accounts Payable": 63539000000.0,
    "Total Assets": 2411834000000.0,
    "Investments And Advances": 721817000000.0,
    "Held To Maturity Securities": 254247000000.0,
    "Available For Sale Securities": 7902000000.0,
    "Trading Securities": 214600000000.0,
    "Goodwill And Other Intangible Assets": 24519000000.0,
    "Other Intangible Assets": 4421000000.0,
    "Goodwill": 20098000000.0,
    "Net PPE": 28747000000.0,
    "Receivables": 54190000000.0,
    "Other Receivables": 275000000.0,
    "Accounts Receivable": 53915000000.0,
    "Other Short Term Investments": 245068000000.0,
    "Cash And Cash Equivalents": 260932000000.0,
    "Cash Financial": 27342000000.0,
    "Cash Cash Equivalents And Federal Funds Sold": 606632000000.0
  },
  {
    "index": "2022-12-31",
    "Treasury Shares Number": 1162682999.0,
    "Preferred Shares Number": 97800000.0,
    "Ordinary Shares Number": 1936986425.0,
    "Share Issued": 3099669424.0,
    "Net Debt": NaN,
    "Total Debt": 318702000000.0,
    "Tangible Book Value": 158075000000.0,
    "Invested Capital": 500896000000.0,
    "Net Tangible Assets": 177070000000.0,
    "Common Stock Equity": 182194000000.0,
    "Preferred Stock Equity": 18995000000.0,
    "Total Capitalization": 472795000000.0,
    "Total Equity Gross Minority Interest": 201838000000.0,
    "Minority Interest": 649000000.0,
    "Stockholders Equity": 201189000000.0,
    "Gains Losses Not Affecting Retained Earnings": -47062000000.0,
    "Other Equity Adjustments": -47062000000.0,
    "Treasury Stock": 73967000000.0,
    "Retained Earnings": 194734000000.0,
    "Additional Paid In Capital": 108458000000.0,
    "Capital Stock": 19026000000.0,
    "Common Stock": 31000000.0,
    "Preferred Stock": 18995000000.0,
    "Total Liabilities Net Minority Interest": 2214838000000.0,
    "Long Term Debt And Capital Lease Obligation": 271606000000.0,
    "Long Term Debt": 271606000000.0,
    "Long Term Provisions": NaN,
    "Current Debt And Capital Lease Obligation": 47096000000.0,
    "Current Debt": 47096000000.0,
    "Other Current Borrowings": 21566000000.0,
    "Commercial Paper": 25530000000.0,
    "Payables And Accrued Expenses": 69218000000.0,
    "Payables": 69218000000.0,
    "Other Payable": NaN,
    "Accounts Payable": 69218000000.0,
    "Total Assets": 2416676000000.0,
    "Investments And Advances": 716228000000.0,
    "Held To Maturity Securities": 268863000000.0,
    "Available For Sale Securities": 8040000000.0,
    "Trading Securities": 200579000000.0,
    "Goodwill And Other Intangible Assets": 24119000000.0,
    "Other Intangible Assets": 4428000000.0,
    "Goodwill": 19691000000.0,
    "Net PPE": 26253000000.0,
    "Receivables": 54546000000.0,
    "Other Receivables": 354000000.0,
    "Accounts Receivable": 54192000000.0,
    "Other Short Term Investments": 238746000000.0,
    "Cash And Cash Equivalents": 342025000000.0,
    "Cash Financial": 30577000000.0,
    "Cash Cash Equivalents And Federal Funds Sold": 707426000000.0
  },
  {
    "index": "2021-12-31",
    "Treasury Shares Number": 1115296641.0,
    "Preferred Shares Number": 97800000.0,
    "Ordinary Shares Number": 1984355194.0,
    "Share Issued": 3099651835.0,
    "Net Debt": 20314000000.0,
    "Total Debt": 282347000000.0,
    "Tangible Book Value": 157183000000.0,
    "Invested Capital": 465324000000.0,
    "Net Tangible Assets": 176178000000.0,
    "Common Stock Equity": 182977000000.0,
    "Preferred Stock Equity": 18995000000.0,
    "Total Capitalization": 456346000000.0,
    "Total Equity Gross Minority Interest": 202672000000.0,
    "Minority Interest": 700000000.0,
    "Stockholders Equity": 201972000000.0,
    "Gains Losses Not Affecting Retained Earnings": -38765000000.0,
    "Other Equity Adjustments": -38765000000.0,
    "Treasury Stock": 71240000000.0,
    "Retained Earnings": 184948000000.0,
    "Additional Paid In Capital": 108003000000.0,
    "Capital Stock": 19026000000.0,
    "Common Stock": 31000000.0,
    "Preferred Stock": 18995000000.0,
    "Total Liabilities Net Minority Interest": 2088741000000.0,
    "Long Term Debt And Capital Lease Obligation": 254374000000.0,
    "Long Term Debt": 254374000000.0,
    "Long Term Provisions": 1900000000.0,
    "Current Debt And Capital Lease Obligation": 27973000000.0,
    "Current Debt": 27973000000.0,
    "Other Current Borrowings": 11955000000.0,
    "Commercial Paper": 16018000000.0,
    "Payables And Accrued Expenses": 61430000000.0,
    "Payables": 61430000000.0,
    "Other Payable": NaN,
    "Accounts Payable": 61430000000.0,
    "Total Assets": 2291413000000.0,
    "Investments And Advances": 700253000000.0,
    "Held To Maturity Securities": 215503000000.0,
    "Available For Sale Securities": 7337000000.0,
    "Trading Securities": 198117000000.0,
    "Goodwill And Other Intangible Assets": 25794000000.0,
    "Other Intangible Assets": 4495000000.0,
    "Goodwill": 21299000000.0,
    "Net PPE": 24328000000.0,
    "Receivables": 54795000000.0,
    "Other Receivables": 455000000.0,
    "Accounts Receivable": 54340000000.0,
    "Other Short Term Investments": 279296000000.0,
    "Cash And Cash Equivalents": 262033000000.0,
    "Cash Financial": 27515000000.0,
    "Cash Cash Equivalents And Federal Funds Sold": 589321000000.0
  },
  {
    "index": "2020-12-31",
    "Treasury Shares Number": NaN,
    "Preferred Shares Number": NaN,
    "Ordinary Shares Number": NaN,
    "Share Issued": NaN,
    "Net Debt": NaN,
    "Total Debt": NaN,
    "Tangible Book Value": NaN,
    "Invested Capital": NaN,
    "Net Tangible Assets": NaN,
    "Common Stock Equity": NaN,
    "Preferred Stock Equity": NaN,
    "Total Capitalization": NaN,
    "Total Equity Gross Minority Interest": NaN,
    "Minority Interest": NaN,
    "Stockholders Equity": NaN,
    "Gains Losses Not Affecting Retained Earnings": NaN,
    "Other Equity Adjustments": NaN,
    "Treasury Stock": NaN,
    "Retained Earnings": NaN,
    "Additional Paid In Capital": NaN,
    "Capital Stock": NaN,
    "Common Stock": NaN,
    "Preferred Stock": NaN,
    "Total Liabilities Net Minority Interest": NaN,
    "Long Term Debt And Capital Lease Obligation": NaN,
    "Long Term Debt": NaN,
    "Long Term Provisions": NaN,
    "Current Debt And Capital Lease Obligation": NaN,
    "Current Debt": NaN,
    "Other Current Borrowings": NaN,
    "Commercial Paper": NaN,
    "Payables And Accrued Expenses": NaN,
    "Payables": NaN,
    "Other Payable": 39319000000.0,
    "Accounts Payable": NaN,
    "Total Assets": NaN,
    "Investments And Advances": NaN,
    "Held To Maturity Securities": NaN,
    "Available For Sale Securities": NaN,
    "Trading Securities": NaN,
    "Goodwill And Other Intangible Assets": NaN,
    "Other Intangible Assets": NaN,
    "Goodwill": NaN,
    "Net PPE": NaN,
    "Receivables": NaN,
    "Other Receivables": NaN,
    "Accounts Receivable": NaN,
    "Other Short Term Investments": NaN,
    "Cash And Cash Equivalents": NaN,
    "Cash Financial": NaN,
    "Cash Cash Equivalents And Federal Funds Sold": NaN
  }
]