{
  "address1": "388 Greenwich Street",
  "city": "New York",
  "state": "NY",
  "zip": "10013",
  "country": "United States",
  "phone": "212 559 1000",
  "website": "https://www.citigroup.com",
  "industry": "Banks - Diversified",
  "industryKey": "banks-diversified",
  "industryDisp": "Banks - Diversified",
  "sector": "Financial Services",
  "sectorKey": "financial-services",
  "sectorDisp": "Financial Services",
  "longBusinessSummary": "Citigroup Inc., a diversified financial service holding company, provides various financial product and services to consumers, corporations, governments, and institutions. It operates through five segments: Services, Markets, Banking, U.S. Personal Banking, and Wealth. The Services segment includes treasury and trade solutions, which provides cash management, trade, and working capital solutions to multinational corporations, financial institutions, and public sector organizations; and securities services, such as cross-border support for clients, local market expertise, post-trade technologies, data solutions, and various securities services solutions. The Markets segment offers sales and trading services for equities, foreign exchange, rates, spread products, and commodities to corporate, institutional, and public sector clients; and market-making services, including asset classes, risk management solutions, financing, and prime brokerage. The Banking segment includes investment banking services comprising equity and debt capital markets-related strategic financing solutions; advisory services related to mergers and acquisitions, divestitures, restructurings, and corporate defense activities; and corporate lending consists of corporate and commercial banking. The U.S. Personal Banking segment provides proprietary and co-branded card portfolios; and traditional banking services to retail and small business customers. The Wealth segment offers financial services to high-net-worth clients through banking, lending, mortgages, investment, custody, and trust product offerings; professional industries, including law firms, consulting groups, accounting, and asset management; and affluent and high net worth clients. The company operates in North America, the United Kingdom, Japan, North and South Asia, Australia, Europe, the Middle East, and Africa. Citigroup Inc. was founded in 1812 and is headquartered in New York, New York.",
  "fullTimeEmployees": 226710,
  "companyOfficers": [
    {
      "maxAge": 1,
      "name": "Ms. Jane Nind Fraser Ph.D.",
      "age": 56,
      "title": "CEO & Director",
      "yearBorn": 1968,
      "fiscalYear": 2024,
      "totalPay": 6470700,
      "exercisedValue": 0,
      "unexercisedValue": 0
    },
    {
      "maxAge": 1,
      "name": "Mr. Mark A.L. Mason",
      "age": 54,
      "title": "Chief Financial Officer",
      "yearBorn": 1970,
      "fiscalYear": 2024,
      "totalPay": 6652700,
      "exercisedValue": 0,
      "unexercisedValue": 0
    },
    {
      "maxAge": 1,
      "name": "Mr. Andrew J. Morton",
      "age": 62,
      "title": "Head of Markets",
      "yearBorn": 1962,
      "fiscalYear": 2024,
      "totalPay": 13488622,
      "exercisedValue": 0,
      "unexercisedValue": 0
    },
    {
      "maxAge": 1,
      "name": "Mr. Andrew Mason Sieg",
      "age": 56,
      "title": "Head of Wealth",
      "yearBorn": 1968,
      "fiscalYear": 2024,
      "totalPay": 8534693,
      "exercisedValue": 0,
      "unexercisedValue": 0
    },
    {
      "maxAge": 1,
      "name": "Mr. Viswas  Raghavan",
      "age": 58,
      "title": "Executive Vice Chairman & Head of Banking",
      "yearBorn": 1966,
      "fiscalYear": 2024,
      "totalPay": 9763474,
      "exercisedValue": 0,
      "unexercisedValue": 0
    },
    {
      "maxAge": 1,
      "name": "Mr. Anand  Selvakesari",
      "age": 56,
      "title": "Chief Operating Officer",
      "yearBorn": 1968,
      "fiscalYear": 2024,
      "totalPay": 8183176,
      "exercisedValue": 0,
      "unexercisedValue": 0
    },
    {
      "maxAge": 1,
      "name": "Mr. David R. Bailin",
      "title": "Chief Investment Officer & Global Head of Investments",
      "fiscalYear": 2024,
      "exercisedValue": 0,
      "unexercisedValue": 0
    },
    {
      "maxAge": 1,
      "name": "Ms. Nicole  Giles",
      "age": 52,
      "title": "Chief Accounting Officer & Controller",
      "yearBorn": 1972,
      "fiscalYear": 2024,
      "exercisedValue": 0,
      "unexercisedValue": 0
    },
    {
      "maxAge": 1,
      "name": "Mr. Achintya  Mangla",
      "title": "Head of Investment Banking Financing",
      "fiscalYear": 2024,
      "exercisedValue": 0,
      "unexercisedValue": 0
    },
    {
      "maxAge": 1,
      "name": "Mr. Tim  Ryan",
      "title": "Head of Technology & Business Enablement",
      "fiscalYear": 2024,
      "exercisedValue": 0,
      "unexercisedValue": 0
    }
  ],
  "auditRisk": 1,
  "boardRisk": 2,
  "compensationRisk": 5,
  "shareHolderRightsRisk": 1,
  "overallRisk": 1,
  "governanceEpochDate": 1743465600,
  "compensationAsOfEpochDate": 1735603200,
  "irWebsite": "http://www.citigroup.com/citi/investor/overview.html",
  "executiveTeam": [],
  "maxAge": 86400,
  "priceHint": 2,
  "previousClose": 63.22,
  "open": 64.19,
  "dayLow": 63.8401,
  "dayHigh": 66.29,
  "regularMarketPreviousClose": 63.22,
  "regularMarketOpen": 64.19,
  "regularMarketDayLow": 63.8401,
  "regularMarketDayHigh": 66.29,
  "dividendRate": 2.24,
  "dividendYield": 3.54,
  "exDividendDate": 1746403200,
  "payoutRatio": 0.3664,
  "fiveYearAvgDividendYield": 3.75,
  "beta": 1.277,
  "trailingPE": 10.811766,
  "forwardPE": 8.947149,
  "volume": 22099316,
  "regularMarketVolume": 22099316,
  "averageVolume": 17863696,
  "averageVolume10days": 30014330,
  "averageDailyVolume10Day": 30014330,
  "bid": 64.21,
  "ask": 64.37,
  "bidSize": 8,
  "askSize": 13,
  "marketCap": 121079357440,
  "fiftyTwoWeekLow": 53.51,
  "fiftyTwoWeekHigh": 84.74,
  "priceToSalesTrailing12Months": 1.6966685,
  "fiftyDayAverage": 73.1992,
  "twoHundredDayAverage": 68.01475,
  "trailingAnnualDividendRate": 2.18,
  "trailingAnnualDividendYield": 0.03448276,
  "currency": "USD",
  "tradeable": false,
  "enterpriseValue": -882202816,
  "profitMargins": 0.17771,
  "floatShares": 1864315620,
  "sharesOutstanding": 1882160000,
  "sharesShort": 39135754,
  "sharesShortPriorMonth": 34068788,
  "sharesShortPreviousMonthDate": 1740700800,
  "dateShortInterest": 1743379200,
  "sharesPercentSharesOut": 0.0208,
  "heldPercentInsiders": 0.010140001,
  "heldPercentInstitutions": 0.76681,
  "shortRatio": 2.29,
  "shortPercentOfFloat": 0.0208,
  "impliedSharesOutstanding": 1960390016,
  "bookValue": 101.62,
  "priceToBook": 0.63304466,
  "lastFiscalYearEnd": 1735603200,
  "nextFiscalYearEnd": 1767139200,
  "mostRecentQuarter": 1735603200,
  "netIncomeToCommon": 11459999744,
  "trailingEps": 5.95,
  "forwardEps": 7.19,
  "lastSplitFactor": "1:10",
  "lastSplitDate": 1304899200,
  "enterpriseToRevenue": -0.012,
  "52WeekChange": 0.10873377,
  "SandP52WeekChange": 0.07019031,
  "lastDividendValue": 0.56,
  "lastDividendDate": 1738540800,
  "quoteType": "EQUITY",
  "currentPrice": 64.33,
  "targetHighPrice": 110.0,
  "targetLowPrice": 70.0,
  "targetMeanPrice": 86.81579,
  "targetMedianPrice": 85.0,
  "recommendationMean": 1.75,
  "recommendationKey": "buy",
  "numberOfAnalystOpinions": 19,
  "totalCash": 780508004352,
  "totalCashPerShare": 414.177,
  "totalDebt": 641870987264,
  "totalRevenue": 71363002368,
  "revenuePerShare": 37.532,
  "returnOnAssets": 0.0053899996,
  "returnOnEquity": 0.06176,
  "grossProfits": 71363002368,
  "operatingCashflow": -19669000192,
  "revenueGrowth": 0.137,
  "grossMargins": 0.0,
  "ebitdaMargins": 0.0,
  "operatingMargins": 0.23486,
  "financialCurrency": "USD",
  "symbol": "C",
  "language": "en-US",
  "region": "US",
  "typeDisp": "Equity",
  "quoteSourceName": "Nasdaq Real Time Price",
  "triggerable": true,
  "customPriceAlertConfidence": "HIGH",
  "hasPrePostMarketData": true,
  "firstTradeDateMilliseconds": 221149800000,
  "postMarketChangePercent": -0.015702344,
  "postMarketPrice": 64.3199,
  "postMarketChange": -0.010101318,
  "regularMarketChange": 1.11,
  "regularMarketDayRange": "63.8401 - 66.29",
  "fullExchangeName": "NYSE",
  "averageDailyVolume3Month": 17863696,
  "fiftyTwoWeekLowChange": 10.8200035,
  "fiftyTwoWeekLowChangePercent": 0.20220527,
  "fiftyTwoWeekRange": "53.51 - 84.74",
  "fiftyTwoWeekHighChange": -20.409996,
  "fiftyTwoWeekHighChangePercent": -0.24085434,
  "fiftyTwoWeekChangePercent": 10.873377,
  "dividendDate": 1747958400,
  "earningsTimestamp": 1744718402,
  "earningsTimestampStart": 1744718402,
  "earningsTimestampEnd": 1744718402,
  "earningsCallTimestampStart": 1744729200,
  "earningsCallTimestampEnd": 1744729200,
  "isEarningsDateEstimate": false,
  "epsTrailingTwelveMonths": 5.95,
  "epsForward": 7.19,
  "epsCurrentYear": 7.39644,
  "priceEpsCurrentYear": 8.697428,
  "fiftyDayAverageChange": -8.869202,
  "fiftyDayAverageChangePercent": -0.121165276,
  "twoHundredDayAverageChange": -3.6847458,
  "twoHundredDayAverageChangePercent": -0.05417569,
  "sourceInterval": 15,
  "exchangeDataDelayedBy": 0,
  "marketState": "POST",
  "regularMarketChangePercent": 1.75577,
  "regularMarketPrice": 64.33,
  "averageAnalystRating": "1.8 - Buy",
  "cryptoTradeable": false,
  "shortName": "Citigroup, Inc.",
  "longName": "Citigroup Inc.",
  "corporateActions": [
    {
      "header": "Dividend",
      "message": "C announced a cash dividend of 0.56 with an ex-date of May. 5, 2025",
      "meta": {
        "eventType": "DIVIDEND",
        "dateEpochMs": 1746417600000,
        "amount": "0.56"
      }
    }
  ],
  "postMarketTime": 1744754568,
  "regularMarketTime": 1744747202,
  "exchange": "NYQ",
  "messageBoardId": "finmb_391687",
  "exchangeTimezoneName": "America/New_York",
  "exchangeTimezoneShortName": "EDT",
  "gmtOffSetMilliseconds": -14400000,
  "market": "us_market",
  "esgPopulated": false,
  "displayName": "Citigroup",
  "trailingPegRatio": 0.9162
}