[
  {
    "index": "2024-12-31",
    "Tax Effect Of Unusual Items": -192660000.0,
    "Tax Rate For Calcs": 0.247,
    "Total Unusual Items": -780000000.0,
    "Total Unusual Items Excluding Goodwill": -780000000.0,
    "Net Income From Continuing Operation Net Minority Interest": 12684000000.0,
    "Reconciled Depreciation": 4311000000.0,
    "Net Interest Income": 54095000000.0,
    "Interest Expense": 89618000000.0,
    "Interest Income": 143713000000.0,
    "Normalized Income": 13271340000.0,
    "Net Income From Continuing And Discontinued Operation": 12682000000.0,
    "Diluted Average Shares": NaN,
    "Basic Average Shares": NaN,
    "Diluted EPS": NaN,
    "Basic EPS": NaN,
    "Diluted NI Availto Com Stockholders": 11532000000.0,
    "Average Dilution Earnings": 74000000.0,
    "Net Income Common Stockholders": 11458000000.0,
    "Otherunder Preferred Stock Dividend": 170000000.0,
    "Preferred Stock Dividends": 1054000000.0,
    "Net Income": 12682000000.0,
    "Minority Interests": -151000000.0,
    "Net Income Including Noncontrolling Interests": 12833000000.0,
    "Net Income Discontinuous Operations": -2000000.0,
    "Net Income Continuous Operations": 12835000000.0,
    "Tax Provision": 4211000000.0,
    "Pretax Income": 17046000000.0,
    "Special Income Charges": -780000000.0,
    "Gain On Sale Of Business": -318000000.0,
    "Other Special Charges": 203000000.0,
    "Impairment Of Capital Assets": NaN,
    "Restructuring And Mergern Acquisition": 259000000.0,
    "Gain On Sale Of Security": -152000000.0,
    "Selling General And Administration": 29745000000.0,
    "Selling And Marketing Expense": 1113000000.0,
    "General And Administrative Expense": 28632000000.0,
    "Other Gand A": NaN,
    "Insurance And Claims": 90000000.0,
    "Salaries And Wages": 28542000000.0,
    "Total Revenue": 81089000000.0,
    "Operating Revenue": 81089000000.0,
    "Occupancy And Equipment": 2438000000.0,
    "Professional Expense And Contract Services Expense": 2016000000.0,
    "Other Non Interest Expense": 19095000000.0
  },
  {
    "index": "2023-12-31",
    "Tax Effect Of Unusual Items": -381381000.0,
    "Tax Rate For Calcs": 0.273,
    "Total Unusual Items": -1397000000.0,
    "Total Unusual Items Excluding Goodwill": -1397000000.0,
    "Net Income From Continuing Operation Net Minority Interest": 9229000000.0,
    "Reconciled Depreciation": 4560000000.0,
    "Net Interest Income": 54900000000.0,
    "Interest Expense": 78358000000.0,
    "Interest Income": 133258000000.0,
    "Normalized Income": 10244619000.0,
    "Net Income From Continuing And Discontinued Operation": 9228000000.0,
    "Diluted Average Shares": 1955800000.0,
    "Basic Average Shares": 1930100000.0,
    "Diluted EPS": 4.04,
    "Basic EPS": 4.07,
    "Diluted NI Availto Com Stockholders": 7907000000.0,
    "Average Dilution Earnings": 57000000.0,
    "Net Income Common Stockholders": 7850000000.0,
    "Otherunder Preferred Stock Dividend": 180000000.0,
    "Preferred Stock Dividends": 1198000000.0,
    "Net Income": 9228000000.0,
    "Minority Interests": -153000000.0,
    "Net Income Including Noncontrolling Interests": 9381000000.0,
    "Net Income Discontinuous Operations": -1000000.0,
    "Net Income Continuous Operations": 9382000000.0,
    "Tax Provision": 3528000000.0,
    "Pretax Income": 12910000000.0,
    "Special Income Charges": -1397000000.0,
    "Gain On Sale Of Business": 1090000000.0,
    "Other Special Charges": 1706000000.0,
    "Impairment Of Capital Assets": NaN,
    "Restructuring And Mergern Acquisition": 781000000.0,
    "Gain On Sale Of Security": -115000000.0,
    "Selling General And Administration": 30712000000.0,
    "Selling And Marketing Expense": 1393000000.0,
    "General And Administrative Expense": 29319000000.0,
    "Other Gand A": NaN,
    "Insurance And Claims": 87000000.0,
    "Salaries And Wages": 29232000000.0,
    "Total Revenue": 77024000000.0,
    "Operating Revenue": 77024000000.0,
    "Occupancy And Equipment": 2508000000.0,
    "Professional Expense And Contract Services Expense": 2078000000.0,
    "Other Non Interest Expense": 18296000000.0
  },
  {
    "index": "2022-12-31",
    "Tax Effect Of Unusual Items": 24981017.706173,
    "Tax Rate For Calcs": 0.193651,
    "Total Unusual Items": 129000000.0,
    "Total Unusual Items Excluding Goodwill": 129000000.0,
    "Net Income From Continuing Operation Net Minority Interest": 15076000000.0,
    "Reconciled Depreciation": 4262000000.0,
    "Net Interest Income": 48668000000.0,
    "Interest Expense": 25740000000.0,
    "Interest Income": 74408000000.0,
    "Normalized Income": 14971981017.706173,
    "Net Income From Continuing And Discontinued Operation": 14845000000.0,
    "Diluted Average Shares": 1964300000.0,
    "Basic Average Shares": 1946700000.0,
    "Diluted EPS": 7.0,
    "Basic EPS": 7.04,
    "Diluted NI Availto Com Stockholders": 13741000000.0,
    "Average Dilution Earnings": 41000000.0,
    "Net Income Common Stockholders": 13700000000.0,
    "Otherunder Preferred Stock Dividend": 113000000.0,
    "Preferred Stock Dividends": 1032000000.0,
    "Net Income": 14845000000.0,
    "Minority Interests": -89000000.0,
    "Net Income Including Noncontrolling Interests": 14934000000.0,
    "Net Income Discontinuous Operations": -231000000.0,
    "Net Income Continuous Operations": 15165000000.0,
    "Tax Provision": 3642000000.0,
    "Pretax Income": 18807000000.0,
    "Special Income Charges": 129000000.0,
    "Gain On Sale Of Business": 664000000.0,
    "Other Special Charges": NaN,
    "Impairment Of Capital Assets": 535000000.0,
    "Restructuring And Mergern Acquisition": 0.0,
    "Gain On Sale Of Security": -460000000.0,
    "Selling General And Administration": 28305000000.0,
    "Selling And Marketing Expense": 1556000000.0,
    "General And Administrative Expense": 26749000000.0,
    "Other Gand A": NaN,
    "Insurance And Claims": 94000000.0,
    "Salaries And Wages": 26655000000.0,
    "Total Revenue": 74480000000.0,
    "Operating Revenue": 74480000000.0,
    "Occupancy And Equipment": 2320000000.0,
    "Professional Expense And Contract Services Expense": 2481000000.0,
    "Other Non Interest Expense": 17584000000.0
  },
  {
    "index": "2021-12-31",
    "Tax Effect Of Unusual Items": 0.0,
    "Tax Rate For Calcs": 0.198,
    "Total Unusual Items": 0.0,
    "Total Unusual Items Excluding Goodwill": 0.0,
    "Net Income From Continuing Operation Net Minority Interest": 21945000000.0,
    "Reconciled Depreciation": 3964000000.0,
    "Net Interest Income": 42494000000.0,
    "Interest Expense": 7981000000.0,
    "Interest Income": 50475000000.0,
    "Normalized Income": 21945000000.0,
    "Net Income From Continuing And Discontinued Operation": 21952000000.0,
    "Diluted Average Shares": 2049400000.0,
    "Basic Average Shares": 2033000000.0,
    "Diluted EPS": 10.14,
    "Basic EPS": 10.797836,
    "Diluted NI Availto Com Stockholders": 20789000000.0,
    "Average Dilution Earnings": 31000000.0,
    "Net Income Common Stockholders": 20758000000.0,
    "Otherunder Preferred Stock Dividend": 154000000.0,
    "Preferred Stock Dividends": 1040000000.0,
    "Net Income": 21952000000.0,
    "Minority Interests": -73000000.0,
    "Net Income Including Noncontrolling Interests": 22025000000.0,
    "Net Income Discontinuous Operations": 7000000.0,
    "Net Income Continuous Operations": 22018000000.0,
    "Tax Provision": 5451000000.0,
    "Pretax Income": 27469000000.0,
    "Special Income Charges": 0.0,
    "Gain On Sale Of Business": NaN,
    "Other Special Charges": NaN,
    "Impairment Of Capital Assets": NaN,
    "Restructuring And Mergern Acquisition": 0.0,
    "Gain On Sale Of Security": 459000000.0,
    "Selling General And Administration": 26740000000.0,
    "Selling And Marketing Expense": 1490000000.0,
    "General And Administrative Expense": 25250000000.0,
    "Other Gand A": NaN,
    "Insurance And Claims": 116000000.0,
    "Salaries And Wages": 25134000000.0,
    "Total Revenue": 71887000000.0,
    "Operating Revenue": 71887000000.0,
    "Occupancy And Equipment": 2314000000.0,
    "Professional Expense And Contract Services Expense": NaN,
    "Other Non Interest Expense": 19255000000.0
  },
  {
    "index": "2020-12-31",
    "Tax Effect Of Unusual Items": NaN,
    "Tax Rate For Calcs": NaN,
    "Total Unusual Items": NaN,
    "Total Unusual Items Excluding Goodwill": NaN,
    "Net Income From Continuing Operation Net Minority Interest": NaN,
    "Reconciled Depreciation": NaN,
    "Net Interest Income": NaN,
    "Interest Expense": NaN,
    "Interest Income": NaN,
    "Normalized Income": NaN,
    "Net Income From Continuing And Discontinued Operation": NaN,
    "Diluted Average Shares": 2099000000.0,
    "Basic Average Shares": 2085800000.0,
    "Diluted EPS": 4.87,
    "Basic EPS": 5.451146,
    "Diluted NI Availto Com Stockholders": NaN,
    "Average Dilution Earnings": NaN,
    "Net Income Common Stockholders": NaN,
    "Otherunder Preferred Stock Dividend": NaN,
    "Preferred Stock Dividends": NaN,
    "Net Income": NaN,
    "Minority Interests": NaN,
    "Net Income Including Noncontrolling Interests": NaN,
    "Net Income Discontinuous Operations": NaN,
    "Net Income Continuous Operations": NaN,
    "Tax Provision": NaN,
    "Pretax Income": NaN,
    "Special Income Charges": NaN,
    "Gain On Sale Of Business": NaN,
    "Other Special Charges": NaN,
    "Impairment Of Capital Assets": NaN,
    "Restructuring And Mergern Acquisition": NaN,
    "Gain On Sale Of Security": NaN,
    "Selling General And Administration": NaN,
    "Selling And Marketing Expense": NaN,
    "General And Administrative Expense": NaN,
    "Other Gand A": 7383000000.0,
    "Insurance And Claims": NaN,
    "Salaries And Wages": NaN,
    "Total Revenue": NaN,
    "Operating Revenue": NaN,
    "Occupancy And Equipment": NaN,
    "Professional Expense And Contract Services Expense": NaN,
    "Other Non Interest Expense": NaN
  }
]