[
  {
    "id": "c72166fc-113f-3cf3-9ce6-753ed1057370",
    "content": {
      "id": "c72166fc-113f-3cf3-9ce6-753ed1057370",
      "contentType": "VIDEO",
      "title": "Citi and BofA earnings, Johnson & Johnson, China blocks Boeing",
      "description": "<p>On today's <a data-i13n=\"cpos:1;pos:1\" href=\"https://finance.yahoo.com/videos/series/market-minute/\">Market Minute</a>, <a data-i13n=\"cpos:2;pos:1\" href=\"https://finance.yahoo.com/author/madison-mills/\">Madison Mills</a> recaps the trending stories on Wall Street in just 60 seconds.</p>\n<p>Citigroup (<a data-i13n=\"cpos:3;pos:1\" href=\"https://finance.yahoo.com/quote/C\">C</a>) and Bank of America (<a data-i13n=\"cpos:4;pos:1\" href=\"https://finance.yahoo.com/quote/BAC\">BAC</a>) stocks gain after reporting earnings that beat analyst estimates.</p>\n<p>Johnson & Johnson (<a data-i13n=\"cpos:5;pos:1\" href=\"https://finance.yahoo.com/quote/JNJ\">JNJ</a>) is in focus after reporting earnings results as US President Trump pushes for tariffs on pharmaceutical imports into the US.</p>\n<p>China reportedly stopped deliveries of Boeing (<a data-i13n=\"cpos:6;pos:1\" href=\"https://finance.yahoo.com/quote/BA\">BA</a>) orders as the US–China trade war continues, according to <a data-i13n=\"cpos:7;pos:1\" href=\"https://finance.yahoo.com/news/ground-zero-china-trade-boom-120000112.html\">reporting from Bloomberg</a>.</p>\n<p>Stay up to date on the latest market action, minute-by-minute, with <a data-i13n=\"cpos:8;pos:1\" href=\"https://finance.yahoo.com/videos/series/market-minute/\">Yahoo Finance's Market Minute.</a></p>",
      "summary": "On today's Market Minute, Madison Mills recaps the trending stories on Wall Street in just 60 seconds. Citigroup (C) and Bank of America (BAC) stocks gain after reporting earnings that beat analyst estimates. Johnson & Johnson (JNJ) is in focus after reporting earnings results as US President Trump pushes for tariffs on pharmaceutical imports into the US. China reportedly stopped deliveries of Boeing (BA) orders as the US–China trade war continues, according to reporting from Bloomberg. Stay up to date on the latest market action, minute-by-minute, with Yahoo Finance's Market Minute.",
      "pubDate": "2025-04-15T15:15:32Z",
      "displayTime": "",
      "isHosted": true,
      "bypassModal": false,
      "previewUrl": null,
      "thumbnail": {
        "originalUrl": "https://s.yimg.com/os/creatr-uploaded-images/2025-04/ed156490-1a0b-11f0-af17-4d1b05eaed56",
        "originalWidth": 2338,
        "originalHeight": 1316,
        "caption": "",
        "resolutions": [
          {
            "url": "https://s.yimg.com/uu/api/res/1.2/L66.oOpO78_p5F_yFn3TPA--~B/aD0xMzE2O3c9MjMzODthcHBpZD15dGFjaHlvbg--/https://s.yimg.com/os/creatr-uploaded-images/2025-04/ed156490-1a0b-11f0-af17-4d1b05eaed56",
            "width": 2338,
            "height": 1316,
            "tag": "original"
          },
          {
            "url": "https://s.yimg.com/uu/api/res/1.2/G5v6JkTKle_OaOi5M.KlOQ--~B/Zmk9c3RyaW07aD0xMjg7dz0xNzA7YXBwaWQ9eXRhY2h5b24-/https://s.yimg.com/os/creatr-uploaded-images/2025-04/ed156490-1a0b-11f0-af17-4d1b05eaed56",
            "width": 170,
            "height": 128,
            "tag": "170x128"
          }
        ]
      },
      "provider": {
        "displayName": "Yahoo Finance Video",
        "url": "https://finance.yahoo.com/"
      },
      "canonicalUrl": {
        "url": "https://finance.yahoo.com/video/citi-bofa-earnings-johnson-johnson-151532919.html",
        "site": "finance",
        "region": "US",
        "lang": "en-US"
      },
      "clickThroughUrl": {
        "url": "https://finance.yahoo.com/video/citi-bofa-earnings-johnson-johnson-151532919.html",
        "site": "finance",
        "region": "US",
        "lang": "en-US"
      },
      "metadata": {
        "editorsPick": true
      },
      "finance": {
        "premiumFinance": {
          "isPremiumNews": false,
          "isPremiumFreeNews": false
        }
      },
      "storyline": {
        "storylineItems": [
          {
            "content": {
              "id": "b3a8d9ee-fc49-34f3-9df9-3309fbbf24fc",
              "contentType": "VIDEO",
              "isHosted": true,
              "title": "BofA, Citi earnings are 'encouraging' for financial sector",
              "thumbnail": {
                "originalUrl": "https://s.yimg.com/os/creatr-uploaded-images/2025-04/e6556f10-1a06-11f0-9ffd-548d716359dc",
                "originalWidth": 4914,
                "originalHeight": 2767,
                "caption": "",
                "resolutions": null
              },
              "provider": {
                "displayName": "Yahoo Finance Video",
                "sourceId": "video.yahoofinance.com"
              },
              "previewUrl": null,
              "providerContentUrl": "",
              "canonicalUrl": {
                "url": "https://finance.yahoo.com/video/bofa-citi-earnings-encouraging-financial-145806935.html"
              },
              "clickThroughUrl": {
                "url": "https://finance.yahoo.com/video/bofa-citi-earnings-encouraging-financial-145806935.html"
              }
            }
          },
          {
            "content": {
              "id": "7c1bef58-7a6d-3e6d-9b29-6845b044da71",
              "contentType": "VIDEO",
              "isHosted": true,
              "title": "Futures waver, China halts Boeing deliveries, bank earnings: 3 Things",
              "thumbnail": {
                "originalUrl": "https://s.yimg.com/os/creatr-uploaded-images/2025-04/3dba7180-19fb-11f0-be7f-f1649bf99150",
                "originalWidth": 5900,
                "originalHeight": 3322,
                "caption": "",
                "resolutions": null
              },
              "provider": {
                "displayName": "Yahoo Finance Video",
                "sourceId": "video.yahoofinance.com"
              },
              "previewUrl": null,
              "providerContentUrl": "",
              "canonicalUrl": {
                "url": "https://finance.yahoo.com/video/futures-waver-china-halts-boeing-131220346.html"
              },
              "clickThroughUrl": {
                "url": "https://finance.yahoo.com/video/futures-waver-china-halts-boeing-131220346.html"
              }
            }
          }
        ]
      }
    }
  },
  {
    "id": "b384060c-12e2-4a8b-8cee-2332b95a1b39",
    "content": {
      "id": "b384060c-12e2-4a8b-8cee-2332b95a1b39",
      "contentType": "STORY",
      "title": "BofA's Moynihan says 'we potentially face a changing economy' after stock traders post record haul",
      "description": "",
      "summary": "Bank of America reported a first-quarter rise in profits and revenue driven by robust trading results, becoming the latest big bank to benefit from the market volatility surrounding President Trump’s tariff rollout.",
      "pubDate": "2025-04-15T11:20:48Z",
      "displayTime": "2025-04-15T12:24:28Z",
      "isHosted": true,
      "bypassModal": false,
      "previewUrl": null,
      "thumbnail": {
        "originalUrl": "https://s.yimg.com/os/creatr-uploaded-images/2024-04/90c8e320-fbde-11ee-beec-536b4cae8feb",
        "originalWidth": 3347,
        "originalHeight": 2123,
        "caption": "",
        "resolutions": [
          {
            "url": "https://s.yimg.com/uu/api/res/1.2/tbsRqFesMUA2BM_RcG13VA--~B/aD0yMTIzO3c9MzM0NzthcHBpZD15dGFjaHlvbg--/https://s.yimg.com/os/creatr-uploaded-images/2024-04/90c8e320-fbde-11ee-beec-536b4cae8feb",
            "width": 3347,
            "height": 2123,
            "tag": "original"
          },
          {
            "url": "https://s.yimg.com/uu/api/res/1.2/FEIIYcJB2eFzbGorg4n5lw--~B/Zmk9c3RyaW07aD0xMjg7dz0xNzA7YXBwaWQ9eXRhY2h5b24-/https://s.yimg.com/os/creatr-uploaded-images/2024-04/90c8e320-fbde-11ee-beec-536b4cae8feb",
            "width": 170,
            "height": 128,
            "tag": "170x128"
          }
        ]
      },
      "provider": {
        "displayName": "Yahoo Finance",
        "url": "http://finance.yahoo.com/"
      },
      "canonicalUrl": {
        "url": "https://finance.yahoo.com/news/bofas-moynihan-says-we-potentially-face-a-changing-economy-after-stock-traders-post-record-haul-112048249.html",
        "site": "finance",
        "region": "US",
        "lang": "en-US"
      },
      "clickThroughUrl": {
        "url": "https://finance.yahoo.com/news/bofas-moynihan-says-we-potentially-face-a-changing-economy-after-stock-traders-post-record-haul-112048249.html",
        "site": "finance",
        "region": "US",
        "lang": "en-US"
      },
      "metadata": {
        "editorsPick": true
      },
      "finance": {
        "premiumFinance": {
          "isPremiumNews": false,
          "isPremiumFreeNews": false
        }
      },
      "storyline": null
    }
  },
  {
    "id": "0e7e3585-8919-328e-ad0b-a9063c7ebde8",
    "content": {
      "id": "0e7e3585-8919-328e-ad0b-a9063c7ebde8",
      "contentType": "VIDEO",
      "title": "Big Bank earnings, Fed commentary, tax deadline: What to Watch",
      "description": "<p>Yahoo Finance host <a data-i13n=\"cpos:1;pos:1\" href=\"https://finance.yahoo.com/author/josh-lipton/\">Josh Lipton</a> highlights what to watch on Tuesday, April 15.</p>\n<p>Earnings reports are expected from Johnson & Johnson (<a data-i13n=\"cpos:2;pos:1\" href=\"https://finance.yahoo.com/quote/JNJ\">JNJ</a>), Albertsons (<a data-i13n=\"cpos:3;pos:1\" href=\"https://finance.yahoo.com/quote/ACI\">ACI</a>), and United Airlines (<a data-i13n=\"cpos:4;pos:1\" href=\"https://finance.yahoo.com/quote/UAL\">UAL</a>), as well as major banks like Bank of America (<a data-i13n=\"cpos:5;pos:1\" href=\"https://finance.yahoo.com/quote/BAC\">BAC</a>) and Citi (<a data-i13n=\"cpos:6;pos:1\" href=\"https://finance.yahoo.com/quote/C\">C</a>).</p>\n<p>Fresh Federal Reserve commentary is coming as Fed Governor Lisa Cook is set to speak.</p>\n<p>The deadline to file 2024 federal income tax returns is also on Tuesday.</p>\n<p>To watch more expert insights and analysis on the latest market action, check out more Market Domination Overtime <a data-i13n=\"cpos:7;pos:1\" href=\"https://finance.yahoo.com/videos/series/market-domination-overtime/\">here</a>.</p>",
      "summary": "Yahoo Finance host Josh Lipton highlights what to watch on Tuesday, April 15. Earnings reports are expected from Johnson & Johnson (JNJ), Albertsons (ACI), and United Airlines (UAL), as well as major banks like Bank of America (BAC) and Citi (C). Fresh Federal Reserve commentary is coming as Fed Governor Lisa Cook is set to speak. The deadline to file 2024 federal income tax returns is also on Tuesday. To watch more expert insights and analysis on the latest market action, check out more Market Domination Overtime&nbsp;here.",
      "pubDate": "2025-04-14T23:00:00Z",
      "displayTime": "",
      "isHosted": true,
      "bypassModal": false,
      "previewUrl": null,
      "thumbnail": {
        "originalUrl": "https://s.yimg.com/os/creatr-uploaded-images/2025-04/a969b620-1979-11f0-85ff-bb1fb506a53c",
        "originalWidth": 1920,
        "originalHeight": 1080,
        "caption": "",
        "resolutions": [
          {
            "url": "https://s.yimg.com/uu/api/res/1.2/ZHOxcP67ffTAuALf5XUOyA--~B/aD0xMDgwO3c9MTkyMDthcHBpZD15dGFjaHlvbg--/https://s.yimg.com/os/creatr-uploaded-images/2025-04/a969b620-1979-11f0-85ff-bb1fb506a53c",
            "width": 1920,
            "height": 1080,
            "tag": "original"
          },
          {
            "url": "https://s.yimg.com/uu/api/res/1.2/MTrF3B135r77OT4zejwq8Q--~B/Zmk9c3RyaW07aD0xMjg7dz0xNzA7YXBwaWQ9eXRhY2h5b24-/https://s.yimg.com/os/creatr-uploaded-images/2025-04/a969b620-1979-11f0-85ff-bb1fb506a53c",
            "width": 170,
            "height": 128,
            "tag": "170x128"
          }
        ]
      },
      "provider": {
        "displayName": "Yahoo Finance Video",
        "url": "https://finance.yahoo.com/"
      },
      "canonicalUrl": {
        "url": "https://finance.yahoo.com/video/big-bank-earnings-fed-commentary-230000867.html",
        "site": "finance",
        "region": "US",
        "lang": "en-US"
      },
      "clickThroughUrl": {
        "url": "https://finance.yahoo.com/video/big-bank-earnings-fed-commentary-230000867.html",
        "site": "finance",
        "region": "US",
        "lang": "en-US"
      },
      "metadata": {
        "editorsPick": true
      },
      "finance": {
        "premiumFinance": {
          "isPremiumNews": false,
          "isPremiumFreeNews": false
        }
      },
      "storyline": null
    }
  },
  {
    "id": "3b70358f-1f6b-37ba-9238-544007f29abf",
    "content": {
      "id": "3b70358f-1f6b-37ba-9238-544007f29abf",
      "contentType": "STORY",
      "title": "Goldman, Wells Fargo Lead $17 Billion Bank Borrowing Spree",
      "description": "",
      "summary": "(Bloomberg) -- Goldman Sachs Group Inc. and Wells Fargo & Co. sold a combined $14 billion of US investment-grade bonds Tuesday, matching the day-earlier total from peers Morgan Stanley and JPMorgan Chase & Co.Most Read from BloombergHow Did This Suburb Figure Out Mass Transit?Even Oslo Has an Air Quality ProblemLA County Floats Leaner Budget Burdened by Fire and Legal Costs$15 Million Fund Bets Leadership Training Can Improve Chicago PolicingWells Fargo is issuing $8 billion of bonds in four par",
      "pubDate": "2025-04-15T21:05:03Z",
      "displayTime": "2025-04-15T21:05:03Z",
      "isHosted": true,
      "bypassModal": false,
      "previewUrl": null,
      "thumbnail": {
        "originalUrl": "https://media.zenfs.com/en/bloomberg_holding_pen_162/861b936068ea0cdc299f2db5c7386a25",
        "originalWidth": 2000,
        "originalHeight": 1335,
        "caption": "",
        "resolutions": [
          {
            "url": "https://s.yimg.com/uu/api/res/1.2/1H1oInpawGO6bAWoTabLyA--~B/aD0xMzM1O3c9MjAwMDthcHBpZD15dGFjaHlvbg--/https://media.zenfs.com/en/bloomberg_holding_pen_162/861b936068ea0cdc299f2db5c7386a25",
            "width": 2000,
            "height": 1335,
            "tag": "original"
          },
          {
            "url": "https://s.yimg.com/uu/api/res/1.2/0CEv1Mps9UQhKXEWu70c_Q--~B/Zmk9c3RyaW07aD0xMjg7dz0xNzA7YXBwaWQ9eXRhY2h5b24-/https://media.zenfs.com/en/bloomberg_holding_pen_162/861b936068ea0cdc299f2db5c7386a25",
            "width": 170,
            "height": 128,
            "tag": "170x128"
          }
        ]
      },
      "provider": {
        "displayName": "Bloomberg",
        "url": "https://www.bloomberg.com/company"
      },
      "canonicalUrl": {
        "url": "https://finance.yahoo.com/news/goldman-wells-fargo-lead-17-210503053.html",
        "site": "finance",
        "region": "US",
        "lang": "en-US"
      },
      "clickThroughUrl": {
        "url": "https://finance.yahoo.com/news/goldman-wells-fargo-lead-17-210503053.html",
        "site": "finance",
        "region": "US",
        "lang": "en-US"
      },
      "metadata": {
        "editorsPick": false
      },
      "finance": {
        "premiumFinance": {
          "isPremiumNews": false,
          "isPremiumFreeNews": false
        }
      },
      "storyline": null
    }
  },
  {
    "id": "ccd74786-6a59-3e95-9cdc-1cead598c5b9",
    "content": {
      "id": "ccd74786-6a59-3e95-9cdc-1cead598c5b9",
      "contentType": "STORY",
      "title": "Stocks fizzle after two-day rally driven by bank earnings and tech",
      "description": "",
      "summary": "Stocks closed lower Tuesday, snapping a two-day rally as investor jitters returned to the fore.",
      "pubDate": "2025-04-15T20:44:00Z",
      "displayTime": "2025-04-15T20:44:00Z",
      "isHosted": true,
      "bypassModal": false,
      "previewUrl": null,
      "thumbnail": {
        "originalUrl": "https://media.zenfs.com/en/quartz.com/28e61168bcbbf305514780f7cc1342cb",
        "originalWidth": 636,
        "originalHeight": 424,
        "caption": "",
        "resolutions": [
          {
            "url": "https://s.yimg.com/uu/api/res/1.2/.heKqq4K1mcwv00EH_Q3gg--~B/aD00MjQ7dz02MzY7YXBwaWQ9eXRhY2h5b24-/https://media.zenfs.com/en/quartz.com/28e61168bcbbf305514780f7cc1342cb",
            "width": 636,
            "height": 424,
            "tag": "original"
          },
          {
            "url": "https://s.yimg.com/uu/api/res/1.2/nsjZZ3HCqNNhN9qV5BxDNA--~B/Zmk9c3RyaW07aD0xMjg7dz0xNzA7YXBwaWQ9eXRhY2h5b24-/https://media.zenfs.com/en/quartz.com/28e61168bcbbf305514780f7cc1342cb",
            "width": 170,
            "height": 128,
            "tag": "170x128"
          }
        ]
      },
      "provider": {
        "displayName": "Quartz",
        "url": "http://www.qz.com"
      },
      "canonicalUrl": {
        "url": "https://finance.yahoo.com/news/wall-street-banks-cashing-trade-123249767.html",
        "site": "finance",
        "region": "US",
        "lang": "en-US"
      },
      "clickThroughUrl": {
        "url": "https://finance.yahoo.com/news/wall-street-banks-cashing-trade-123249767.html",
        "site": "finance",
        "region": "US",
        "lang": "en-US"
      },
      "metadata": {
        "editorsPick": false
      },
      "finance": {
        "premiumFinance": {
          "isPremiumNews": false,
          "isPremiumFreeNews": false
        }
      },
      "storyline": null
    }
  },
  {
    "id": "a9ad62b3-cd3f-3aac-b08e-6d11e27b2882",
    "content": {
      "id": "a9ad62b3-cd3f-3aac-b08e-6d11e27b2882",
      "contentType": "STORY",
      "title": "Bank of America, Citi Stocks Rally; Wall Street Profits From Tariff Chaos",
      "description": "",
      "summary": "Wall Street is raking in even more money from trading than it did during the market’s Covid-19 era swings.  Goldman Sachs, JPMorgan Chase and Morgan Stanley all said a surge in trading revenue helped lift their profits last quarter and beat expectations.",
      "pubDate": "2025-04-15T19:36:39Z",
      "displayTime": "2025-04-15T19:36:39Z",
      "isHosted": false,
      "bypassModal": false,
      "previewUrl": "https://finance.yahoo.com/m/a9ad62b3-cd3f-3aac-b08e-6d11e27b2882/bank-of-america-citi-stocks.html",
      "thumbnail": {
        "originalUrl": "https://media.zenfs.com/en/wsj.com/7b2c285183be07ca3c4e8242b25a59a8",
        "originalWidth": 1200,
        "originalHeight": 630,
        "caption": "",
        "resolutions": [
          {
            "url": "https://s.yimg.com/uu/api/res/1.2/Fwf5HL4GsEGPbDfR3MJBPg--~B/aD02MzA7dz0xMjAwO2FwcGlkPXl0YWNoeW9u/https://media.zenfs.com/en/wsj.com/7b2c285183be07ca3c4e8242b25a59a8",
            "width": 1200,
            "height": 630,
            "tag": "original"
          },
          {
            "url": "https://s.yimg.com/uu/api/res/1.2/c34MZxHLZOfDYN2BBjM9ww--~B/Zmk9c3RyaW07aD0xMjg7dz0xNzA7YXBwaWQ9eXRhY2h5b24-/https://media.zenfs.com/en/wsj.com/7b2c285183be07ca3c4e8242b25a59a8",
            "width": 170,
            "height": 128,
            "tag": "170x128"
          }
        ]
      },
      "provider": {
        "displayName": "The Wall Street Journal",
        "url": "http://www.wsj.com/"
      },
      "canonicalUrl": {
        "url": "https://www.wsj.com/livecoverage/stock-market-trump-tariffs-trade-war-04-15-25/card/6E8II1Z4oLVRmXXYlSf9?siteid=yhoof2&yptr=yahoo",
        "site": "finance",
        "region": "US",
        "lang": "en-US"
      },
      "clickThroughUrl": null,
      "metadata": {
        "editorsPick": false
      },
      "finance": {
        "premiumFinance": {
          "isPremiumNews": false,
          "isPremiumFreeNews": false
        }
      },
      "storyline": null
    }
  },
  {
    "id": "2d1e2ba7-593e-3769-a528-f340a46febb7",
    "content": {
      "id": "2d1e2ba7-593e-3769-a528-f340a46febb7",
      "contentType": "STORY",
      "title": "Citigroup (C) Has Gotten So Loved, It’ll Roar No Matter What – Jim Cramer Applauds Jane Fraser",
      "description": "",
      "summary": "We recently published a list of Jim Cramer’s Game Plan: 15 Stocks to Watch. In this article, we are going to take a look at where Citigroup Inc. (NYSE:C) stands against other stocks that Jim Cramer discusses. On Friday, Mad Money host Jim Cramer outlined what investors should focus on in the week, especially pointing […]",
      "pubDate": "2025-04-15T19:01:23Z",
      "displayTime": "2025-04-15T19:01:23Z",
      "isHosted": true,
      "bypassModal": false,
      "previewUrl": null,
      "thumbnail": {
        "originalUrl": "https://media.zenfs.com/en/insidermonkey.com/dc5a2bcb6b4c16a43cb5b4ba98feb139",
        "originalWidth": 600,
        "originalHeight": 800,
        "caption": "Citigroup (C) Has Gotten So Loved, It’ll Roar No Matter What - Jim Cramer Applauds Jane Fraser",
        "resolutions": [
          {
            "url": "https://s.yimg.com/uu/api/res/1.2/wnLQsLNcrpv.Qq7Mojnmbg--~B/aD04MDA7dz02MDA7YXBwaWQ9eXRhY2h5b24-/https://media.zenfs.com/en/insidermonkey.com/dc5a2bcb6b4c16a43cb5b4ba98feb139",
            "width": 600,
            "height": 800,
            "tag": "original"
          },
          {
            "url": "https://s.yimg.com/uu/api/res/1.2/q.MIPac5whTo3vtNOqDaFw--~B/Zmk9c3RyaW07aD0xMjg7dz0xNzA7YXBwaWQ9eXRhY2h5b24-/https://media.zenfs.com/en/insidermonkey.com/dc5a2bcb6b4c16a43cb5b4ba98feb139",
            "width": 170,
            "height": 128,
            "tag": "170x128"
          }
        ]
      },
      "provider": {
        "displayName": "Insider Monkey",
        "url": "http://www.insidermonkey.com"
      },
      "canonicalUrl": {
        "url": "https://finance.yahoo.com/news/citigroup-c-gotten-loved-ll-190123580.html",
        "site": "finance",
        "region": "US",
        "lang": "en-US"
      },
      "clickThroughUrl": {
        "url": "https://finance.yahoo.com/news/citigroup-c-gotten-loved-ll-190123580.html",
        "site": "finance",
        "region": "US",
        "lang": "en-US"
      },
      "metadata": {
        "editorsPick": false
      },
      "finance": {
        "premiumFinance": {
          "isPremiumNews": false,
          "isPremiumFreeNews": false
        }
      },
      "storyline": null
    }
  },
  {
    "id": "1d8caf57-d129-3bef-bca7-3f4ade516916",
    "content": {
      "id": "1d8caf57-d129-3bef-bca7-3f4ade516916",
      "contentType": "STORY",
      "title": "Citi wealth says 'strategy is working' as net new assets surge",
      "description": "",
      "summary": "Citi's wealth division saw a nearly five-fold increase in new investment assets in the first quarter. CEO Jane Fraser said the firm has \"real horsepower and firepower in our investment capabilities.\"",
      "pubDate": "2025-04-15T18:52:26Z",
      "displayTime": "2025-04-15T18:52:26Z",
      "isHosted": true,
      "bypassModal": false,
      "previewUrl": null,
      "thumbnail": {
        "originalUrl": "https://media.zenfs.com/en/financial_planning_664/19aabb01f4102d9c5cbe5a515c051e42",
        "originalWidth": 5000,
        "originalHeight": 3163,
        "caption": "The logo sign of Citibank finance brand in front of a store from a skyscraper office building in Manhattan, multinational investment bank and financial services. New York, 2022.",
        "resolutions": [
          {
            "url": "https://s.yimg.com/uu/api/res/1.2/aYD2c6ufbCypKC0QycqlQg--~B/aD0zMTYzO3c9NTAwMDthcHBpZD15dGFjaHlvbg--/https://media.zenfs.com/en/financial_planning_664/19aabb01f4102d9c5cbe5a515c051e42",
            "width": 5000,
            "height": 3163,
            "tag": "original"
          },
          {
            "url": "https://s.yimg.com/uu/api/res/1.2/o0q0qxNFaOSyg2QXDhTUIQ--~B/Zmk9c3RyaW07aD0xMjg7dz0xNzA7YXBwaWQ9eXRhY2h5b24-/https://media.zenfs.com/en/financial_planning_664/19aabb01f4102d9c5cbe5a515c051e42",
            "width": 170,
            "height": 128,
            "tag": "170x128"
          }
        ]
      },
      "provider": {
        "displayName": "Financial Planning",
        "url": "https://www.financial-planning.com/"
      },
      "canonicalUrl": {
        "url": "https://www.financial-planning.com/news/citi-wealth-client-assets-surge-in-first-quarter",
        "site": "finance",
        "region": "US",
        "lang": "en-US"
      },
      "clickThroughUrl": {
        "url": "https://finance.yahoo.com/news/citi-wealth-says-strategy-working-185226657.html",
        "site": "finance",
        "region": "US",
        "lang": "en-US"
      },
      "metadata": {
        "editorsPick": false
      },
      "finance": {
        "premiumFinance": {
          "isPremiumNews": false,
          "isPremiumFreeNews": false
        }
      },
      "storyline": null
    }
  },
  {
    "id": "404eff13-0905-3894-8709-74925b4056a1",
    "content": {
      "id": "404eff13-0905-3894-8709-74925b4056a1",
      "contentType": "STORY",
      "title": "Citigroup (NYSE:C) Sees Q1 2025 Earnings Growth With Net Income Rising To US$4 Billion",
      "description": "",
      "summary": "Citigroup (NYSE:C) recently reported strong first-quarter earnings, with net income and net interest income both showing marked year-over-year growth. The company's share price reflected this positive performance, rising 7% over the past week. This increase coincided with the broader uplift in the market, which rose 7% as banks and tech stocks led indices higher. While Citigroup's earnings report likely supported the stock's rise, the company also benefited from market trends, with a general...",
      "pubDate": "2025-04-15T17:42:22Z",
      "displayTime": "2025-04-15T17:42:22Z",
      "isHosted": true,
      "bypassModal": false,
      "previewUrl": null,
      "thumbnail": {
        "originalUrl": "https://media.zenfs.com/en/simply_wall_st__316/3eeb773aae18c65577be7c961694f7c0",
        "originalWidth": 1194,
        "originalHeight": 432,
        "caption": "",
        "resolutions": [
          {
            "url": "https://s.yimg.com/uu/api/res/1.2/2aUQV6FputbNhqCDNSxG3Q--~B/aD00MzI7dz0xMTk0O2FwcGlkPXl0YWNoeW9u/https://media.zenfs.com/en/simply_wall_st__316/3eeb773aae18c65577be7c961694f7c0",
            "width": 1194,
            "height": 432,
            "tag": "original"
          },
          {
            "url": "https://s.yimg.com/uu/api/res/1.2/W0a3oLiv4fQKOmhx2PbpKw--~B/Zmk9c3RyaW07aD0xMjg7dz0xNzA7YXBwaWQ9eXRhY2h5b24-/https://media.zenfs.com/en/simply_wall_st__316/3eeb773aae18c65577be7c961694f7c0",
            "width": 170,
            "height": 128,
            "tag": "170x128"
          }
        ]
      },
      "provider": {
        "displayName": "Simply Wall St.",
        "url": "https://simplywall.st/"
      },
      "canonicalUrl": {
        "url": "https://finance.yahoo.com/news/citigroup-nyse-c-sees-q1-174222735.html",
        "site": "finance",
        "region": "US",
        "lang": "en-US"
      },
      "clickThroughUrl": {
        "url": "https://finance.yahoo.com/news/citigroup-nyse-c-sees-q1-174222735.html",
        "site": "finance",
        "region": "US",
        "lang": "en-US"
      },
      "metadata": {
        "editorsPick": false
      },
      "finance": {
        "premiumFinance": {
          "isPremiumNews": false,
          "isPremiumFreeNews": false
        }
      },
      "storyline": null
    }
  },
  {
    "id": "afc3e2e9-274d-3732-83d5-ec0b1075510f",
    "content": {
      "id": "afc3e2e9-274d-3732-83d5-ec0b1075510f",
      "contentType": "STORY",
      "title": "Big Banks Show Consumers Remained Resilient Heading Into Tariff Turmoil",
      "description": "",
      "summary": "Bank of America and Citigroup said consumer spending ticked higher in the first quarter, when concerns about the economy began to bubble up.",
      "pubDate": "2025-04-15T17:35:00Z",
      "displayTime": "2025-04-15T17:35:00Z",
      "isHosted": false,
      "bypassModal": false,
      "previewUrl": "https://finance.yahoo.com/m/afc3e2e9-274d-3732-83d5-ec0b1075510f/big-banks-show-consumers.html",
      "thumbnail": {
        "originalUrl": "https://media.zenfs.com/en/wsj.com/59d3d2beaba502493f9ec615121676a7",
        "originalWidth": 1280,
        "originalHeight": 640,
        "caption": "",
        "resolutions": [
          {
            "url": "https://s.yimg.com/uu/api/res/1.2/4A0mRKAIpjLhu8rS1AknuQ--~B/aD02NDA7dz0xMjgwO2FwcGlkPXl0YWNoeW9u/https://media.zenfs.com/en/wsj.com/59d3d2beaba502493f9ec615121676a7",
            "width": 1280,
            "height": 640,
            "tag": "original"
          },
          {
            "url": "https://s.yimg.com/uu/api/res/1.2/hcHKj9zlipaaqKI.8IdhkA--~B/Zmk9c3RyaW07aD0xMjg7dz0xNzA7YXBwaWQ9eXRhY2h5b24-/https://media.zenfs.com/en/wsj.com/59d3d2beaba502493f9ec615121676a7",
            "width": 170,
            "height": 128,
            "tag": "170x128"
          }
        ]
      },
      "provider": {
        "displayName": "The Wall Street Journal",
        "url": "http://www.wsj.com/"
      },
      "canonicalUrl": {
        "url": "https://www.wsj.com/finance/banking/bank-of-america-bac-earnings-q1-2025-tariffs-inflation-a1f8c59d?siteid=yhoof2&yptr=yahoo",
        "site": "finance",
        "region": "US",
        "lang": "en-US"
      },
      "clickThroughUrl": null,
      "metadata": {
        "editorsPick": false
      },
      "finance": {
        "premiumFinance": {
          "isPremiumNews": false,
          "isPremiumFreeNews": false
        }
      },
      "storyline": null
    }
  }
]