{
  "address1": "Bahnhofstr. 45",
  "address2": "P.O. Box",
  "city": "Zurich",
  "zip": "8098",
  "country": "Switzerland",
  "phone": "41 44 234 11 11",
  "fax": "41 44 239 91 11",
  "website": "https://www.ubs.com",
  "industry": "Banks - Diversified",
  "industryKey": "banks-diversified",
  "industryDisp": "Banks - Diversified",
  "sector": "Financial Services",
  "sectorKey": "financial-services",
  "sectorDisp": "Financial Services",
  "longBusinessSummary": "UBS Group AG provides financial advice and solutions to private, institutional, and corporate clients worldwide. It operates through five divisions: Global Wealth Management, Personal & Corporate Banking, Asset Management, Investment Bank, and Non-core and Legacy. The company offers investment advice, estate and wealth planning, investing, corporate and banking, and investment management, as well as mortgage, securities-based, and structured lending solutions. It also provides personal banking products and services, such as deposits, credit and debit cards, and online and mobile banking, as well as lending, investments, retirement, and wealth management services; and corporate and institutional solutions, including equity and debt capital markets, syndicated and structured credit, private placements, leasing, traditional financing, and transaction banking solutions for payment and cash management services, trade and export finance, and global custody solutions. In addition, the company offers equities, fixed income, hedge funds, real estate and private markets, indexed and alternative beta strategies, asset allocation and currency investment strategies, customized multi-asset solutions, advisory and fiduciary services, and multi-manager hedge fund solutions and advisory services. Further, it advises clients on strategic business opportunities and helps them raise capital to fund their activities; enables its clients to buy, sell, and finance securities on capital markets and to manage risks and liquidity; distributes, trades in, finances, and clears cash equities and equity-linked products; structures, originates, and distributes new equity and equity-linked issues; and originates, distributes, manages risk, and provides liquidity in foreign exchange, rates, credit and precious metals. The company was formerly known as UBS AG and changed its name to UBS Group AG in December 2014. UBS Group AG was founded in 1862 and is headquartered in Zurich, Switzerland.",
  "fullTimeEmployees": 108648,
  "companyOfficers": [
    {
      "maxAge": 1,
      "name": "Mr. Sergio P. Ermotti",
      "age": 64,
      "title": "Group CEO & President of the Group Executive Board",
      "yearBorn": 1960,
      "fiscalYear": 2024,
      "totalPay": 5247027,
      "exercisedValue": 0,
      "unexercisedValue": 0
    },
    {
      "maxAge": 1,
      "name": "Mr. Todd  Tuckner",
      "age": 59,
      "title": "Group CFO & Member of Executive Board",
      "yearBorn": 1965,
      "fiscalYear": 2024,
      "exercisedValue": 0,
      "unexercisedValue": 0
    },
    {
      "maxAge": 1,
      "name": "Mr. Markus  Ronner",
      "age": 59,
      "title": "Group Chief Compliance & Governance Officer and Member of Group Executive Board",
      "yearBorn": 1965,
      "fiscalYear": 2024,
      "exercisedValue": 0,
      "unexercisedValue": 0
    },
    {
      "maxAge": 1,
      "name": "Mr. George  Athanasopoulos",
      "age": 55,
      "title": "Co-President Investment Bank & Member of Executive Board",
      "yearBorn": 1969,
      "fiscalYear": 2024,
      "exercisedValue": 0,
      "unexercisedValue": 0
    },
    {
      "maxAge": 1,
      "name": "Dr. Sabine  Keller-Busse",
      "age": 59,
      "title": "President UBS Switzerland, President of Personal & Corporate Banking and Member of the GEB",
      "yearBorn": 1965,
      "fiscalYear": 2024,
      "exercisedValue": 0,
      "unexercisedValue": 0
    },
    {
      "maxAge": 1,
      "name": "Mr. Robert  Karofsky",
      "age": 57,
      "title": "President of UBS Americas, Co-President Global Wealth Management & Member of GEB",
      "yearBorn": 1967,
      "fiscalYear": 2024,
      "exercisedValue": 0,
      "unexercisedValue": 0
    },
    {
      "maxAge": 1,
      "name": "Mr. Michael  Dargan",
      "age": 47,
      "title": "Group Chief Operations & Technology Officer and Member of the Executive Board",
      "yearBorn": 1977,
      "fiscalYear": 2024,
      "exercisedValue": 0,
      "unexercisedValue": 0
    },
    {
      "maxAge": 1,
      "name": "Mr. Marco  Illy",
      "age": 52,
      "title": "Co-President of the Investment Bank & Member of Executive Board",
      "yearBorn": 1972,
      "fiscalYear": 2024,
      "exercisedValue": 0,
      "unexercisedValue": 0
    },
    {
      "maxAge": 1,
      "name": "Mr. Iqbal  Khan CPA",
      "age": 48,
      "title": "President of UBS Asia-Pacific, Co-President Global Wealth Management & Member of Group Exec. Board",
      "yearBorn": 1976,
      "fiscalYear": 2024,
      "exercisedValue": 0,
      "unexercisedValue": 0
    },
    {
      "maxAge": 1,
      "name": "Ms. Beatriz Martin Jimenez",
      "age": 51,
      "title": "Head NonCore&Legacy&Pres EMEA,GlblTreas & Mem of Ex. Board & GEB Lead for Sus & Imp",
      "yearBorn": 1973,
      "fiscalYear": 2024,
      "exercisedValue": 0,
      "unexercisedValue": 0
    }
  ],
  "auditRisk": 10,
  "boardRisk": 4,
  "compensationRisk": 1,
  "shareHolderRightsRisk": 1,
  "overallRisk": 4,
  "governanceEpochDate": 1743465600,
  "compensationAsOfEpochDate": 1735603200,
  "executiveTeam": [],
  "maxAge": 86400,
  "priceHint": 2,
  "previousClose": 23.46,
  "open": 22.8,
  "dayLow": 22.7,
  "dayHigh": 23.25,
  "regularMarketPreviousClose": 23.46,
  "regularMarketOpen": 22.8,
  "regularMarketDayLow": 22.7,
  "regularMarketDayHigh": 23.24,
  "dividendRate": 0.82,
  "dividendYield": 3.5,
  "exDividendDate": 1744675200,
  "payoutRatio": 0.4605,
  "fiveYearAvgDividendYield": 2.55,
  "beta": 0.988,
  "trailingPE": 18.709679,
  "forwardPE": 12.020726,
  "volume": 7403488,
  "regularMarketVolume": 7405370,
  "averageVolume": 8455963,
  "averageVolume10days": 12699659,
  "averageDailyVolume10Day": 12699659,
  "bid": 23.19,
  "ask": 23.2,
  "bidSize": 0,
  "askSize": 0,
  "marketCap": 73656057856,
  "fiftyTwoWeekLow": 20.66,
  "fiftyTwoWeekHigh": 32.88,
  "priceToSalesTrailing12Months": 1.5335747,
  "fiftyDayAverage": 28.3916,
  "twoHundredDayAverage": 27.7347,
  "trailingAnnualDividendRate": 0.9,
  "trailingAnnualDividendYield": 0.038363174,
  "currency": "CHF",
  "tradeable": false,
  "enterpriseValue": 115746398208,
  "profitMargins": 0.10587,
  "floatShares": 2990177414,
  "sharesOutstanding": 3174830080,
  "heldPercentInsiders": 0.00058,
  "heldPercentInstitutions": 0.55597997,
  "impliedSharesOutstanding": 3174830080,
  "bookValue": 26.798,
  "priceToBook": 0.86573625,
  "lastFiscalYearEnd": 1735603200,
  "nextFiscalYearEnd": 1767139200,
  "mostRecentQuarter": 1735603200,
  "netIncomeToCommon": 5085000192,
  "trailingEps": 1.24,
  "forwardEps": 1.93,
  "enterpriseToRevenue": 2.41,
  "52WeekChange": -0.08108109,
  "SandP52WeekChange": 0.07019031,
  "lastDividendValue": 0.9,
  "lastDividendDate": 1744675200,
  "quoteType": "EQUITY",
  "currentPrice": 23.2,
  "targetHighPrice": 37.0,
  "targetLowPrice": 21.0,
  "targetMeanPrice": 30.15,
  "targetMedianPrice": 30.0,
  "recommendationMean": 2.64706,
  "recommendationKey": "hold",
  "numberOfAnalystOpinions": 17,
  "totalCash": 510568005632,
  "totalCashPerShare": 160.818,
  "totalDebt": 551339032576,
  "totalRevenue": 48028999680,
  "revenuePerShare": 15.016,
  "returnOnAssets": 0.0031400002,
  "returnOnEquity": 0.05992,
  "grossProfits": 48028999680,
  "operatingCashflow": 18350999552,
  "revenueGrowth": 0.078,
  "grossMargins": 0.0,
  "ebitdaMargins": 0.0,
  "operatingMargins": 0.50558996,
  "financialCurrency": "USD",
  "symbol": "UBSG.SW",
  "language": "en-US",
  "region": "US",
  "typeDisp": "Equity",
  "quoteSourceName": "Delayed Quote",
  "triggerable": false,
  "customPriceAlertConfidence": "LOW",
  "exchange": "EBS",
  "messageBoardId": "finmb_416620",
  "exchangeTimezoneName": "Europe/Zurich",
  "exchangeTimezoneShortName": "CEST",
  "gmtOffSetMilliseconds": 7200000,
  "market": "ch_market",
  "esgPopulated": false,
  "corporateActions": [
    {
      "header": "Dividend",
      "message": "UBSG.SW announced a cash dividend of 0.90 with an ex-date of Apr. 15, 2025",
      "meta": {
        "eventType": "DIVIDEND",
        "dateEpochMs": 1744668000000,
        "amount": "0.90"
      }
    }
  ],
  "regularMarketTime": 1744731030,
  "regularMarketChangePercent": -1.1082623,
  "regularMarketPrice": 23.2,
  "shortName": "UBS GROUP N",
  "longName": "UBS Group AG",
  "marketState": "PREPRE",
  "cryptoTradeable": false,
  "regularMarketChange": -0.25999832,
  "regularMarketDayRange": "22.7 - 23.24",
  "fullExchangeName": "Swiss",
  "averageDailyVolume3Month": 8455963,
  "fiftyTwoWeekLowChange": 2.540001,
  "fiftyTwoWeekLowChangePercent": 0.12294293,
  "fiftyTwoWeekRange": "20.66 - 32.88",
  "fiftyTwoWeekHighChange": -9.68,
  "fiftyTwoWeekHighChangePercent": -0.29440388,
  "fiftyTwoWeekChangePercent": -8.108109,
  "dividendDate": 1744848000,
  "earningsTimestamp": 1745988300,
  "earningsTimestampStart": 1745988300,
  "earningsTimestampEnd": 1745988300,
  "earningsCallTimestampStart": 1738665000,
  "earningsCallTimestampEnd": 1738665000,
  "isEarningsDateEstimate": false,
  "epsTrailingTwelveMonths": 1.24,
  "epsForward": 1.93,
  "epsCurrentYear": 1.83385,
  "priceEpsCurrentYear": 12.65098,
  "fiftyDayAverageChange": -5.191599,
  "fiftyDayAverageChangePercent": -0.18285686,
  "twoHundredDayAverageChange": -4.5346985,
  "twoHundredDayAverageChangePercent": -0.16350271,
  "sourceInterval": 15,
  "exchangeDataDelayedBy": 15,
  "averageAnalystRating": "2.6 - Hold",
  "hasPrePostMarketData": false,
  "firstTradeDateMilliseconds": 807433200000,
  "trailingPegRatio": null
}