[
  {
    "index": "2024-12-31",
    "Treasury Shares Number": 287262471.0,
    "Ordinary Shares Number": 3174825251.0,
    "Share Issued": 3462087722.0,
    "Net Debt": 98799000000.0,
    "Total Debt": 322128000000.0,
    "Tangible Book Value": 78192000000.0,
    "Invested Capital": 407207000000.0,
    "Net Tangible Assets": 78192000000.0,
    "Capital Lease Obligations": NaN,
    "Common Stock Equity": 85079000000.0,
    "Total Capitalization": 407207000000.0,
    "Total Equity Gross Minority Interest": 85573000000.0,
    "Minority Interest": 494000000.0,
    "Stockholders Equity": 85079000000.0,
    "Other Equity Interest": NaN,
    "Gains Losses Not Affecting Retained Earnings": 1088000000.0,
    "Other Equity Adjustments": 1088000000.0,
    "Treasury Stock": 6402000000.0,
    "Retained Earnings": 78035000000.0,
    "Additional Paid In Capital": 12012000000.0,
    "Capital Stock": 346000000.0,
    "Common Stock": 346000000.0,
    "Total Liabilities Net Minority Interest": 1479455000000.0,
    "Derivative Product Liabilities": 180636000000.0,
    "Employee Benefits": NaN,
    "Non Current Deferred Liabilities": NaN,
    "Non Current Deferred Revenue": NaN,
    "Non Current Deferred Taxes Liabilities": NaN,
    "Long Term Debt And Capital Lease Obligation": 322128000000.0,
    "Long Term Capital Lease Obligation": NaN,
    "Long Term Debt": 322128000000.0,
    "Long Term Provisions": 8409000000.0,
    "Current Debt And Capital Lease Obligation": NaN,
    "Current Debt": NaN,
    "Other Current Borrowings": NaN,
    "Commercial Paper": NaN,
    "Payables And Accrued Expenses": 84513000000.0,
    "Current Accrued Expenses": NaN,
    "Payables": 84513000000.0,
    "Other Payable": 35490000000.0,
    "Total Tax Payable": NaN,
    "Income Tax Payable": NaN,
    "Accounts Payable": 49023000000.0,
    "Total Assets": 1565028000000.0,
    "Investments And Advances": 317873000000.0,
    "Available For Sale Securities": 154307000000.0,
    "Trading Securities": 159065000000.0,
    "Long Term Equity Investment": 2306000000.0,
    "Goodwill And Other Intangible Assets": 6887000000.0,
    "Other Intangible Assets": NaN,
    "Goodwill": NaN,
    "Net PPE": 15498000000.0,
    "Accumulated Depreciation": NaN,
    "Gross PPE": NaN,
    "Leases": NaN,
    "Construction In Progress": NaN,
    "Other Properties": NaN,
    "Machinery Furniture Equipment": NaN,
    "Prepaid Assets": NaN,
    "Receivables": 25858000000.0,
    "Other Receivables": NaN,
    "Accounts Receivable": 25858000000.0,
    "Other Short Term Investments": 2195000000.0,
    "Cash And Cash Equivalents": 223329000000.0,
    "Cash Equivalents": NaN,
    "Cash Financial": 223329000000.0,
    "Cash Cash Equivalents And Federal Funds Sold": 341630000000.0
  },
  {
    "index": "2023-12-31",
    "Treasury Shares Number": 253233437.0,
    "Ordinary Shares Number": 3208854285.0,
    "Share Issued": 3462087722.0,
    "Net Debt": 54971000000.0,
    "Total Debt": 377685000000.0,
    "Tangible Book Value": 78593000000.0,
    "Invested Capital": 458291000000.0,
    "Net Tangible Assets": 78593000000.0,
    "Capital Lease Obligations": 5502000000.0,
    "Common Stock Equity": 86108000000.0,
    "Total Capitalization": 419761000000.0,
    "Total Equity Gross Minority Interest": 86639000000.0,
    "Minority Interest": 531000000.0,
    "Stockholders Equity": 86108000000.0,
    "Other Equity Interest": NaN,
    "Gains Losses Not Affecting Retained Earnings": 2462000000.0,
    "Other Equity Adjustments": 2462000000.0,
    "Treasury Stock": 4796000000.0,
    "Retained Earnings": 74880000000.0,
    "Additional Paid In Capital": 13216000000.0,
    "Capital Stock": 346000000.0,
    "Common Stock": 346000000.0,
    "Total Liabilities Net Minority Interest": 1630607000000.0,
    "Derivative Product Liabilities": 192181000000.0,
    "Employee Benefits": 9746000000.0,
    "Non Current Deferred Liabilities": 960000000.0,
    "Non Current Deferred Revenue": 635000000.0,
    "Non Current Deferred Taxes Liabilities": 325000000.0,
    "Long Term Debt And Capital Lease Obligation": 339155000000.0,
    "Long Term Capital Lease Obligation": 5502000000.0,
    "Long Term Debt": 333653000000.0,
    "Long Term Provisions": 12250000000.0,
    "Current Debt And Capital Lease Obligation": 38530000000.0,
    "Current Debt": 38530000000.0,
    "Other Current Borrowings": 38530000000.0,
    "Commercial Paper": NaN,
    "Payables And Accrued Expenses": 96646000000.0,
    "Current Accrued Expenses": 3270000000.0,
    "Payables": 93376000000.0,
    "Other Payable": 41582000000.0,
    "Total Tax Payable": 2580000000.0,
    "Income Tax Payable": 2580000000.0,
    "Accounts Payable": 49214000000.0,
    "Total Assets": 1717246000000.0,
    "Investments And Advances": 194710000000.0,
    "Available For Sale Securities": 95190000000.0,
    "Trading Securities": 94914000000.0,
    "Long Term Equity Investment": 2373000000.0,
    "Goodwill And Other Intangible Assets": 7515000000.0,
    "Other Intangible Assets": 1472000000.0,
    "Goodwill": 6043000000.0,
    "Net PPE": 17849000000.0,
    "Accumulated Depreciation": -18064000000.0,
    "Gross PPE": 35912000000.0,
    "Leases": 6613000000.0,
    "Construction In Progress": 863000000.0,
    "Other Properties": 16710000000.0,
    "Machinery Furniture Equipment": 11726000000.0,
    "Prepaid Assets": 2080000000.0,
    "Receivables": 35890000000.0,
    "Other Receivables": 9071000000.0,
    "Accounts Receivable": 26819000000.0,
    "Other Short Term Investments": 2233000000.0,
    "Cash And Cash Equivalents": 317212000000.0,
    "Cash Equivalents": NaN,
    "Cash Financial": 314148000000.0,
    "Cash Cash Equivalents And Federal Funds Sold": 453160000000.0
  },
  {
    "index": "2022-12-31",
    "Treasury Shares Number": 416909010.0,
    "Ordinary Shares Number": 3107726712.0,
    "Share Issued": 3524635722.0,
    "Net Debt": 17117000000.0,
    "Total Debt": 193276000000.0,
    "Tangible Book Value": 50609000000.0,
    "Invested Capital": 246818000000.0,
    "Net Tangible Assets": 50609000000.0,
    "Capital Lease Obligations": 3334000000.0,
    "Common Stock Equity": 56876000000.0,
    "Total Capitalization": 217142000000.0,
    "Total Equity Gross Minority Interest": 57218000000.0,
    "Minority Interest": 342000000.0,
    "Stockholders Equity": 56876000000.0,
    "Other Equity Interest": -1000000.0,
    "Gains Losses Not Affecting Retained Earnings": -103000000.0,
    "Other Equity Adjustments": -103000000.0,
    "Treasury Stock": 6874000000.0,
    "Retained Earnings": 50004000000.0,
    "Additional Paid In Capital": 13546000000.0,
    "Capital Stock": 304000000.0,
    "Common Stock": 304000000.0,
    "Total Liabilities Net Minority Interest": 1047146000000.0,
    "Derivative Product Liabilities": 154906000000.0,
    "Employee Benefits": 6822000000.0,
    "Non Current Deferred Liabilities": 471000000.0,
    "Non Current Deferred Revenue": 235000000.0,
    "Non Current Deferred Taxes Liabilities": 236000000.0,
    "Long Term Debt And Capital Lease Obligation": 163600000000.0,
    "Long Term Capital Lease Obligation": 3334000000.0,
    "Long Term Debt": 160266000000.0,
    "Long Term Provisions": 3243000000.0,
    "Current Debt And Capital Lease Obligation": 29676000000.0,
    "Current Debt": 29676000000.0,
    "Other Current Borrowings": 29676000000.0,
    "Commercial Paper": NaN,
    "Payables And Accrued Expenses": 86893000000.0,
    "Current Accrued Expenses": 1760000000.0,
    "Payables": 85133000000.0,
    "Other Payable": 36436000000.0,
    "Total Tax Payable": 1663000000.0,
    "Income Tax Payable": 1663000000.0,
    "Accounts Payable": 47034000000.0,
    "Total Assets": 1104364000000.0,
    "Investments And Advances": 152433000000.0,
    "Available For Sale Securities": 79776000000.0,
    "Trading Securities": 69317000000.0,
    "Long Term Equity Investment": 1101000000.0,
    "Goodwill And Other Intangible Assets": 6267000000.0,
    "Other Intangible Assets": 224000000.0,
    "Goodwill": 6043000000.0,
    "Net PPE": 12288000000.0,
    "Accumulated Depreciation": -14838000000.0,
    "Gross PPE": 27126000000.0,
    "Leases": 4459000000.0,
    "Construction In Progress": 1136000000.0,
    "Other Properties": 11587000000.0,
    "Machinery Furniture Equipment": 9944000000.0,
    "Prepaid Assets": 1076000000.0,
    "Receivables": 23430000000.0,
    "Other Receivables": 2783000000.0,
    "Accounts Receivable": 20647000000.0,
    "Other Short Term Investments": 2239000000.0,
    "Cash And Cash Equivalents": 172825000000.0,
    "Cash Equivalents": NaN,
    "Cash Financial": 169445000000.0,
    "Cash Cash Equivalents And Federal Funds Sold": 248343000000.0
  },
  {
    "index": "2021-12-31",
    "Treasury Shares Number": 303195328.0,
    "Ordinary Shares Number": 3399607667.0,
    "Share Issued": 3702802995.0,
    "Net Debt": 20387000000.0,
    "Total Debt": 218743000000.0,
    "Tangible Book Value": 54284000000.0,
    "Invested Capital": 275847000000.0,
    "Net Tangible Assets": 54284000000.0,
    "Capital Lease Obligations": 3558000000.0,
    "Common Stock Equity": 60662000000.0,
    "Total Capitalization": 232749000000.0,
    "Total Equity Gross Minority Interest": 61002000000.0,
    "Minority Interest": 340000000.0,
    "Stockholders Equity": 60662000000.0,
    "Other Equity Interest": NaN,
    "Gains Losses Not Affecting Retained Earnings": 5236000000.0,
    "Other Equity Adjustments": 5236000000.0,
    "Treasury Stock": 4675000000.0,
    "Retained Earnings": 43851000000.0,
    "Additional Paid In Capital": 15928000000.0,
    "Capital Stock": 322000000.0,
    "Common Stock": 322000000.0,
    "Total Liabilities Net Minority Interest": 1056180000000.0,
    "Derivative Product Liabilities": 121309000000.0,
    "Employee Benefits": 7257000000.0,
    "Non Current Deferred Liabilities": 540000000.0,
    "Non Current Deferred Revenue": 240000000.0,
    "Non Current Deferred Taxes Liabilities": 300000000.0,
    "Long Term Debt And Capital Lease Obligation": 175645000000.0,
    "Long Term Capital Lease Obligation": 3558000000.0,
    "Long Term Debt": 172087000000.0,
    "Long Term Provisions": 3518000000.0,
    "Current Debt And Capital Lease Obligation": 43098000000.0,
    "Current Debt": 43098000000.0,
    "Other Current Borrowings": 43098000000.0,
    "Commercial Paper": 40640000000.0,
    "Payables And Accrued Expenses": 80801000000.0,
    "Current Accrued Expenses": 1876000000.0,
    "Payables": 78925000000.0,
    "Other Payable": 31798000000.0,
    "Total Tax Payable": 1988000000.0,
    "Income Tax Payable": 1988000000.0,
    "Accounts Payable": 45139000000.0,
    "Total Assets": 1117182000000.0,
    "Investments And Advances": 182917000000.0,
    "Available For Sale Securities": 46551000000.0,
    "Trading Securities": 126279000000.0,
    "Long Term Equity Investment": 1243000000.0,
    "Goodwill And Other Intangible Assets": 6378000000.0,
    "Other Intangible Assets": 252000000.0,
    "Goodwill": 6126000000.0,
    "Net PPE": 12888000000.0,
    "Accumulated Depreciation": -14225000000.0,
    "Gross PPE": 27114000000.0,
    "Leases": 4174000000.0,
    "Construction In Progress": 1250000000.0,
    "Other Properties": 13048000000.0,
    "Machinery Furniture Equipment": 8642000000.0,
    "Prepaid Assets": 1108000000.0,
    "Receivables": 26325000000.0,
    "Other Receivables": 1994000000.0,
    "Accounts Receivable": 24331000000.0,
    "Other Short Term Investments": 8844000000.0,
    "Cash And Cash Equivalents": 194798000000.0,
    "Cash Equivalents": 5258000000.0,
    "Cash Financial": 192817000000.0,
    "Cash Cash Equivalents And Federal Funds Sold": 275614000000.0
  },
  {
    "index": "2020-12-31",
    "Treasury Shares Number": NaN,
    "Ordinary Shares Number": NaN,
    "Share Issued": NaN,
    "Net Debt": NaN,
    "Total Debt": NaN,
    "Tangible Book Value": NaN,
    "Invested Capital": NaN,
    "Net Tangible Assets": NaN,
    "Capital Lease Obligations": 3927000000.0,
    "Common Stock Equity": NaN,
    "Total Capitalization": NaN,
    "Total Equity Gross Minority Interest": NaN,
    "Minority Interest": NaN,
    "Stockholders Equity": NaN,
    "Other Equity Interest": -1000000.0,
    "Gains Losses Not Affecting Retained Earnings": NaN,
    "Other Equity Adjustments": NaN,
    "Treasury Stock": NaN,
    "Retained Earnings": NaN,
    "Additional Paid In Capital": NaN,
    "Capital Stock": NaN,
    "Common Stock": NaN,
    "Total Liabilities Net Minority Interest": NaN,
    "Derivative Product Liabilities": NaN,
    "Employee Benefits": 7468000000.0,
    "Non Current Deferred Liabilities": 792000000.0,
    "Non Current Deferred Revenue": 228000000.0,
    "Non Current Deferred Taxes Liabilities": 564000000.0,
    "Long Term Debt And Capital Lease Obligation": NaN,
    "Long Term Capital Lease Obligation": 3927000000.0,
    "Long Term Debt": NaN,
    "Long Term Provisions": NaN,
    "Current Debt And Capital Lease Obligation": 46666000000.0,
    "Current Debt": 46666000000.0,
    "Other Current Borrowings": 5515000000.0,
    "Commercial Paper": 41151000000.0,
    "Payables And Accrued Expenses": NaN,
    "Current Accrued Expenses": 1696000000.0,
    "Payables": NaN,
    "Other Payable": NaN,
    "Total Tax Payable": 1532000000.0,
    "Income Tax Payable": 1532000000.0,
    "Accounts Payable": NaN,
    "Total Assets": NaN,
    "Investments And Advances": NaN,
    "Available For Sale Securities": NaN,
    "Trading Securities": NaN,
    "Long Term Equity Investment": NaN,
    "Goodwill And Other Intangible Assets": NaN,
    "Other Intangible Assets": 298000000.0,
    "Goodwill": 6182000000.0,
    "Net PPE": NaN,
    "Accumulated Depreciation": -13129000000.0,
    "Gross PPE": 26238000000.0,
    "Leases": 4249000000.0,
    "Construction In Progress": 1036000000.0,
    "Other Properties": 13185000000.0,
    "Machinery Furniture Equipment": 7768000000.0,
    "Prepaid Assets": 1081000000.0,
    "Receivables": NaN,
    "Other Receivables": 1880000000.0,
    "Accounts Receivable": NaN,
    "Other Short Term Investments": NaN,
    "Cash And Cash Equivalents": NaN,
    "Cash Equivalents": 6264000000.0,
    "Cash Financial": NaN,
    "Cash Cash Equivalents And Federal Funds Sold": NaN
  }
]