[
  {
    "index": "2023-12-31",
    "Free Cash Flow": 84383000000.0,
    "Repurchase Of Capital Stock": NaN,
    "Repayment Of Debt": -165987000000.0,
    "Issuance Of Debt": 109735000000.0,
    "Capital Expenditure": -1685000000.0,
    "Interest Paid Supplemental Data": 35969000000.0,
    "End Cash Position": 340311000000.0,
    "Beginning Cash Position": 195321000000.0,
    "Effect Of Exchange Rate Changes": 13955000000.0,
    "Changes In Cash": 131034000000.0,
    "Financing Cash Flow": -58262000000.0,
    "Cash Flow From Continuing Financing Activities": -58262000000.0,
    "Net Other Financing Charges": -721000000.0,
    "Cash Dividends Paid": -1679000000.0,
    "Common Stock Dividend Paid": -1679000000.0,
    "Net Common Stock Issuance": -2779000000.0,
    "Common Stock Payments": NaN,
    "Net Issuance Payments Of Debt": -53083000000.0,
    "Net Short Term Debt Issuance": 3169000000.0,
    "Net Long Term Debt Issuance": -56252000000.0,
    "Long Term Debt Payments": -165987000000.0,
    "Long Term Debt Issuance": 109735000000.0,
    "Investing Cash Flow": 103228000000.0,
    "Cash Flow From Continuing Investing Activities": 103228000000.0,
    "Net Other Investing Changes": 108510000000.0,
    "Net Investment Purchase And Sale": -3779000000.0,
    "Sale Of Investment": 10465000000.0,
    "Purchase Of Investment": -14244000000.0,
    "Net Business Purchase And Sale": 117000000.0,
    "Sale Of Business": 121000000.0,
    "Purchase Of Business": -4000000.0,
    "Net PPE Purchase And Sale": -1620000000.0,
    "Sale Of PPE": 65000000.0,
    "Purchase Of PPE": -1685000000.0,
    "Operating Cash Flow": 86068000000.0,
    "Cash Flow From Continuing Operating Activities": 86067000000.0,
    "Taxes Refund Paid": -1852000000.0,
    "Change In Working Capital": 90103000000.0,
    "Change In Other Working Capital": 67743000000.0,
    "Other Non Cash Items": -34388000000.0,
    "Deferred Tax": -694000000.0,
    "Deferred Income Tax": -694000000.0,
    "Depreciation Amortization Depletion": 3750000000.0,
    "Depreciation And Amortization": 3750000000.0,
    "Amortization Cash Flow": NaN,
    "Amortization Of Intangibles": NaN,
    "Depreciation": 3750000000.0,
    "Operating Gains Losses": 246000000.0,
    "Earnings Losses From Equity Investments": 348000000.0,
    "Net Income From Continuing Operations": 27866000000.0
  },
  {
    "index": "2022-12-31",
    "Free Cash Flow": 13004000000.0,
    "Repurchase Of Capital Stock": -6006000000.0,
    "Repayment Of Debt": -67670000000.0,
    "Issuance Of Debt": 79115000000.0,
    "Capital Expenditure": -1643000000.0,
    "Interest Paid Supplemental Data": 8198000000.0,
    "End Cash Position": 195321000000.0,
    "Beginning Cash Position": 207875000000.0,
    "Effect Of Exchange Rate Changes": -5659000000.0,
    "Changes In Cash": -6894000000.0,
    "Financing Cash Flow": -9094000000.0,
    "Cash Flow From Continuing Financing Activities": -9095000000.0,
    "Net Other Financing Charges": -616000000.0,
    "Cash Dividends Paid": -1668000000.0,
    "Common Stock Dividend Paid": -1668000000.0,
    "Net Common Stock Issuance": -6006000000.0,
    "Common Stock Payments": -6006000000.0,
    "Net Issuance Payments Of Debt": -804000000.0,
    "Net Short Term Debt Issuance": -12249000000.0,
    "Net Long Term Debt Issuance": 11445000000.0,
    "Long Term Debt Payments": -67670000000.0,
    "Long Term Debt Issuance": 79115000000.0,
    "Investing Cash Flow": -12447000000.0,
    "Cash Flow From Continuing Investing Activities": -12447000000.0,
    "Net Other Investing Changes": NaN,
    "Net Investment Purchase And Sale": -12692000000.0,
    "Sale Of Investment": 18799000000.0,
    "Purchase Of Investment": -31491000000.0,
    "Net Business Purchase And Sale": 1727000000.0,
    "Sale Of Business": 1730000000.0,
    "Purchase Of Business": -3000000.0,
    "Net PPE Purchase And Sale": -1482000000.0,
    "Sale Of PPE": 161000000.0,
    "Purchase Of PPE": -1643000000.0,
    "Operating Cash Flow": 14647000000.0,
    "Cash Flow From Continuing Operating Activities": 14646000000.0,
    "Taxes Refund Paid": -1582000000.0,
    "Change In Working Capital": 18228000000.0,
    "Change In Other Working Capital": 10256000000.0,
    "Other Non Cash Items": -10742000000.0,
    "Deferred Tax": 494000000.0,
    "Deferred Income Tax": 494000000.0,
    "Depreciation Amortization Depletion": 2061000000.0,
    "Depreciation And Amortization": 2061000000.0,
    "Amortization Cash Flow": NaN,
    "Amortization Of Intangibles": NaN,
    "Depreciation": 2061000000.0,
    "Operating Gains Losses": -1502000000.0,
    "Earnings Losses From Equity Investments": -32000000.0,
    "Net Income From Continuing Operations": 7661000000.0
  },
  {
    "index": "2021-12-31",
    "Free Cash Flow": 29584000000.0,
    "Repurchase Of Capital Stock": -3341000000.0,
    "Repayment Of Debt": -79909000000.0,
    "Issuance Of Debt": 98272000000.0,
    "Capital Expenditure": -1841000000.0,
    "Interest Paid Supplemental Data": 4707000000.0,
    "End Cash Position": 207875000000.0,
    "Beginning Cash Position": 173531000000.0,
    "Effect Of Exchange Rate Changes": -5307000000.0,
    "Changes In Cash": 39651000000.0,
    "Financing Cash Flow": 10345000000.0,
    "Cash Flow From Continuing Financing Activities": 10346000000.0,
    "Net Other Financing Charges": -283000000.0,
    "Cash Dividends Paid": -1301000000.0,
    "Common Stock Dividend Paid": -1301000000.0,
    "Net Common Stock Issuance": -3341000000.0,
    "Common Stock Payments": -3341000000.0,
    "Net Issuance Payments Of Debt": 15270000000.0,
    "Net Short Term Debt Issuance": -3093000000.0,
    "Net Long Term Debt Issuance": 18363000000.0,
    "Long Term Debt Payments": -79909000000.0,
    "Long Term Debt Issuance": 98272000000.0,
    "Investing Cash Flow": -2119000000.0,
    "Cash Flow From Continuing Investing Activities": -2119000000.0,
    "Net Other Investing Changes": NaN,
    "Net Investment Purchase And Sale": -1165000000.0,
    "Sale Of Investment": 4507000000.0,
    "Purchase Of Investment": -5672000000.0,
    "Net Business Purchase And Sale": 592000000.0,
    "Sale Of Business": 593000000.0,
    "Purchase Of Business": -1000000.0,
    "Net PPE Purchase And Sale": -1546000000.0,
    "Sale Of PPE": 295000000.0,
    "Purchase Of PPE": -1841000000.0,
    "Operating Cash Flow": 31425000000.0,
    "Cash Flow From Continuing Operating Activities": 31426000000.0,
    "Taxes Refund Paid": -1134000000.0,
    "Change In Working Capital": 19103000000.0,
    "Change In Other Working Capital": 48879000000.0,
    "Other Non Cash Items": 3901000000.0,
    "Deferred Tax": 434000000.0,
    "Deferred Income Tax": 434000000.0,
    "Depreciation Amortization Depletion": 2118000000.0,
    "Depreciation And Amortization": 2118000000.0,
    "Amortization Cash Flow": NaN,
    "Amortization Of Intangibles": NaN,
    "Depreciation": 2118000000.0,
    "Operating Gains Losses": -335000000.0,
    "Earnings Losses From Equity Investments": -105000000.0,
    "Net Income From Continuing Operations": 7486000000.0
  },
  {
    "index": "2020-12-31",
    "Free Cash Flow": 35104000000.0,
    "Repurchase Of Capital Stock": -1387000000.0,
    "Repayment Of Debt": -87098000000.0,
    "Issuance Of Debt": 80255000000.0,
    "Capital Expenditure": -1854000000.0,
    "Interest Paid Supplemental Data": 6320000000.0,
    "End Cash Position": 173531000000.0,
    "Beginning Cash Position": 119873000000.0,
    "Effect Of Exchange Rate Changes": 11052000000.0,
    "Changes In Cash": 42605000000.0,
    "Financing Cash Flow": 12432000000.0,
    "Cash Flow From Continuing Financing Activities": 12433000000.0,
    "Net Other Financing Charges": -576000000.0,
    "Cash Dividends Paid": -2607000000.0,
    "Common Stock Dividend Paid": -2607000000.0,
    "Net Common Stock Issuance": -1387000000.0,
    "Common Stock Payments": -1387000000.0,
    "Net Issuance Payments Of Debt": 17002000000.0,
    "Net Short Term Debt Issuance": 23845000000.0,
    "Net Long Term Debt Issuance": -6843000000.0,
    "Long Term Debt Payments": -87098000000.0,
    "Long Term Debt Issuance": 80255000000.0,
    "Investing Cash Flow": -6785000000.0,
    "Cash Flow From Continuing Investing Activities": -6786000000.0,
    "Net Other Investing Changes": 1000000.0,
    "Net Investment Purchase And Sale": -5926000000.0,
    "Sale Of Investment": 4530000000.0,
    "Purchase Of Investment": -10456000000.0,
    "Net Business Purchase And Sale": 628000000.0,
    "Sale Of Business": 674000000.0,
    "Purchase Of Business": -46000000.0,
    "Net PPE Purchase And Sale": -1488000000.0,
    "Sale Of PPE": 366000000.0,
    "Purchase Of PPE": -1854000000.0,
    "Operating Cash Flow": 36958000000.0,
    "Cash Flow From Continuing Operating Activities": 36959000000.0,
    "Taxes Refund Paid": -1002000000.0,
    "Change In Working Capital": 33829000000.0,
    "Change In Other Working Capital": 2506000000.0,
    "Other Non Cash Items": -4831000000.0,
    "Deferred Tax": 352000000.0,
    "Deferred Income Tax": 352000000.0,
    "Depreciation Amortization Depletion": 2126000000.0,
    "Depreciation And Amortization": 2126000000.0,
    "Amortization Cash Flow": 57000000.0,
    "Amortization Of Intangibles": 57000000.0,
    "Depreciation": 2126000000.0,
    "Operating Gains Losses": -782000000.0,
    "Earnings Losses From Equity Investments": -84000000.0,
    "Net Income From Continuing Operations": 6572000000.0
  }
]