[
  {
    "id": "3939e07b-c20d-3120-887f-d9b878963b90",
    "content": {
      "id": "3939e07b-c20d-3120-887f-d9b878963b90",
      "contentType": "STORY",
      "title": "European Equities Close Mostly Lower in Friday Trading; UK GDP Easily Tops Forecasts",
      "description": "",
      "summary": "European stock markets closed mostly lower in Friday trading as the Stoxx Europe 600 was off 0.10%,",
      "pubDate": "2025-04-11T16:06:35Z",
      "displayTime": "2025-04-11T16:06:35Z",
      "isHosted": true,
      "bypassModal": false,
      "previewUrl": null,
      "thumbnail": null,
      "provider": {
        "displayName": "MT Newswires",
        "url": "https://www.mtnewswires.com/"
      },
      "canonicalUrl": {
        "url": "https://finance.yahoo.com/news/european-equities-close-mostly-lower-160635996.html",
        "site": "finance",
        "region": "US",
        "lang": "en-US"
      },
      "clickThroughUrl": {
        "url": "https://finance.yahoo.com/news/european-equities-close-mostly-lower-160635996.html",
        "site": "finance",
        "region": "US",
        "lang": "en-US"
      },
      "metadata": {
        "editorsPick": false
      },
      "finance": {
        "premiumFinance": {
          "isPremiumNews": true,
          "isPremiumFreeNews": false
        }
      },
      "storyline": null
    }
  },
  {
    "id": "63b4a4b0-03c0-47f5-8c77-924188fd222e",
    "content": {
      "id": "63b4a4b0-03c0-47f5-8c77-924188fd222e",
      "contentType": "STORY",
      "title": "Stocks to watch this week: Goldman Sachs, TSMC, ASML, Netflix, LVMH and Sainsbury's",
      "description": "",
      "summary": "Earnings preview of key companies reporting this week and what to look out for.",
      "pubDate": "2025-04-11T13:11:11Z",
      "displayTime": "2025-04-11T13:11:13Z",
      "isHosted": true,
      "bypassModal": false,
      "previewUrl": null,
      "thumbnail": {
        "originalUrl": "https://s.yimg.com/os/creatr-uploaded-images/2025-04/b59e7790-16d2-11f0-bbfb-1974ff86ac77",
        "originalWidth": 5459,
        "originalHeight": 3639,
        "caption": "",
        "resolutions": [
          {
            "url": "https://s.yimg.com/uu/api/res/1.2/zOs68vmrT_z7vOQulkQ5AA--~B/aD0zNjM5O3c9NTQ1OTthcHBpZD15dGFjaHlvbg--/https://s.yimg.com/os/creatr-uploaded-images/2025-04/b59e7790-16d2-11f0-bbfb-1974ff86ac77",
            "width": 5459,
            "height": 3639,
            "tag": "original"
          },
          {
            "url": "https://s.yimg.com/uu/api/res/1.2/3PR82COltzXKO4LY9hFkhA--~B/Zmk9c3RyaW07aD0xMjg7dz0xNzA7YXBwaWQ9eXRhY2h5b24-/https://s.yimg.com/os/creatr-uploaded-images/2025-04/b59e7790-16d2-11f0-bbfb-1974ff86ac77",
            "width": 170,
            "height": 128,
            "tag": "170x128"
          }
        ]
      },
      "provider": {
        "displayName": "Yahoo Finance UK",
        "url": "http://uk.finance.yahoo.com/"
      },
      "canonicalUrl": {
        "url": "https://uk.finance.yahoo.com/news/goldman-sachs-tsmc-asml-netflix-lvmh-and-sainsburys-stocks-to-watch-131111514.html",
        "site": "finance",
        "region": "GB",
        "lang": "en-GB"
      },
      "clickThroughUrl": {
        "url": "https://finance.yahoo.com/news/goldman-sachs-tsmc-asml-netflix-lvmh-and-sainsburys-stocks-to-watch-131111514.html",
        "site": "finance",
        "region": "US",
        "lang": "en-US"
      },
      "metadata": {
        "editorsPick": false
      },
      "finance": {
        "premiumFinance": {
          "isPremiumNews": false,
          "isPremiumFreeNews": false
        }
      },
      "storyline": null
    }
  },
  {
    "id": "244dbc86-4827-3f52-ac4b-5a489cf12116",
    "content": {
      "id": "244dbc86-4827-3f52-ac4b-5a489cf12116",
      "contentType": "STORY",
      "title": "UBS Potential Exit From Switzerland Would Have Serious Consequences, Banking Group Says",
      "description": "",
      "summary": "UBS Group's (UBS) potential exit from Switzerland would have \"serious implications in the medium ter",
      "pubDate": "2025-04-11T11:56:11Z",
      "displayTime": "2025-04-11T11:56:11Z",
      "isHosted": true,
      "bypassModal": false,
      "previewUrl": null,
      "thumbnail": null,
      "provider": {
        "displayName": "MT Newswires",
        "url": "https://www.mtnewswires.com/"
      },
      "canonicalUrl": {
        "url": "https://finance.yahoo.com/news/ubs-potential-exit-switzerland-serious-115611556.html",
        "site": "finance",
        "region": "US",
        "lang": "en-US"
      },
      "clickThroughUrl": {
        "url": "https://finance.yahoo.com/news/ubs-potential-exit-switzerland-serious-115611556.html",
        "site": "finance",
        "region": "US",
        "lang": "en-US"
      },
      "metadata": {
        "editorsPick": false
      },
      "finance": {
        "premiumFinance": {
          "isPremiumNews": true,
          "isPremiumFreeNews": false
        }
      },
      "storyline": null
    }
  },
  {
    "id": "9db7ffb4-8554-3d67-901f-cb56dde8bdf0",
    "content": {
      "id": "9db7ffb4-8554-3d67-901f-cb56dde8bdf0",
      "contentType": "STORY",
      "title": "Swiss bank lobby steps up warnings on UBS relocation risk",
      "description": "",
      "summary": "Switzerland's main banking lobby on Friday said the Swiss economy could face serious consequences if UBS were driven away, intensifying warnings about the risks of hitting the bank with excessive regulations.  Switzerland is drawing up stricter banking rules to make the sector more robust after the 2023 collapse of Credit Suisse.  The Credit Suisse takeover made UBS the only big international bank left in Switzerland, and the regulatory back-and-forth on how to prevent another crisis has centred on the amount of additional capital the bank should hold.",
      "pubDate": "2025-04-11T10:18:17Z",
      "displayTime": "2025-04-11T10:18:17Z",
      "isHosted": true,
      "bypassModal": false,
      "previewUrl": null,
      "thumbnail": {
        "originalUrl": "https://media.zenfs.com/en/reuters-finance.com/4e8beafe685872b2c28d2c15ffb1f038",
        "originalWidth": 800,
        "originalHeight": 545,
        "caption": "FILE PHOTO: A UBS logo is pictured on the branch of the Swiss bank in Lucerne",
        "resolutions": [
          {
            "url": "https://s.yimg.com/uu/api/res/1.2/3gh9lywavulDOp9hfbahDA--~B/aD01NDU7dz04MDA7YXBwaWQ9eXRhY2h5b24-/https://media.zenfs.com/en/reuters-finance.com/4e8beafe685872b2c28d2c15ffb1f038",
            "width": 800,
            "height": 545,
            "tag": "original"
          },
          {
            "url": "https://s.yimg.com/uu/api/res/1.2/ywhSIWPSwU9Zr8qi6qdC4w--~B/Zmk9c3RyaW07aD0xMjg7dz0xNzA7YXBwaWQ9eXRhY2h5b24-/https://media.zenfs.com/en/reuters-finance.com/4e8beafe685872b2c28d2c15ffb1f038",
            "width": 170,
            "height": 128,
            "tag": "170x128"
          }
        ]
      },
      "provider": {
        "displayName": "Reuters",
        "url": "http://www.reuters.com/"
      },
      "canonicalUrl": {
        "url": "https://finance.yahoo.com/news/swiss-bank-lobby-steps-warnings-101817649.html",
        "site": "finance",
        "region": "US",
        "lang": "en-US"
      },
      "clickThroughUrl": {
        "url": "https://finance.yahoo.com/news/swiss-bank-lobby-steps-warnings-101817649.html",
        "site": "finance",
        "region": "US",
        "lang": "en-US"
      },
      "metadata": {
        "editorsPick": false
      },
      "finance": {
        "premiumFinance": {
          "isPremiumNews": false,
          "isPremiumFreeNews": false
        }
      },
      "storyline": null
    }
  },
  {
    "id": "a311be1d-f645-3e4d-b85c-747409c60b2b",
    "content": {
      "id": "a311be1d-f645-3e4d-b85c-747409c60b2b",
      "contentType": "STORY",
      "title": "UBS hires Evan Raine as head of media and telecom M&A for Americas",
      "description": "",
      "summary": "(Reuters) -UBS Group has hired Evan Raine to head its media and telecoms mergers and acquisitions unit in the Americas to help the bank capture more market share from advising on deals in the sector.  Raine will start at UBS on April 14 and will be based in New York, Jeff Hinton, global co-head of mergers and acquisitions at UBS, according to an internal memo reviewed by Reuters on Thursday.  Raine joins UBS from Adams Outdoor Advertising, a home advertising operator, where he was Chief Financial Officer for the past two years.",
      "pubDate": "2025-04-10T20:41:49Z",
      "displayTime": "2025-04-10T20:41:49Z",
      "isHosted": true,
      "bypassModal": false,
      "previewUrl": null,
      "thumbnail": {
        "originalUrl": "https://media.zenfs.com/en/reuters.com/7472d7f41cf7eebab0335f30b5b01b99",
        "originalWidth": 800,
        "originalHeight": 545,
        "caption": "FILE PHOTO: A UBS logo is pictured on the branch of the Swiss bank in Lucerne",
        "resolutions": [
          {
            "url": "https://s.yimg.com/uu/api/res/1.2/yVRb86_QjleFGru6LUbUnw--~B/aD01NDU7dz04MDA7YXBwaWQ9eXRhY2h5b24-/https://media.zenfs.com/en/reuters.com/7472d7f41cf7eebab0335f30b5b01b99",
            "width": 800,
            "height": 545,
            "tag": "original"
          },
          {
            "url": "https://s.yimg.com/uu/api/res/1.2/CXIHd73tLPgU4GjVoQ0mZA--~B/Zmk9c3RyaW07aD0xMjg7dz0xNzA7YXBwaWQ9eXRhY2h5b24-/https://media.zenfs.com/en/reuters.com/7472d7f41cf7eebab0335f30b5b01b99",
            "width": 170,
            "height": 128,
            "tag": "170x128"
          }
        ]
      },
      "provider": {
        "displayName": "Reuters",
        "url": "https://www.reuters.com/"
      },
      "canonicalUrl": {
        "url": "https://ca.finance.yahoo.com/news/ubs-hires-evan-raine-head-204149979.html",
        "site": "finance",
        "region": "CA",
        "lang": "en-CA"
      },
      "clickThroughUrl": {
        "url": "https://finance.yahoo.com/news/ubs-hires-evan-raine-head-204149979.html",
        "site": "finance",
        "region": "US",
        "lang": "en-US"
      },
      "metadata": {
        "editorsPick": false
      },
      "finance": {
        "premiumFinance": {
          "isPremiumNews": false,
          "isPremiumFreeNews": false
        }
      },
      "storyline": null
    }
  },
  {
    "id": "55bb20d1-3d58-37b7-a494-ffba40995653",
    "content": {
      "id": "55bb20d1-3d58-37b7-a494-ffba40995653",
      "contentType": "STORY",
      "title": "Sector Update: Financial Stocks Slump Late Afternoon",
      "description": "",
      "summary": "Financial stocks fell in late Thursday afternoon trading, with the NYSE Financial Index dropping 3.6",
      "pubDate": "2025-04-10T19:52:15Z",
      "displayTime": "2025-04-10T19:52:15Z",
      "isHosted": true,
      "bypassModal": false,
      "previewUrl": null,
      "thumbnail": null,
      "provider": {
        "displayName": "MT Newswires",
        "url": "https://www.mtnewswires.com/"
      },
      "canonicalUrl": {
        "url": "https://finance.yahoo.com/news/sector-financial-stocks-slump-afternoon-195215702.html",
        "site": "finance",
        "region": "US",
        "lang": "en-US"
      },
      "clickThroughUrl": {
        "url": "https://finance.yahoo.com/news/sector-financial-stocks-slump-afternoon-195215702.html",
        "site": "finance",
        "region": "US",
        "lang": "en-US"
      },
      "metadata": {
        "editorsPick": false
      },
      "finance": {
        "premiumFinance": {
          "isPremiumNews": true,
          "isPremiumFreeNews": false
        }
      },
      "storyline": null
    }
  },
  {
    "id": "027068b3-7e4d-3589-b616-e8bddc6fed2e",
    "content": {
      "id": "027068b3-7e4d-3589-b616-e8bddc6fed2e",
      "contentType": "STORY",
      "title": "Sector Update: Financial Stocks Tumble Thursday Afternoon",
      "description": "",
      "summary": "Financial stocks slumped in Thursday afternoon trading with the NYSE Financial Index dropping 4.2% a",
      "pubDate": "2025-04-10T17:47:28Z",
      "displayTime": "2025-04-10T17:47:28Z",
      "isHosted": true,
      "bypassModal": false,
      "previewUrl": null,
      "thumbnail": null,
      "provider": {
        "displayName": "MT Newswires",
        "url": "https://www.mtnewswires.com/"
      },
      "canonicalUrl": {
        "url": "https://finance.yahoo.com/news/sector-financial-stocks-tumble-thursday-174728492.html",
        "site": "finance",
        "region": "US",
        "lang": "en-US"
      },
      "clickThroughUrl": {
        "url": "https://finance.yahoo.com/news/sector-financial-stocks-tumble-thursday-174728492.html",
        "site": "finance",
        "region": "US",
        "lang": "en-US"
      },
      "metadata": {
        "editorsPick": false
      },
      "finance": {
        "premiumFinance": {
          "isPremiumNews": true,
          "isPremiumFreeNews": false
        }
      },
      "storyline": null
    }
  },
  {
    "id": "2f4927ef-5ead-3f25-9694-95f80890735a",
    "content": {
      "id": "2f4927ef-5ead-3f25-9694-95f80890735a",
      "contentType": "STORY",
      "title": "UBS Asks What The Swiss Central Bank's Options Are With The Franc's Appreciation",
      "description": "",
      "summary": "A Swiss central bank (SNB) rate cut in June could become necessary if the Swiss franc (CHF) doesn't",
      "pubDate": "2025-04-10T13:52:04Z",
      "displayTime": "2025-04-10T13:52:04Z",
      "isHosted": true,
      "bypassModal": false,
      "previewUrl": null,
      "thumbnail": null,
      "provider": {
        "displayName": "MT Newswires",
        "url": "https://www.mtnewswires.com/"
      },
      "canonicalUrl": {
        "url": "https://finance.yahoo.com/news/ubs-asks-swiss-central-bank-135204469.html",
        "site": "finance",
        "region": "US",
        "lang": "en-US"
      },
      "clickThroughUrl": {
        "url": "https://finance.yahoo.com/news/ubs-asks-swiss-central-bank-135204469.html",
        "site": "finance",
        "region": "US",
        "lang": "en-US"
      },
      "metadata": {
        "editorsPick": false
      },
      "finance": {
        "premiumFinance": {
          "isPremiumNews": true,
          "isPremiumFreeNews": false
        }
      },
      "storyline": null
    }
  },
  {
    "id": "34b069ad-50e8-309a-8567-dc89796934d5",
    "content": {
      "id": "34b069ad-50e8-309a-8567-dc89796934d5",
      "contentType": "STORY",
      "title": "UBS shareholders reelect chairman Colm Kelleher with 90% of votes",
      "description": "",
      "summary": "UBS shareholders on Thursday reelected Chairman Colm Kelleher with 90% of votes, compared to 96% of votes in 2024. The voting approval rate for Vice Chairman Lukas Gaehwiler also dropped, to 89.5% in 2025 from 98.6% in 2024. UBS shareholders elected two new board members at the bank's AGM on Thursday, Renata Jungo Bruengger with 78% of votes and Lila Tretikov with 99.4% of votes.",
      "pubDate": "2025-04-10T11:30:59Z",
      "displayTime": "2025-04-10T11:30:59Z",
      "isHosted": true,
      "bypassModal": false,
      "previewUrl": null,
      "thumbnail": {
        "originalUrl": "https://media.zenfs.com/en/reuters-finance.com/19bdf5718bf96e504ac20df6ade4262f",
        "originalWidth": 800,
        "originalHeight": 527,
        "caption": "UBS Group AGM in Luzern",
        "resolutions": [
          {
            "url": "https://s.yimg.com/uu/api/res/1.2/amFwrTGfDD59tXvDiZFAYQ--~B/aD01Mjc7dz04MDA7YXBwaWQ9eXRhY2h5b24-/https://media.zenfs.com/en/reuters-finance.com/19bdf5718bf96e504ac20df6ade4262f",
            "width": 800,
            "height": 527,
            "tag": "original"
          },
          {
            "url": "https://s.yimg.com/uu/api/res/1.2/SaQcyWMnnwjsU5iec5JX1A--~B/Zmk9c3RyaW07aD0xMjg7dz0xNzA7YXBwaWQ9eXRhY2h5b24-/https://media.zenfs.com/en/reuters-finance.com/19bdf5718bf96e504ac20df6ade4262f",
            "width": 170,
            "height": 128,
            "tag": "170x128"
          }
        ]
      },
      "provider": {
        "displayName": "Reuters",
        "url": "http://www.reuters.com/"
      },
      "canonicalUrl": {
        "url": "https://finance.yahoo.com/news/ubs-shareholders-reelect-chairman-colm-113059116.html",
        "site": "finance",
        "region": "US",
        "lang": "en-US"
      },
      "clickThroughUrl": {
        "url": "https://finance.yahoo.com/news/ubs-shareholders-reelect-chairman-colm-113059116.html",
        "site": "finance",
        "region": "US",
        "lang": "en-US"
      },
      "metadata": {
        "editorsPick": false
      },
      "finance": {
        "premiumFinance": {
          "isPremiumNews": false,
          "isPremiumFreeNews": false
        }
      },
      "storyline": null
    }
  },
  {
    "id": "4315b896-47de-39e4-8481-4b8a5f6b217a",
    "content": {
      "id": "4315b896-47de-39e4-8481-4b8a5f6b217a",
      "contentType": "STORY",
      "title": "UBS sticks to $3 billion share buyback plan despite capital changes, global uncertainty",
      "description": "",
      "summary": "LUCERNE, Switzerland (Reuters) -UBS Chairman Colm Kelleher on Thursday reiterated the Swiss bank's intention to repurchase shares to the tune of $3 billion in 2025, despite looming capital rule changes in the country and global economic uncertainty.  \"In the absence of any significant, immediate changes to the current capital regime, we remain committed to returning capital to our shareholders,\" Kelleher said at the bank's annual general meeting in Lucerne.  Proxy adviser Ethos opposed the buyback plans, describing them as a provocation in the current political context and arguing that capital should be reserved for stability.",
      "pubDate": "2025-04-10T08:32:03Z",
      "displayTime": "2025-04-10T08:32:03Z",
      "isHosted": true,
      "bypassModal": false,
      "previewUrl": null,
      "thumbnail": {
        "originalUrl": "https://media.zenfs.com/en/reuters-finance.com/dbea366000a955a07b2406e56ed0823b",
        "originalWidth": 800,
        "originalHeight": 527,
        "caption": "UBS Group AGM in Luzern",
        "resolutions": [
          {
            "url": "https://s.yimg.com/uu/api/res/1.2/WJJKLTNkdu6hZEKQhb7j0w--~B/aD01Mjc7dz04MDA7YXBwaWQ9eXRhY2h5b24-/https://media.zenfs.com/en/reuters-finance.com/dbea366000a955a07b2406e56ed0823b",
            "width": 800,
            "height": 527,
            "tag": "original"
          },
          {
            "url": "https://s.yimg.com/uu/api/res/1.2/mCHEy7J4BK2tTFzedQPkUQ--~B/Zmk9c3RyaW07aD0xMjg7dz0xNzA7YXBwaWQ9eXRhY2h5b24-/https://media.zenfs.com/en/reuters-finance.com/dbea366000a955a07b2406e56ed0823b",
            "width": 170,
            "height": 128,
            "tag": "170x128"
          }
        ]
      },
      "provider": {
        "displayName": "Reuters",
        "url": "http://www.reuters.com/"
      },
      "canonicalUrl": {
        "url": "https://finance.yahoo.com/news/ubs-sticks-3-billion-share-083203615.html",
        "site": "finance",
        "region": "US",
        "lang": "en-US"
      },
      "clickThroughUrl": {
        "url": "https://finance.yahoo.com/news/ubs-sticks-3-billion-share-083203615.html",
        "site": "finance",
        "region": "US",
        "lang": "en-US"
      },
      "metadata": {
        "editorsPick": false
      },
      "finance": {
        "premiumFinance": {
          "isPremiumNews": false,
          "isPremiumFreeNews": false
        }
      },
      "storyline": null
    }
  }
]