[
  {
    "index": "2024-12-31",
    "Tax Effect Of Unusual Items": -462972000.0,
    "Tax Rate For Calcs": 0.246,
    "Total Unusual Items": -1882000000.0,
    "Total Unusual Items Excluding Goodwill": -1882000000.0,
    "Net Income From Continuing Operation Net Minority Interest": 5086000000.0,
    "Reconciled Depreciation": 3368000000.0,
    "Net Interest Income": 7108000000.0,
    "Interest Expense": 35947000000.0,
    "Interest Income": 43055000000.0,
    "Normalized Income": 6505028000.0,
    "Net Income From Continuing And Discontinued Operation": 5086000000.0,
    "Rent Expense Supplemental": NaN,
    "Diluted Average Shares": 3351111970.0,
    "Basic Average Shares": 3198481827.0,
    "Diluted EPS": 1.52,
    "Basic EPS": 1.59,
    "Diluted NI Availto Com Stockholders": 5085000000.0,
    "Average Dilution Earnings": 0.0,
    "Net Income Common Stockholders": 5085000000.0,
    "Otherunder Preferred Stock Dividend": 1000000.0,
    "Net Income": 5086000000.0,
    "Minority Interests": -60000000.0,
    "Net Income Including Noncontrolling Interests": 5146000000.0,
    "Net Income Continuous Operations": 5146000000.0,
    "Tax Provision": 1675000000.0,
    "Pretax Income": 6821000000.0,
    "Special Income Charges": -1882000000.0,
    "Gain On Sale Of Business": NaN,
    "Other Special Charges": -87000000.0,
    "Write Off": 80000000.0,
    "Impairment Of Capital Assets": NaN,
    "Restructuring And Mergern Acquisition": 1889000000.0,
    "Gain On Sale Of Security": 14690000000.0,
    "Depreciation Amortization Depletion Income Statement": 3368000000.0,
    "Depreciation And Amortization In Income Statement": 3368000000.0,
    "Amortization": NaN,
    "Amortization Of Intangibles Income Statement": NaN,
    "Depreciation Income Statement": NaN,
    "Selling General And Administration": 33193000000.0,
    "Selling And Marketing Expense": NaN,
    "General And Administrative Expense": 33193000000.0,
    "Other Gand A": 8416000000.0,
    "Rent And Landing Fees": NaN,
    "Salaries And Wages": 24777000000.0,
    "Total Revenue": 45814000000.0,
    "Operating Revenue": 45814000000.0,
    "Occupancy And Equipment": NaN,
    "Professional Expense And Contract Services Expense": NaN,
    "Other Non Interest Expense": NaN
  },
  {
    "index": "2023-12-31",
    "Tax Effect Of Unusual Items": 726082000.0,
    "Tax Rate For Calcs": 0.031,
    "Total Unusual Items": 23422000000.0,
    "Total Unusual Items Excluding Goodwill": 23422000000.0,
    "Net Income From Continuing Operation Net Minority Interest": 27366000000.0,
    "Reconciled Depreciation": 3750000000.0,
    "Net Interest Income": 7297000000.0,
    "Interest Expense": 28216000000.0,
    "Interest Income": 35513000000.0,
    "Normalized Income": 4670082000.0,
    "Net Income From Continuing And Discontinued Operation": 27366000000.0,
    "Rent Expense Supplemental": NaN,
    "Diluted Average Shares": 3295996202.0,
    "Basic Average Shares": 3152579449.0,
    "Diluted EPS": 8.3,
    "Basic EPS": 8.68,
    "Diluted NI Availto Com Stockholders": 27366000000.0,
    "Average Dilution Earnings": 0.0,
    "Net Income Common Stockholders": 27366000000.0,
    "Otherunder Preferred Stock Dividend": 1000000.0,
    "Net Income": 27366000000.0,
    "Minority Interests": -16000000.0,
    "Net Income Including Noncontrolling Interests": 27382000000.0,
    "Net Income Continuous Operations": 27382000000.0,
    "Tax Provision": 873000000.0,
    "Pretax Income": 28255000000.0,
    "Special Income Charges": 23422000000.0,
    "Gain On Sale Of Business": 28000000.0,
    "Other Special Charges": 869000000.0,
    "Write Off": 508000000.0,
    "Impairment Of Capital Assets": 593000000.0,
    "Restructuring And Mergern Acquisition": -24799000000.0,
    "Gain On Sale Of Security": 11583000000.0,
    "Depreciation Amortization Depletion Income Statement": 2900000000.0,
    "Depreciation And Amortization In Income Statement": 2900000000.0,
    "Amortization": NaN,
    "Amortization Of Intangibles Income Statement": NaN,
    "Depreciation Income Statement": NaN,
    "Selling General And Administration": 30291000000.0,
    "Selling And Marketing Expense": 408000000.0,
    "General And Administrative Expense": 30291000000.0,
    "Other Gand A": 7584000000.0,
    "Rent And Landing Fees": NaN,
    "Salaries And Wages": 22707000000.0,
    "Total Revenue": 39063000000.0,
    "Operating Revenue": 39063000000.0,
    "Occupancy And Equipment": 1342000000.0,
    "Professional Expense And Contract Services Expense": 1619000000.0,
    "Other Non Interest Expense": -902000000.0
  },
  {
    "index": "2022-12-31",
    "Tax Effect Of Unusual Items": 165034000.0,
    "Tax Rate For Calcs": 0.202,
    "Total Unusual Items": 817000000.0,
    "Total Unusual Items Excluding Goodwill": 817000000.0,
    "Net Income From Continuing Operation Net Minority Interest": 7629000000.0,
    "Reconciled Depreciation": 2061000000.0,
    "Net Interest Income": 6622000000.0,
    "Interest Expense": 6563000000.0,
    "Interest Income": 13185000000.0,
    "Normalized Income": 6977034000.0,
    "Net Income From Continuing And Discontinued Operation": 7629000000.0,
    "Rent Expense Supplemental": NaN,
    "Diluted Average Shares": 3397470215.0,
    "Basic Average Shares": 3260938561.0,
    "Diluted EPS": 2.25,
    "Basic EPS": 2.34,
    "Diluted NI Availto Com Stockholders": 7630000000.0,
    "Average Dilution Earnings": 0.0,
    "Net Income Common Stockholders": 7630000000.0,
    "Otherunder Preferred Stock Dividend": -1000000.0,
    "Net Income": 7629000000.0,
    "Minority Interests": -32000000.0,
    "Net Income Including Noncontrolling Interests": 7661000000.0,
    "Net Income Continuous Operations": 7662000000.0,
    "Tax Provision": 1942000000.0,
    "Pretax Income": 9604000000.0,
    "Special Income Charges": 817000000.0,
    "Gain On Sale Of Business": 1125000000.0,
    "Other Special Charges": 306000000.0,
    "Write Off": NaN,
    "Impairment Of Capital Assets": 2000000.0,
    "Restructuring And Mergern Acquisition": NaN,
    "Gain On Sale Of Security": 7516000000.0,
    "Depreciation Amortization Depletion Income Statement": 2059000000.0,
    "Depreciation And Amortization In Income Statement": 2059000000.0,
    "Amortization": NaN,
    "Amortization Of Intangibles Income Statement": NaN,
    "Depreciation Income Statement": NaN,
    "Selling General And Administration": 21324000000.0,
    "Selling And Marketing Expense": 265000000.0,
    "General And Administrative Expense": 21059000000.0,
    "Other Gand A": 3379000000.0,
    "Rent And Landing Fees": NaN,
    "Salaries And Wages": 17680000000.0,
    "Total Revenue": 33363000000.0,
    "Operating Revenue": 33363000000.0,
    "Occupancy And Equipment": 605000000.0,
    "Professional Expense And Contract Services Expense": 592000000.0,
    "Other Non Interest Expense": NaN
  },
  {
    "index": "2021-12-31",
    "Tax Effect Of Unusual Items": -143691000.0,
    "Tax Rate For Calcs": 0.211,
    "Total Unusual Items": -681000000.0,
    "Total Unusual Items Excluding Goodwill": -681000000.0,
    "Net Income From Continuing Operation Net Minority Interest": 7457000000.0,
    "Reconciled Depreciation": 2118000000.0,
    "Net Interest Income": 6704000000.0,
    "Interest Expense": 3260000000.0,
    "Interest Income": 9964000000.0,
    "Normalized Income": 7994309000.0,
    "Net Income From Continuing And Discontinued Operation": 7457000000.0,
    "Rent Expense Supplemental": NaN,
    "Diluted Average Shares": 3627241375.0,
    "Basic Average Shares": 3482963682.0,
    "Diluted EPS": 2.06,
    "Basic EPS": 2.14,
    "Diluted NI Availto Com Stockholders": 7457000000.0,
    "Average Dilution Earnings": 0.0,
    "Net Income Common Stockholders": 7457000000.0,
    "Otherunder Preferred Stock Dividend": NaN,
    "Net Income": 7457000000.0,
    "Minority Interests": -29000000.0,
    "Net Income Including Noncontrolling Interests": 7486000000.0,
    "Net Income Continuous Operations": 7486000000.0,
    "Tax Provision": 1998000000.0,
    "Pretax Income": 9484000000.0,
    "Special Income Charges": -681000000.0,
    "Gain On Sale Of Business": 130000000.0,
    "Other Special Charges": 811000000.0,
    "Write Off": 0.0,
    "Impairment Of Capital Assets": 10000000.0,
    "Restructuring And Mergern Acquisition": NaN,
    "Gain On Sale Of Security": 5859000000.0,
    "Depreciation Amortization Depletion Income Statement": 2118000000.0,
    "Depreciation And Amortization In Income Statement": 2118000000.0,
    "Amortization": NaN,
    "Amortization Of Intangibles Income Statement": NaN,
    "Depreciation Income Statement": 2108000000.0,
    "Selling General And Administration": 21854000000.0,
    "Selling And Marketing Expense": 242000000.0,
    "General And Administrative Expense": 21612000000.0,
    "Other Gand A": 3225000000.0,
    "Rent And Landing Fees": NaN,
    "Salaries And Wages": 18387000000.0,
    "Total Revenue": 35059000000.0,
    "Operating Revenue": 35059000000.0,
    "Occupancy And Equipment": 634000000.0,
    "Professional Expense And Contract Services Expense": 540000000.0,
    "Other Non Interest Expense": -216000000.0
  },
  {
    "index": "2020-12-31",
    "Tax Effect Of Unusual Items": NaN,
    "Tax Rate For Calcs": NaN,
    "Total Unusual Items": NaN,
    "Total Unusual Items Excluding Goodwill": NaN,
    "Net Income From Continuing Operation Net Minority Interest": NaN,
    "Reconciled Depreciation": NaN,
    "Net Interest Income": NaN,
    "Interest Expense": NaN,
    "Interest Income": NaN,
    "Normalized Income": NaN,
    "Net Income From Continuing And Discontinued Operation": NaN,
    "Rent Expense Supplemental": 813000000.0,
    "Diluted Average Shares": NaN,
    "Basic Average Shares": NaN,
    "Diluted EPS": NaN,
    "Basic EPS": NaN,
    "Diluted NI Availto Com Stockholders": NaN,
    "Average Dilution Earnings": NaN,
    "Net Income Common Stockholders": NaN,
    "Otherunder Preferred Stock Dividend": NaN,
    "Net Income": NaN,
    "Minority Interests": NaN,
    "Net Income Including Noncontrolling Interests": NaN,
    "Net Income Continuous Operations": NaN,
    "Tax Provision": NaN,
    "Pretax Income": NaN,
    "Special Income Charges": NaN,
    "Gain On Sale Of Business": 635000000.0,
    "Other Special Charges": NaN,
    "Write Off": 0.0,
    "Impairment Of Capital Assets": 139000000.0,
    "Restructuring And Mergern Acquisition": 88000000.0,
    "Gain On Sale Of Security": NaN,
    "Depreciation Amortization Depletion Income Statement": NaN,
    "Depreciation And Amortization In Income Statement": NaN,
    "Amortization": 57000000.0,
    "Amortization Of Intangibles Income Statement": 57000000.0,
    "Depreciation Income Statement": 1997000000.0,
    "Selling General And Administration": NaN,
    "Selling And Marketing Expense": 217000000.0,
    "General And Administrative Expense": NaN,
    "Other Gand A": NaN,
    "Rent And Landing Fees": 813000000.0,
    "Salaries And Wages": NaN,
    "Total Revenue": NaN,
    "Operating Revenue": NaN,
    "Occupancy And Equipment": 671000000.0,
    "Professional Expense And Contract Services Expense": 646000000.0,
    "Other Non Interest Expense": -174000000.0
  }
]