[
  {
    "index": 0,
    "Shares": 133639,
    "Value": 31495692.0,
    "URL": "",
    "Text": "Sale at price 235.68 per share.",
    "Insider": "DIMON JAMES",
    "Position": "Chief Executive Officer",
    "Transaction": "",
    "Start Date": "2025-04-14",
    "Ownership": "D"
  },
  {
    "index": 1,
    "Shares": 183,
    "Value": 45000.0,
    "URL": "",
    "Text": "Stock Award(Grant) at price 245.30 per share.",
    "Insider": "HOBSON MELLODY L",
    "Position": "Director",
    "Transaction": "",
    "Start Date": "2025-03-31",
    "Ownership": "D"
  },
  {
    "index": 2,
    "Shares": 229,
    "Value": 56250.0,
    "URL": "",
    "Text": "Stock Award(Grant) at price 245.30 per share.",
    "Insider": "BURKE STEPHEN B",
    "Position": "Director",
    "Transaction": "",
    "Start Date": "2025-03-31",
    "Ownership": "D"
  },
  {
    "index": 3,
    "Shares": 152,
    "Value": 37500.0,
    "URL": "",
    "Text": "Stock Award(Grant) at price 245.30 per share.",
    "Insider": "NOVAKOVIC PHEBE N",
    "Position": "Director",
    "Transaction": "",
    "Start Date": "2025-03-31",
    "Ownership": "D"
  },
  {
    "index": 4,
    "Shares": 142,
    "Value": 35000.0,
    "URL": "",
    "Text": "Stock Award(Grant) at price 245.30 per share.",
    "Insider": "ROMETTY VIRGINIA M",
    "Position": "Director",
    "Transaction": "",
    "Start Date": "2025-03-31",
    "Ownership": "D"
  },
  {
    "index": 5,
    "Shares": 23084,
    "Value": NaN,
    "URL": "",
    "Text": "",
    "Insider": "LEOPOLD ROBIN",
    "Position": "Officer",
    "Transaction": "",
    "Start Date": "2025-03-25",
    "Ownership": "D"
  },
  {
    "index": 6,
    "Shares": 50150,
    "Value": NaN,
    "URL": "",
    "Text": "",
    "Insider": "PIEPSZAK JENNIFER A",
    "Position": "Chief Operating Officer",
    "Transaction": "",
    "Start Date": "2025-03-25",
    "Ownership": "D"
  },
  {
    "index": 7,
    "Shares": 29632,
    "Value": NaN,
    "URL": "",
    "Text": "",
    "Insider": "BARNUM JEREMY",
    "Position": "Chief Financial Officer",
    "Transaction": "",
    "Start Date": "2025-03-25",
    "Ownership": "D"
  },
  {
    "index": 8,
    "Shares": 67664,
    "Value": NaN,
    "URL": "",
    "Text": "",
    "Insider": "ROHRBAUGH TROY L",
    "Position": "Chief Executive Officer",
    "Transaction": "",
    "Start Date": "2025-03-25",
    "Ownership": "D"
  },
  {
    "index": 9,
    "Shares": 297186,
    "Value": NaN,
    "URL": "",
    "Text": "",
    "Insider": "DIMON JAMES",
    "Position": "Chief Executive Officer",
    "Transaction": "",
    "Start Date": "2025-03-25",
    "Ownership": "D"
  },
  {
    "index": 10,
    "Shares": 26269,
    "Value": NaN,
    "URL": "",
    "Text": "",
    "Insider": "BEER LORI A",
    "Position": "Chief Technology Officer",
    "Transaction": "",
    "Start Date": "2025-03-25",
    "Ownership": "D"
  },
  {
    "index": 11,
    "Shares": 62888,
    "Value": NaN,
    "URL": "",
    "Text": "",
    "Insider": "ERDOES MARY E.",
    "Position": "Officer",
    "Transaction": "",
    "Start Date": "2025-03-25",
    "Ownership": "D"
  },
  {
    "index": 12,
    "Shares": 45373,
    "Value": NaN,
    "URL": "",
    "Text": "",
    "Insider": "PETNO DOUGLAS B",
    "Position": "Officer",
    "Transaction": "",
    "Start Date": "2025-03-25",
    "Ownership": "D"
  },
  {
    "index": 13,
    "Shares": 104384,
    "Value": NaN,
    "URL": "",
    "Text": "",
    "Insider": "PINTO DANIEL E",
    "Position": "President",
    "Transaction": "",
    "Start Date": "2025-03-25",
    "Ownership": "D"
  },
  {
    "index": 14,
    "Shares": 42190,
    "Value": NaN,
    "URL": "",
    "Text": "",
    "Insider": "BACON ASHLEY",
    "Position": "Officer",
    "Transaction": "",
    "Start Date": "2025-03-25",
    "Ownership": "D"
  },
  {
    "index": 15,
    "Shares": 50150,
    "Value": NaN,
    "URL": "",
    "Text": "",
    "Insider": "LAKE MARIANNE",
    "Position": "Chief Executive Officer",
    "Transaction": "",
    "Start Date": "2025-03-25",
    "Ownership": "D"
  },
  {
    "index": 16,
    "Shares": 42190,
    "Value": NaN,
    "URL": "",
    "Text": "",
    "Insider": "FRIEDMAN STACEY R.",
    "Position": "General Counsel",
    "Transaction": "",
    "Start Date": "2025-03-25",
    "Ownership": "D"
  },
  {
    "index": 17,
    "Shares": 4272,
    "Value": 1055314.0,
    "URL": "",
    "Text": "Sale at price 247.03 per share.",
    "Insider": "PIEPSZAK JENNIFER A",
    "Position": "Chief Operating Officer",
    "Transaction": "",
    "Start Date": "2025-03-24",
    "Ownership": "D"
  },
  {
    "index": 18,
    "Shares": 25000,
    "Value": 6175485.0,
    "URL": "",
    "Text": "Sale at price 247.02 per share.",
    "Insider": "ROHRBAUGH TROY L",
    "Position": "Officer",
    "Transaction": "",
    "Start Date": "2025-03-24",
    "Ownership": "D"
  },
  {
    "index": 19,
    "Shares": 1250,
    "Value": 308652.0,
    "URL": "",
    "Text": "Sale at price 246.92 per share.",
    "Insider": "LEOPOLD ROBIN",
    "Position": "Officer",
    "Transaction": "",
    "Start Date": "2025-03-24",
    "Ownership": "D"
  },
  {
    "index": 20,
    "Shares": 2052,
    "Value": 506698.0,
    "URL": "",
    "Text": "Sale at price 246.93 per share.",
    "Insider": "BEER LORI A",
    "Position": "Chief Technology Officer",
    "Transaction": "",
    "Start Date": "2025-03-24",
    "Ownership": "D"
  },
  {
    "index": 21,
    "Shares": 4273,
    "Value": 1153078.0,
    "URL": "",
    "Text": "Sale at price 269.85 per share.",
    "Insider": "PIEPSZAK JENNIFER A",
    "Position": "Chief Operating Officer",
    "Transaction": "",
    "Start Date": "2025-02-20",
    "Ownership": "D"
  },
  {
    "index": 22,
    "Shares": 37500,
    "Value": 10118869.0,
    "URL": "",
    "Text": "Sale at price 269.84 per share.",
    "Insider": "ROHRBAUGH TROY L",
    "Position": "Officer",
    "Transaction": "",
    "Start Date": "2025-02-20",
    "Ownership": "D"
  },
  {
    "index": 23,
    "Shares": 1250,
    "Value": 337610.0,
    "URL": "",
    "Text": "Sale at price 270.09 per share.",
    "Insider": "LEOPOLD ROBIN",
    "Position": "Officer",
    "Transaction": "",
    "Start Date": "2025-02-20",
    "Ownership": "D"
  },
  {
    "index": 24,
    "Shares": 2053,
    "Value": 554054.0,
    "URL": "",
    "Text": "Sale at price 269.88 per share.",
    "Insider": "BEER LORI A",
    "Position": "Chief Technology Officer",
    "Transaction": "",
    "Start Date": "2025-02-20",
    "Ownership": "D"
  },
  {
    "index": 25,
    "Shares": 866361,
    "Value": 233776513.0,
    "URL": "",
    "Text": "Sale at price 269.84 per share.",
    "Insider": "DIMON JAMES",
    "Position": "Chief Executive Officer",
    "Transaction": "",
    "Start Date": "2025-02-20",
    "Ownership": "I"
  },
  {
    "index": 26,
    "Shares": 3303,
    "Value": 919371.0,
    "URL": "",
    "Text": "Sale at price 278.34 per share.",
    "Insider": "FRIEDMAN STACEY R.",
    "Position": "General Counsel",
    "Transaction": "",
    "Start Date": "2025-02-18",
    "Ownership": "D"
  },
  {
    "index": 27,
    "Shares": 5277,
    "Value": 1468971.0,
    "URL": "",
    "Text": "Sale at price 278.37 per share.",
    "Insider": "ERDOES MARY E.",
    "Position": "Officer",
    "Transaction": "",
    "Start Date": "2025-02-18",
    "Ownership": "D"
  },
  {
    "index": 28,
    "Shares": 3490,
    "Value": 971646.0,
    "URL": "",
    "Text": "Sale at price 278.41 per share.",
    "Insider": "PETNO DOUGLAS B",
    "Position": "Officer",
    "Transaction": "",
    "Start Date": "2025-02-18",
    "Ownership": "D"
  },
  {
    "index": 29,
    "Shares": 4232,
    "Value": 1178009.0,
    "URL": "",
    "Text": "Sale at price 278.36 per share.",
    "Insider": "LAKE MARIANNE",
    "Position": "Chief Executive Officer",
    "Transaction": "",
    "Start Date": "2025-02-18",
    "Ownership": "I"
  },
  {
    "index": 30,
    "Shares": 188,
    "Value": 0.0,
    "URL": "",
    "Text": "Stock Gift at price 0.00 per share.",
    "Insider": "LEOPOLD ROBIN",
    "Position": "Officer",
    "Transaction": "",
    "Start Date": "2025-02-10",
    "Ownership": "I"
  },
  {
    "index": 31,
    "Shares": 185936,
    "Value": 0.0,
    "URL": "",
    "Text": "Stock Gift at price 0.00 per share.",
    "Insider": "DIMON JAMES",
    "Position": "Chief Executive Officer",
    "Transaction": "",
    "Start Date": "2025-01-31",
    "Ownership": "I"
  },
  {
    "index": 32,
    "Shares": 1011,
    "Value": 265000.0,
    "URL": "",
    "Text": "Stock Award(Grant) at price 261.88 per share.",
    "Insider": "HOBSON MELLODY L",
    "Position": "Director",
    "Transaction": "",
    "Start Date": "2025-01-21",
    "Ownership": "D"
  },
  {
    "index": 33,
    "Shares": 1011,
    "Value": 265000.0,
    "URL": "",
    "Text": "Stock Award(Grant) at price 261.88 per share.",
    "Insider": "BURKE STEPHEN B",
    "Position": "Director",
    "Transaction": "",
    "Start Date": "2025-01-21",
    "Ownership": "D"
  },
  {
    "index": 34,
    "Shares": 1011,
    "Value": 265000.0,
    "URL": "",
    "Text": "Stock Award(Grant) at price 261.88 per share.",
    "Insider": "COMBS TODD A.",
    "Position": "Director",
    "Transaction": "",
    "Start Date": "2025-01-21",
    "Ownership": "D"
  },
  {
    "index": 35,
    "Shares": 1011,
    "Value": 265000.0,
    "URL": "",
    "Text": "Stock Award(Grant) at price 261.88 per share.",
    "Insider": "WEINBERGER MARK A",
    "Position": "Director",
    "Transaction": "",
    "Start Date": "2025-01-21",
    "Ownership": "D"
  },
  {
    "index": 36,
    "Shares": 1011,
    "Value": 265000.0,
    "URL": "",
    "Text": "Stock Award(Grant) at price 261.88 per share.",
    "Insider": "GORSKY ALEX",
    "Position": "Director",
    "Transaction": "",
    "Start Date": "2025-01-21",
    "Ownership": "D"
  },
  {
    "index": 37,
    "Shares": 1011,
    "Value": 265000.0,
    "URL": "",
    "Text": "Stock Award(Grant) at price 261.88 per share.",
    "Insider": "BOLER-DAVIS ALICIA S",
    "Position": "Director",
    "Transaction": "",
    "Start Date": "2025-01-21",
    "Ownership": "D"
  },
  {
    "index": 38,
    "Shares": 1011,
    "Value": 265000.0,
    "URL": "",
    "Text": "Stock Award(Grant) at price 261.88 per share.",
    "Insider": "NOVAKOVIC PHEBE N",
    "Position": "Director",
    "Transaction": "",
    "Start Date": "2025-01-21",
    "Ownership": "D"
  },
  {
    "index": 39,
    "Shares": 1011,
    "Value": 265000.0,
    "URL": "",
    "Text": "Stock Award(Grant) at price 261.88 per share.",
    "Insider": "SMITH BRAD D",
    "Position": "Director",
    "Transaction": "",
    "Start Date": "2025-01-21",
    "Ownership": "D"
  },
  {
    "index": 40,
    "Shares": 1011,
    "Value": 265000.0,
    "URL": "",
    "Text": "Stock Award(Grant) at price 261.88 per share.",
    "Insider": "BAMMANN LINDA B.",
    "Position": "Director",
    "Transaction": "",
    "Start Date": "2025-01-21",
    "Ownership": "D"
  },
  {
    "index": 41,
    "Shares": 1011,
    "Value": 265000.0,
    "URL": "",
    "Text": "Stock Award(Grant) at price 261.88 per share.",
    "Insider": "ROMETTY VIRGINIA M",
    "Position": "Director",
    "Transaction": "",
    "Start Date": "2025-01-21",
    "Ownership": "D"
  },
  {
    "index": 42,
    "Shares": 3303,
    "Value": 838778.0,
    "URL": "",
    "Text": "Sale at price 253.94 per share.",
    "Insider": "FRIEDMAN STACEY R.",
    "Position": "General Counsel",
    "Transaction": "",
    "Start Date": "2025-01-16",
    "Ownership": "D"
  },
  {
    "index": 43,
    "Shares": 5277,
    "Value": 1340216.0,
    "URL": "",
    "Text": "Sale at price 253.97 per share.",
    "Insider": "ERDOES MARY E.",
    "Position": "Officer",
    "Transaction": "",
    "Start Date": "2025-01-16",
    "Ownership": "D"
  },
  {
    "index": 44,
    "Shares": 3491,
    "Value": 886565.0,
    "URL": "",
    "Text": "Sale at price 253.96 per share.",
    "Insider": "PETNO DOUGLAS B",
    "Position": "Officer",
    "Transaction": "",
    "Start Date": "2025-01-16",
    "Ownership": "D"
  },
  {
    "index": 45,
    "Shares": 4233,
    "Value": 1075203.0,
    "URL": "",
    "Text": "Sale at price 254.00 per share.",
    "Insider": "LAKE MARIANNE",
    "Position": "Officer",
    "Transaction": "",
    "Start Date": "2025-01-16",
    "Ownership": "I"
  },
  {
    "index": 46,
    "Shares": 7122,
    "Value": 1808591.0,
    "URL": "",
    "Text": "Sale at price 253.94 per share.",
    "Insider": "BACON ASHLEY",
    "Position": "Officer",
    "Transaction": "",
    "Start Date": "2025-01-16",
    "Ownership": "D"
  },
  {
    "index": 47,
    "Shares": 14848,
    "Value": NaN,
    "URL": "",
    "Text": "",
    "Insider": "LEOPOLD ROBIN",
    "Position": "Officer",
    "Transaction": "",
    "Start Date": "2025-01-13",
    "Ownership": "D"
  },
  {
    "index": 48,
    "Shares": 33324,
    "Value": NaN,
    "URL": "",
    "Text": "",
    "Insider": "PIEPSZAK JENNIFER A",
    "Position": "Chief Operating Officer",
    "Transaction": "",
    "Start Date": "2025-01-13",
    "Ownership": "D"
  },
  {
    "index": 49,
    "Shares": 10661,
    "Value": NaN,
    "URL": "",
    "Text": "",
    "Insider": "KORABLINA ELENA A",
    "Position": "Officer",
    "Transaction": "",
    "Start Date": "2025-01-13",
    "Ownership": "D"
  },
  {
    "index": 50,
    "Shares": 21136,
    "Value": NaN,
    "URL": "",
    "Text": "",
    "Insider": "BARNUM JEREMY",
    "Position": "Chief Financial Officer",
    "Transaction": "",
    "Start Date": "2025-01-13",
    "Ownership": "D"
  },
  {
    "index": 51,
    "Shares": 43518,
    "Value": NaN,
    "URL": "",
    "Text": "",
    "Insider": "ROHRBAUGH TROY L",
    "Position": "Officer",
    "Transaction": "",
    "Start Date": "2025-01-13",
    "Ownership": "D"
  },
  {
    "index": 52,
    "Shares": 16895,
    "Value": NaN,
    "URL": "",
    "Text": "",
    "Insider": "BEER LORI A",
    "Position": "Chief Technology Officer",
    "Transaction": "",
    "Start Date": "2025-01-13",
    "Ownership": "D"
  },
  {
    "index": 53,
    "Shares": 45789,
    "Value": NaN,
    "URL": "",
    "Text": "",
    "Insider": "ERDOES MARY E.",
    "Position": "Officer",
    "Transaction": "",
    "Start Date": "2025-01-13",
    "Ownership": "D"
  },
  {
    "index": 54,
    "Shares": 70588,
    "Value": NaN,
    "URL": "",
    "Text": "",
    "Insider": "PINTO DANIEL E",
    "Position": "President",
    "Transaction": "",
    "Start Date": "2025-01-13",
    "Ownership": "D"
  },
  {
    "index": 55,
    "Shares": 27669,
    "Value": NaN,
    "URL": "",
    "Text": "",
    "Insider": "BACON ASHLEY",
    "Position": "Officer",
    "Transaction": "",
    "Start Date": "2025-01-13",
    "Ownership": "D"
  },
  {
    "index": 56,
    "Shares": 33324,
    "Value": NaN,
    "URL": "",
    "Text": "",
    "Insider": "LAKE MARIANNE",
    "Position": "Chief Executive Officer",
    "Transaction": "",
    "Start Date": "2025-01-13",
    "Ownership": "D"
  },
  {
    "index": 57,
    "Shares": 28203,
    "Value": NaN,
    "URL": "",
    "Text": "",
    "Insider": "FRIEDMAN STACEY R.",
    "Position": "General Counsel",
    "Transaction": "",
    "Start Date": "2025-01-13",
    "Ownership": "D"
  },
  {
    "index": 58,
    "Shares": 187,
    "Value": 45000.0,
    "URL": "",
    "Text": "Stock Award(Grant) at price 239.71 per share.",
    "Insider": "HOBSON MELLODY L",
    "Position": "Director",
    "Transaction": "",
    "Start Date": "2024-12-31",
    "Ownership": "D"
  },
  {
    "index": 59,
    "Shares": 234,
    "Value": 56250.0,
    "URL": "",
    "Text": "Stock Award(Grant) at price 239.71 per share.",
    "Insider": "BURKE STEPHEN B",
    "Position": "Director",
    "Transaction": "",
    "Start Date": "2024-12-31",
    "Ownership": "D"
  },
  {
    "index": 60,
    "Shares": 156,
    "Value": 37500.0,
    "URL": "",
    "Text": "Stock Award(Grant) at price 239.71 per share.",
    "Insider": "GORSKY ALEX",
    "Position": "Director",
    "Transaction": "",
    "Start Date": "2024-12-31",
    "Ownership": "D"
  },
  {
    "index": 61,
    "Shares": 156,
    "Value": 37500.0,
    "URL": "",
    "Text": "Stock Award(Grant) at price 239.71 per share.",
    "Insider": "NOVAKOVIC PHEBE N",
    "Position": "Director",
    "Transaction": "",
    "Start Date": "2024-12-31",
    "Ownership": "D"
  },
  {
    "index": 62,
    "Shares": 146,
    "Value": 35000.0,
    "URL": "",
    "Text": "Stock Award(Grant) at price 239.71 per share.",
    "Insider": "ROMETTY VIRGINIA M",
    "Position": "Director",
    "Transaction": "",
    "Start Date": "2024-12-31",
    "Ownership": "D"
  },
  {
    "index": 63,
    "Shares": 12362,
    "Value": 0.0,
    "URL": "",
    "Text": "Stock Gift at price 0.00 per share.",
    "Insider": "ROHRBAUGH TROY L",
    "Position": "Chief Executive Officer",
    "Transaction": "",
    "Start Date": "2024-11-15",
    "Ownership": "D"
  },
  {
    "index": 64,
    "Shares": 2100,
    "Value": 0.0,
    "URL": "",
    "Text": "Stock Gift at price 0.00 per share.",
    "Insider": "ERDOES MARY E.",
    "Position": "Officer",
    "Transaction": "",
    "Start Date": "2024-11-14",
    "Ownership": "D"
  },
  {
    "index": 65,
    "Shares": 45,
    "Value": 0.0,
    "URL": "",
    "Text": "Stock Gift at price 0.00 per share.",
    "Insider": "LEOPOLD ROBIN",
    "Position": "Officer",
    "Transaction": "",
    "Start Date": "2024-10-30",
    "Ownership": "D"
  },
  {
    "index": 66,
    "Shares": 1707,
    "Value": NaN,
    "URL": "",
    "Text": "",
    "Insider": "KORABLINA ELENA A",
    "Position": "Officer",
    "Transaction": "",
    "Start Date": "2024-10-25",
    "Ownership": "D"
  },
  {
    "index": 67,
    "Shares": 237,
    "Value": 50000.0,
    "URL": "",
    "Text": "Stock Award(Grant) at price 210.86 per share.",
    "Insider": "HOBSON MELLODY L",
    "Position": "Director",
    "Transaction": "",
    "Start Date": "2024-09-30",
    "Ownership": "D"
  },
  {
    "index": 68,
    "Shares": 290,
    "Value": 61250.0,
    "URL": "",
    "Text": "Stock Award(Grant) at price 210.86 per share.",
    "Insider": "BURKE STEPHEN B",
    "Position": "Director",
    "Transaction": "",
    "Start Date": "2024-09-30",
    "Ownership": "D"
  },
  {
    "index": 69,
    "Shares": 177,
    "Value": 37500.0,
    "URL": "",
    "Text": "Stock Award(Grant) at price 210.86 per share.",
    "Insider": "GORSKY ALEX",
    "Position": "Director",
    "Transaction": "",
    "Start Date": "2024-09-30",
    "Ownership": "D"
  },
  {
    "index": 70,
    "Shares": 177,
    "Value": 37500.0,
    "URL": "",
    "Text": "Stock Award(Grant) at price 210.86 per share.",
    "Insider": "NOVAKOVIC PHEBE N",
    "Position": "Director",
    "Transaction": "",
    "Start Date": "2024-09-30",
    "Ownership": "D"
  },
  {
    "index": 71,
    "Shares": 177,
    "Value": 37500.0,
    "URL": "",
    "Text": "Stock Award(Grant) at price 210.86 per share.",
    "Insider": "ROMETTY VIRGINIA M",
    "Position": "Director",
    "Transaction": "",
    "Start Date": "2024-09-30",
    "Ownership": "D"
  },
  {
    "index": 72,
    "Shares": 48,
    "Value": 0.0,
    "URL": "",
    "Text": "Stock Gift at price 0.00 per share.",
    "Insider": "LEOPOLD ROBIN",
    "Position": "Officer",
    "Transaction": "",
    "Start Date": "2024-07-15",
    "Ownership": "D"
  },
  {
    "index": 73,
    "Shares": 222,
    "Value": 45000.0,
    "URL": "",
    "Text": "Stock Award(Grant) at price 202.26 per share.",
    "Insider": "HOBSON MELLODY L",
    "Position": "Director",
    "Transaction": "",
    "Start Date": "2024-06-28",
    "Ownership": "D"
  },
  {
    "index": 74,
    "Shares": 278,
    "Value": 56250.0,
    "URL": "",
    "Text": "Stock Award(Grant) at price 202.26 per share.",
    "Insider": "BURKE STEPHEN B",
    "Position": "Director",
    "Transaction": "",
    "Start Date": "2024-06-28",
    "Ownership": "D"
  },
  {
    "index": 75,
    "Shares": 185,
    "Value": 37500.0,
    "URL": "",
    "Text": "Stock Award(Grant) at price 202.26 per share.",
    "Insider": "GORSKY ALEX",
    "Position": "Director",
    "Transaction": "",
    "Start Date": "2024-06-28",
    "Ownership": "D"
  },
  {
    "index": 76,
    "Shares": 185,
    "Value": 37500.0,
    "URL": "",
    "Text": "Stock Award(Grant) at price 202.26 per share.",
    "Insider": "NOVAKOVIC PHEBE N",
    "Position": "Director",
    "Transaction": "",
    "Start Date": "2024-06-28",
    "Ownership": "D"
  },
  {
    "index": 77,
    "Shares": 173,
    "Value": 35000.0,
    "URL": "",
    "Text": "Stock Award(Grant) at price 202.26 per share.",
    "Insider": "ROMETTY VIRGINIA M",
    "Position": "Director",
    "Transaction": "",
    "Start Date": "2024-06-28",
    "Ownership": "D"
  },
  {
    "index": 78,
    "Shares": 4415,
    "Value": 872311.0,
    "URL": "",
    "Text": "Sale at price 197.58 per share.",
    "Insider": "FRIEDMAN STACEY R.",
    "Position": "General Counsel",
    "Transaction": "",
    "Start Date": "2024-06-20",
    "Ownership": "D"
  },
  {
    "index": 79,
    "Shares": 5086,
    "Value": 1014857.0,
    "URL": "",
    "Text": "Sale at price 199.54 per share.",
    "Insider": "BACON ASHLEY",
    "Position": "Officer",
    "Transaction": "",
    "Start Date": "2024-06-10",
    "Ownership": "D"
  },
  {
    "index": 80,
    "Shares": 4415,
    "Value": 885862.0,
    "URL": "",
    "Text": "Sale at price 200.65 per share.",
    "Insider": "FRIEDMAN STACEY R.",
    "Position": "General Counsel",
    "Transaction": "",
    "Start Date": "2024-05-20",
    "Ownership": "D"
  },
  {
    "index": 81,
    "Shares": 5298,
    "Value": 1062989.0,
    "URL": "",
    "Text": "Sale at price 200.64 per share.",
    "Insider": "BEER LORI A",
    "Position": "Chief Technology Officer",
    "Transaction": "",
    "Start Date": "2024-05-20",
    "Ownership": "D"
  },
  {
    "index": 82,
    "Shares": 11734,
    "Value": 2347065.0,
    "URL": "",
    "Text": "Sale at price 200.02 per share.",
    "Insider": "LAKE MARIANNE",
    "Position": "Officer",
    "Transaction": "",
    "Start Date": "2024-05-14",
    "Ownership": "I"
  },
  {
    "index": 83,
    "Shares": 3000,
    "Value": 596577.0,
    "URL": "",
    "Text": "Sale at price 198.86 per share.",
    "Insider": "LEOPOLD ROBIN",
    "Position": "Officer",
    "Transaction": "",
    "Start Date": "2024-05-10",
    "Ownership": "D"
  },
  {
    "index": 84,
    "Shares": 10474,
    "Value": 0.0,
    "URL": "",
    "Text": "Stock Gift at price 0.00 per share.",
    "Insider": "ROHRBAUGH TROY L",
    "Position": "Officer",
    "Transaction": "",
    "Start Date": "2024-05-09",
    "Ownership": "D"
  },
  {
    "index": 85,
    "Shares": 8831,
    "Value": 1710187.0,
    "URL": "",
    "Text": "Sale at price 193.66 per share.",
    "Insider": "PIEPSZAK JENNIFER A",
    "Position": "Officer",
    "Transaction": "",
    "Start Date": "2024-05-08",
    "Ownership": "D"
  },
  {
    "index": 86,
    "Shares": 15895,
    "Value": 3078221.0,
    "URL": "",
    "Text": "Sale at price 193.66 per share.",
    "Insider": "ERDOES MARY E.",
    "Position": "Officer",
    "Transaction": "",
    "Start Date": "2024-05-08",
    "Ownership": "D"
  },
  {
    "index": 87,
    "Shares": 5086,
    "Value": 984876.0,
    "URL": "",
    "Text": "Sale at price 193.64 per share.",
    "Insider": "BACON ASHLEY",
    "Position": "Officer",
    "Transaction": "",
    "Start Date": "2024-05-08",
    "Ownership": "D"
  },
  {
    "index": 88,
    "Shares": 21829,
    "Value": 4167359.0,
    "URL": "",
    "Text": "Sale at price 190.91 per share.",
    "Insider": "KORABLINA ELENA A",
    "Position": "Officer",
    "Transaction": "",
    "Start Date": "2024-05-06",
    "Ownership": "D"
  },
  {
    "index": 89,
    "Shares": 5543,
    "Value": 0.0,
    "URL": "",
    "Text": "Stock Gift at price 0.00 per share.",
    "Insider": "NEAL MICHAEL A",
    "Position": "Director",
    "Transaction": "",
    "Start Date": "2024-05-06",
    "Ownership": "D"
  },
  {
    "index": 90,
    "Shares": 136345,
    "Value": 0.0,
    "URL": "",
    "Text": "Stock Gift at price 0.00 per share.",
    "Insider": "DIMON JAMES",
    "Position": "Chief Executive Officer",
    "Transaction": "",
    "Start Date": "2024-04-19",
    "Ownership": "I"
  },
  {
    "index": 91,
    "Shares": 178222,
    "Value": 32824625.0,
    "URL": "",
    "Text": "Sale at price 184.18 per share.",
    "Insider": "DIMON JAMES",
    "Position": "Chief Executive Officer",
    "Transaction": "",
    "Start Date": "2024-04-15",
    "Ownership": "D"
  },
  {
    "index": 92,
    "Shares": 187,
    "Value": 37500.0,
    "URL": "",
    "Text": "Stock Award(Grant) at price 200.30 per share.",
    "Insider": "NEAL MICHAEL A",
    "Position": "Director",
    "Transaction": "",
    "Start Date": "2024-03-28",
    "Ownership": "D"
  },
  {
    "index": 93,
    "Shares": 249,
    "Value": 50000.0,
    "URL": "",
    "Text": "Stock Award(Grant) at price 200.30 per share.",
    "Insider": "HOBSON MELLODY L",
    "Position": "Director",
    "Transaction": "",
    "Start Date": "2024-03-28",
    "Ownership": "D"
  },
  {
    "index": 94,
    "Shares": 305,
    "Value": 61250.0,
    "URL": "",
    "Text": "Stock Award(Grant) at price 200.30 per share.",
    "Insider": "BURKE STEPHEN B",
    "Position": "Director",
    "Transaction": "",
    "Start Date": "2024-03-28",
    "Ownership": "D"
  },
  {
    "index": 95,
    "Shares": 187,
    "Value": 37500.0,
    "URL": "",
    "Text": "Stock Award(Grant) at price 200.30 per share.",
    "Insider": "GORSKY ALEX",
    "Position": "Director",
    "Transaction": "",
    "Start Date": "2024-03-28",
    "Ownership": "D"
  },
  {
    "index": 96,
    "Shares": 224,
    "Value": 45000.0,
    "URL": "",
    "Text": "Stock Award(Grant) at price 200.30 per share.",
    "Insider": "FLYNN TIMOTHY PATRICK",
    "Position": "Director",
    "Transaction": "",
    "Start Date": "2024-03-28",
    "Ownership": "D"
  },
  {
    "index": 97,
    "Shares": 187,
    "Value": 37500.0,
    "URL": "",
    "Text": "Stock Award(Grant) at price 200.30 per share.",
    "Insider": "NOVAKOVIC PHEBE N",
    "Position": "Director",
    "Transaction": "",
    "Start Date": "2024-03-28",
    "Ownership": "D"
  },
  {
    "index": 98,
    "Shares": 199,
    "Value": 40000.0,
    "URL": "",
    "Text": "Stock Award(Grant) at price 200.30 per share.",
    "Insider": "ROMETTY VIRGINIA M",
    "Position": "Director",
    "Transaction": "",
    "Start Date": "2024-03-28",
    "Ownership": "D"
  },
  {
    "index": 99,
    "Shares": 3920,
    "Value": 765805.0,
    "URL": "",
    "Text": "Sale at price 195.36 per share.",
    "Insider": "BEER LORI A",
    "Position": "Chief Technology Officer",
    "Transaction": "",
    "Start Date": "2024-03-25",
    "Ownership": "D"
  },
  {
    "index": 100,
    "Shares": 18438,
    "Value": NaN,
    "URL": "",
    "Text": "",
    "Insider": "LEOPOLD ROBIN",
    "Position": "Officer",
    "Transaction": "",
    "Start Date": "2024-03-25",
    "Ownership": "D"
  },
  {
    "index": 101,
    "Shares": 39511,
    "Value": NaN,
    "URL": "",
    "Text": "",
    "Insider": "PIEPSZAK JENNIFER A",
    "Position": "Officer",
    "Transaction": "",
    "Start Date": "2024-03-25",
    "Ownership": "D"
  },
  {
    "index": 102,
    "Shares": 71118,
    "Value": NaN,
    "URL": "",
    "Text": "",
    "Insider": "ROHRBAUGH TROY L",
    "Position": "Officer",
    "Transaction": "",
    "Start Date": "2024-03-25",
    "Ownership": "D"
  },
  {
    "index": 103,
    "Shares": 292666,
    "Value": NaN,
    "URL": "",
    "Text": "",
    "Insider": "DIMON JAMES",
    "Position": "Chief Executive Officer",
    "Transaction": "",
    "Start Date": "2024-03-25",
    "Ownership": "D"
  },
  {
    "index": 104,
    "Shares": 23707,
    "Value": NaN,
    "URL": "",
    "Text": "",
    "Insider": "BEER LORI A",
    "Position": "Chief Technology Officer",
    "Transaction": "",
    "Start Date": "2024-03-25",
    "Ownership": "D"
  },
  {
    "index": 105,
    "Shares": 71118,
    "Value": NaN,
    "URL": "",
    "Text": "",
    "Insider": "ERDOES MARY E.",
    "Position": "Officer",
    "Transaction": "",
    "Start Date": "2024-03-25",
    "Ownership": "D"
  },
  {
    "index": 106,
    "Shares": 102206,
    "Value": NaN,
    "URL": "",
    "Text": "",
    "Insider": "PINTO DANIEL E",
    "Position": "President",
    "Transaction": "",
    "Start Date": "2024-03-25",
    "Ownership": "D"
  },
  {
    "index": 107,
    "Shares": 41266,
    "Value": NaN,
    "URL": "",
    "Text": "",
    "Insider": "BACON ASHLEY",
    "Position": "Officer",
    "Transaction": "",
    "Start Date": "2024-03-25",
    "Ownership": "D"
  },
  {
    "index": 108,
    "Shares": 52504,
    "Value": NaN,
    "URL": "",
    "Text": "",
    "Insider": "LAKE MARIANNE",
    "Position": "Officer",
    "Transaction": "",
    "Start Date": "2024-03-25",
    "Ownership": "D"
  },
  {
    "index": 109,
    "Shares": 39511,
    "Value": NaN,
    "URL": "",
    "Text": "",
    "Insider": "FRIEDMAN STACEY R.",
    "Position": "General Counsel",
    "Transaction": "",
    "Start Date": "2024-03-25",
    "Ownership": "D"
  },
  {
    "index": 110,
    "Shares": 75000,
    "Value": 13705155.0,
    "URL": "",
    "Text": "Sale at price 182.74 per share.",
    "Insider": "ROHRBAUGH TROY L",
    "Position": "Officer",
    "Transaction": "",
    "Start Date": "2024-02-22",
    "Ownership": "D"
  },
  {
    "index": 111,
    "Shares": 6030,
    "Value": 1101878.0,
    "URL": "",
    "Text": "Sale at price 182.73 per share.",
    "Insider": "FRIEDMAN STACEY R.",
    "Position": "General Counsel",
    "Transaction": "",
    "Start Date": "2024-02-22",
    "Ownership": "D"
  },
  {
    "index": 112,
    "Shares": 3920,
    "Value": 716356.0,
    "URL": "",
    "Text": "Sale at price 182.74 per share.",
    "Insider": "BEER LORI A",
    "Position": "Chief Technology Officer",
    "Transaction": "",
    "Start Date": "2024-02-22",
    "Ownership": "D"
  },
  {
    "index": 113,
    "Shares": 821778,
    "Value": 150167221.0,
    "URL": "",
    "Text": "Sale at price 182.73 - 182.74 per share.",
    "Insider": "DIMON JAMES",
    "Position": "Chief Executive Officer",
    "Transaction": "",
    "Start Date": "2024-02-22",
    "Ownership": "I"
  },
  {
    "index": 114,
    "Shares": 1648,
    "Value": 294918.0,
    "URL": "",
    "Text": "Sale at price 178.96 per share.",
    "Insider": "PIEPSZAK JENNIFER A",
    "Position": "Officer",
    "Transaction": "",
    "Start Date": "2024-02-16",
    "Ownership": "D"
  },
  {
    "index": 115,
    "Shares": 1810,
    "Value": 323915.0,
    "URL": "",
    "Text": "Sale at price 178.96 per share.",
    "Insider": "SCHER PETER L",
    "Position": "Officer",
    "Transaction": "",
    "Start Date": "2024-02-16",
    "Ownership": "D"
  },
  {
    "index": 116,
    "Shares": 4814,
    "Value": 861665.0,
    "URL": "",
    "Text": "Sale at price 178.99 per share.",
    "Insider": "ERDOES MARY E.",
    "Position": "Officer",
    "Transaction": "",
    "Start Date": "2024-02-16",
    "Ownership": "D"
  },
  {
    "index": 117,
    "Shares": 3266,
    "Value": 584586.0,
    "URL": "",
    "Text": "Sale at price 178.99 per share.",
    "Insider": "PETNO DOUGLAS B",
    "Position": "Officer",
    "Transaction": "",
    "Start Date": "2024-02-16",
    "Ownership": "D"
  },
  {
    "index": 118,
    "Shares": 4459,
    "Value": 798039.0,
    "URL": "",
    "Text": "Sale at price 178.97 per share.",
    "Insider": "LAKE MARIANNE",
    "Position": "Officer",
    "Transaction": "",
    "Start Date": "2024-02-16",
    "Ownership": "D"
  },
  {
    "index": 119,
    "Shares": 3368,
    "Value": 602857.0,
    "URL": "",
    "Text": "Sale at price 179.00 per share.",
    "Insider": "BACON ASHLEY",
    "Position": "Officer",
    "Transaction": "",
    "Start Date": "2024-02-16",
    "Ownership": "D"
  },
  {
    "index": 120,
    "Shares": 2875,
    "Value": 0.0,
    "URL": "",
    "Text": "Stock Gift at price 0.00 per share.",
    "Insider": "PETNO DOUGLAS B",
    "Position": "Officer",
    "Transaction": "",
    "Start Date": "2024-02-12",
    "Ownership": "D"
  },
  {
    "index": 121,
    "Shares": 353,
    "Value": 0.0,
    "URL": "",
    "Text": "Stock Gift at price 0.00 per share.",
    "Insider": "LEOPOLD ROBIN",
    "Position": "Officer",
    "Transaction": "",
    "Start Date": "2024-02-08",
    "Ownership": "I"
  },
  {
    "index": 122,
    "Shares": 1649,
    "Value": 274709.0,
    "URL": "",
    "Text": "Sale at price 166.59 per share.",
    "Insider": "PIEPSZAK JENNIFER A",
    "Position": "Officer",
    "Transaction": "",
    "Start Date": "2024-01-16",
    "Ownership": "D"
  },
  {
    "index": 123,
    "Shares": 1812,
    "Value": 301971.0,
    "URL": "",
    "Text": "Sale at price 166.65 per share.",
    "Insider": "SCHER PETER L",
    "Position": "Officer",
    "Transaction": "",
    "Start Date": "2024-01-16",
    "Ownership": "D"
  },
  {
    "index": 124,
    "Shares": 4814,
    "Value": 802618.0,
    "URL": "",
    "Text": "Sale at price 166.73 per share.",
    "Insider": "ERDOES MARY E.",
    "Position": "Officer",
    "Transaction": "",
    "Start Date": "2024-01-16",
    "Ownership": "D"
  },
  {
    "index": 125,
    "Shares": 3267,
    "Value": 544596.0,
    "URL": "",
    "Text": "Sale at price 166.70 per share.",
    "Insider": "PETNO DOUGLAS B",
    "Position": "Officer",
    "Transaction": "",
    "Start Date": "2024-01-16",
    "Ownership": "D"
  },
  {
    "index": 126,
    "Shares": 4459,
    "Value": 743422.0,
    "URL": "",
    "Text": "Sale at price 166.72 per share.",
    "Insider": "LAKE MARIANNE",
    "Position": "Officer",
    "Transaction": "",
    "Start Date": "2024-01-16",
    "Ownership": "D"
  },
  {
    "index": 127,
    "Shares": 3368,
    "Value": 561551.0,
    "URL": "",
    "Text": "Sale at price 166.73 per share.",
    "Insider": "BACON ASHLEY",
    "Position": "Officer",
    "Transaction": "",
    "Start Date": "2024-01-16",
    "Ownership": "D"
  },
  {
    "index": 128,
    "Shares": 1594,
    "Value": 265000.0,
    "URL": "",
    "Text": "Stock Award(Grant) at price 166.20 per share.",
    "Insider": "NEAL MICHAEL A",
    "Position": "Director",
    "Transaction": "",
    "Start Date": "2024-01-16",
    "Ownership": "D"
  },
  {
    "index": 129,
    "Shares": 1594,
    "Value": 265000.0,
    "URL": "",
    "Text": "Stock Award(Grant) at price 166.20 per share.",
    "Insider": "HOBSON MELLODY L",
    "Position": "Director",
    "Transaction": "",
    "Start Date": "2024-01-16",
    "Ownership": "D"
  },
  {
    "index": 130,
    "Shares": 1594,
    "Value": 265000.0,
    "URL": "",
    "Text": "Stock Award(Grant) at price 166.20 per share.",
    "Insider": "BURKE STEPHEN B",
    "Position": "Director",
    "Transaction": "",
    "Start Date": "2024-01-16",
    "Ownership": "D"
  },
  {
    "index": 131,
    "Shares": 1594,
    "Value": 265000.0,
    "URL": "",
    "Text": "Stock Award(Grant) at price 166.20 per share.",
    "Insider": "COMBS TODD A.",
    "Position": "Director",
    "Transaction": "",
    "Start Date": "2024-01-16",
    "Ownership": "D"
  },
  {
    "index": 132,
    "Shares": 1594,
    "Value": 265000.0,
    "URL": "",
    "Text": "Stock Award(Grant) at price 166.20 per share.",
    "Insider": "WEINBERGER MARK A",
    "Position": "Director",
    "Transaction": "",
    "Start Date": "2024-01-16",
    "Ownership": "D"
  },
  {
    "index": 133,
    "Shares": 1594,
    "Value": 265000.0,
    "URL": "",
    "Text": "Stock Award(Grant) at price 166.20 per share.",
    "Insider": "GORSKY ALEX",
    "Position": "Director",
    "Transaction": "",
    "Start Date": "2024-01-16",
    "Ownership": "D"
  },
  {
    "index": 134,
    "Shares": 1594,
    "Value": 265000.0,
    "URL": "",
    "Text": "Stock Award(Grant) at price 166.20 per share.",
    "Insider": "FLYNN TIMOTHY PATRICK",
    "Position": "Director",
    "Transaction": "",
    "Start Date": "2024-01-16",
    "Ownership": "D"
  },
  {
    "index": 135,
    "Shares": 1594,
    "Value": 265000.0,
    "URL": "",
    "Text": "Stock Award(Grant) at price 166.20 per share.",
    "Insider": "BOLER-DAVIS ALICIA S",
    "Position": "Director",
    "Transaction": "",
    "Start Date": "2024-01-16",
    "Ownership": "D"
  },
  {
    "index": 136,
    "Shares": 1594,
    "Value": 265000.0,
    "URL": "",
    "Text": "Stock Award(Grant) at price 166.20 per share.",
    "Insider": "BAMMANN LINDA B.",
    "Position": "Director",
    "Transaction": "",
    "Start Date": "2024-01-16",
    "Ownership": "D"
  },
  {
    "index": 137,
    "Shares": 1594,
    "Value": 265000.0,
    "URL": "",
    "Text": "Stock Award(Grant) at price 166.20 per share.",
    "Insider": "NOVAKOVIC PHEBE N",
    "Position": "Director",
    "Transaction": "",
    "Start Date": "2024-01-16",
    "Ownership": "D"
  },
  {
    "index": 138,
    "Shares": 1594,
    "Value": 265000.0,
    "URL": "",
    "Text": "Stock Award(Grant) at price 166.20 per share.",
    "Insider": "ROMETTY VIRGINIA M",
    "Position": "Director",
    "Transaction": "",
    "Start Date": "2024-01-16",
    "Ownership": "D"
  },
  {
    "index": 139,
    "Shares": 27543,
    "Value": NaN,
    "URL": "",
    "Text": "",
    "Insider": "PIEPSZAK JENNIFER A",
    "Position": "Officer",
    "Transaction": "",
    "Start Date": "2024-01-12",
    "Ownership": "D"
  },
  {
    "index": 140,
    "Shares": 7619,
    "Value": NaN,
    "URL": "",
    "Text": "",
    "Insider": "KORABLINA ELENA A",
    "Position": "Officer",
    "Transaction": "",
    "Start Date": "2024-01-12",
    "Ownership": "D"
  },
  {
    "index": 141,
    "Shares": 17911,
    "Value": NaN,
    "URL": "",
    "Text": "",
    "Insider": "BARNUM JEREMY",
    "Position": "Chief Financial Officer",
    "Transaction": "",
    "Start Date": "2024-01-12",
    "Ownership": "D"
  },
  {
    "index": 142,
    "Shares": 15351,
    "Value": NaN,
    "URL": "",
    "Text": "",
    "Insider": "BEER LORI A",
    "Position": "Chief Technology Officer",
    "Transaction": "",
    "Start Date": "2024-01-12",
    "Ownership": "D"
  },
  {
    "index": 143,
    "Shares": 41155,
    "Value": NaN,
    "URL": "",
    "Text": "",
    "Insider": "ERDOES MARY E.",
    "Position": "Officer",
    "Transaction": "",
    "Start Date": "2024-01-12",
    "Ownership": "D"
  },
  {
    "index": 144,
    "Shares": 27205,
    "Value": NaN,
    "URL": "",
    "Text": "",
    "Insider": "PETNO DOUGLAS B",
    "Position": "Officer",
    "Transaction": "",
    "Start Date": "2024-01-12",
    "Ownership": "D"
  },
  {
    "index": 145,
    "Shares": 68330,
    "Value": NaN,
    "URL": "",
    "Text": "",
    "Insider": "PINTO DANIEL E",
    "Position": "Officer",
    "Transaction": "",
    "Start Date": "2024-01-12",
    "Ownership": "D"
  },
  {
    "index": 146,
    "Shares": 25634,
    "Value": NaN,
    "URL": "",
    "Text": "",
    "Insider": "BACON ASHLEY",
    "Position": "Officer",
    "Transaction": "",
    "Start Date": "2024-01-12",
    "Ownership": "D"
  },
  {
    "index": 147,
    "Shares": 31528,
    "Value": NaN,
    "URL": "",
    "Text": "",
    "Insider": "LAKE MARIANNE",
    "Position": "Officer",
    "Transaction": "",
    "Start Date": "2024-01-12",
    "Ownership": "D"
  },
  {
    "index": 148,
    "Shares": 25095,
    "Value": NaN,
    "URL": "",
    "Text": "",
    "Insider": "FRIEDMAN STACEY R.",
    "Position": "General Counsel",
    "Transaction": "",
    "Start Date": "2024-01-12",
    "Ownership": "D"
  },
  {
    "index": 149,
    "Shares": 12590,
    "Value": NaN,
    "URL": "",
    "Text": "",
    "Insider": "SCHER PETER L",
    "Position": "Officer",
    "Transaction": "",
    "Start Date": "2024-01-12",
    "Ownership": "D"
  }
]