[
  {
    "index": "2024-12-31",
    "Treasury Shares Number": 1307313494.0,
    "Preferred Shares Number": NaN,
    "Ordinary Shares Number": 2797620401.0,
    "Share Issued": 4104933895.0,
    "Total Debt": 454311000000.0,
    "Tangible Book Value": 260148000000.0,
    "Invested Capital": 779019000000.0,
    "Net Tangible Assets": 280198000000.0,
    "Common Stock Equity": 324708000000.0,
    "Preferred Stock Equity": 20050000000.0,
    "Total Capitalization": 734594000000.0,
    "Total Equity Gross Minority Interest": 344758000000.0,
    "Stockholders Equity": 344758000000.0,
    "Gains Losses Not Affecting Retained Earnings": -12456000000.0,
    "Other Equity Adjustments": -12456000000.0,
    "Treasury Stock": 134018000000.0,
    "Retained Earnings": 376166000000.0,
    "Additional Paid In Capital": 90911000000.0,
    "Capital Stock": 24155000000.0,
    "Common Stock": 4105000000.0,
    "Preferred Stock": 20050000000.0,
    "Total Liabilities Net Minority Interest": 3658056000000.0,
    "Long Term Debt And Capital Lease Obligation": 389836000000.0,
    "Long Term Debt": 389836000000.0,
    "Current Debt And Capital Lease Obligation": 64475000000.0,
    "Current Debt": 64475000000.0,
    "Other Current Borrowings": 64475000000.0,
    "Commercial Paper": NaN,
    "Payables And Accrued Expenses": 305933000000.0,
    "Payables": 305933000000.0,
    "Other Payable": 152780000000.0,
    "Accounts Payable": 153153000000.0,
    "Total Assets": 4002814000000.0,
    "Investments And Advances": 1172872000000.0,
    "Held To Maturity Securities": 274468000000.0,
    "Available For Sale Securities": NaN,
    "Trading Securities": 501714000000.0,
    "Goodwill And Other Intangible Assets": 64560000000.0,
    "Other Intangible Assets": 11995000000.0,
    "Goodwill": 52565000000.0,
    "Net PPE": 32223000000.0,
    "Gross PPE": 32223000000.0,
    "Other Properties": 15349000000.0,
    "Properties": 16874000000.0,
    "Receivables": 101223000000.0,
    "Other Receivables": NaN,
    "Accounts Receivable": 101223000000.0,
    "Other Short Term Investments": 396690000000.0,
    "Cash And Cash Equivalents": 469317000000.0,
    "Cash Financial": 23372000000.0,
    "Cash Cash Equivalents And Federal Funds Sold": 764318000000.0
  },
  {
    "index": "2023-12-31",
    "Treasury Shares Number": 1228275301.0,
    "Preferred Shares Number": 391850000.0,
    "Ordinary Shares Number": 2876658594.0,
    "Share Issued": 4104933895.0,
    "Total Debt": 436537000000.0,
    "Tangible Book Value": 236093000000.0,
    "Invested Capital": 737011000000.0,
    "Net Tangible Assets": 263497000000.0,
    "Common Stock Equity": 300474000000.0,
    "Preferred Stock Equity": 27404000000.0,
    "Total Capitalization": 719703000000.0,
    "Total Equity Gross Minority Interest": 327878000000.0,
    "Stockholders Equity": 327878000000.0,
    "Gains Losses Not Affecting Retained Earnings": -10443000000.0,
    "Other Equity Adjustments": -10443000000.0,
    "Treasury Stock": 116217000000.0,
    "Retained Earnings": 332901000000.0,
    "Additional Paid In Capital": 90128000000.0,
    "Capital Stock": 31509000000.0,
    "Common Stock": 4105000000.0,
    "Preferred Stock": 27404000000.0,
    "Total Liabilities Net Minority Interest": 3547515000000.0,
    "Long Term Debt And Capital Lease Obligation": 391825000000.0,
    "Long Term Debt": 391825000000.0,
    "Current Debt And Capital Lease Obligation": 44712000000.0,
    "Current Debt": 44712000000.0,
    "Other Current Borrowings": 44712000000.0,
    "Commercial Paper": NaN,
    "Payables And Accrued Expenses": 317954000000.0,
    "Payables": 317954000000.0,
    "Other Payable": 155994000000.0,
    "Accounts Payable": 161960000000.0,
    "Total Assets": 3875393000000.0,
    "Investments And Advances": 973946000000.0,
    "Held To Maturity Securities": 369848000000.0,
    "Available For Sale Securities": NaN,
    "Trading Securities": 411613000000.0,
    "Goodwill And Other Intangible Assets": 64381000000.0,
    "Other Intangible Assets": 11747000000.0,
    "Goodwill": 52634000000.0,
    "Net PPE": 30157000000.0,
    "Gross PPE": 30157000000.0,
    "Other Properties": 15295000000.0,
    "Properties": 14862000000.0,
    "Receivables": 107363000000.0,
    "Other Receivables": NaN,
    "Accounts Receivable": 107363000000.0,
    "Other Short Term Investments": 192485000000.0,
    "Cash And Cash Equivalents": 624151000000.0,
    "Cash Financial": 29066000000.0,
    "Cash Cash Equivalents And Federal Funds Sold": 900303000000.0
  },
  {
    "index": "2022-12-31",
    "Treasury Shares Number": 1170676094.0,
    "Preferred Shares Number": 391850000.0,
    "Ordinary Shares Number": 2934257801.0,
    "Share Issued": 4104933895.0,
    "Total Debt": 339892000000.0,
    "Tangible Book Value": 204069000000.0,
    "Invested Capital": 604820000000.0,
    "Net Tangible Assets": 231473000000.0,
    "Common Stock Equity": 264928000000.0,
    "Preferred Stock Equity": 27404000000.0,
    "Total Capitalization": 588197000000.0,
    "Total Equity Gross Minority Interest": 292332000000.0,
    "Stockholders Equity": 292332000000.0,
    "Gains Losses Not Affecting Retained Earnings": -17341000000.0,
    "Other Equity Adjustments": -17341000000.0,
    "Treasury Stock": 107336000000.0,
    "Retained Earnings": 296456000000.0,
    "Additional Paid In Capital": 89044000000.0,
    "Capital Stock": 31509000000.0,
    "Common Stock": 4105000000.0,
    "Preferred Stock": 27404000000.0,
    "Total Liabilities Net Minority Interest": 3373411000000.0,
    "Long Term Debt And Capital Lease Obligation": 295865000000.0,
    "Long Term Debt": 295865000000.0,
    "Current Debt And Capital Lease Obligation": 44027000000.0,
    "Current Debt": 44027000000.0,
    "Other Current Borrowings": 44027000000.0,
    "Commercial Paper": NaN,
    "Payables And Accrued Expenses": 339982000000.0,
    "Payables": 339982000000.0,
    "Other Payable": 151290000000.0,
    "Accounts Payable": 188692000000.0,
    "Total Assets": 3665743000000.0,
    "Investments And Advances": 982116000000.0,
    "Held To Maturity Securities": 425305000000.0,
    "Available For Sale Securities": NaN,
    "Trading Securities": 360112000000.0,
    "Goodwill And Other Intangible Assets": 60859000000.0,
    "Other Intangible Assets": 9197000000.0,
    "Goodwill": 51662000000.0,
    "Net PPE": 27734000000.0,
    "Gross PPE": 27734000000.0,
    "Other Properties": 14248000000.0,
    "Properties": 13486000000.0,
    "Receivables": 125189000000.0,
    "Other Receivables": NaN,
    "Accounts Receivable": 125189000000.0,
    "Other Short Term Investments": 196699000000.0,
    "Cash And Cash Equivalents": 567234000000.0,
    "Cash Financial": 27697000000.0,
    "Cash Cash Equivalents And Federal Funds Sold": 882826000000.0
  },
  {
    "index": "2021-12-31",
    "Treasury Shares Number": 1160784750.0,
    "Preferred Shares Number": 391850000.0,
    "Ordinary Shares Number": 2944149145.0,
    "Share Issued": 4104933895.0,
    "Total Debt": 354599000000.0,
    "Tangible Book Value": 202598000000.0,
    "Invested Capital": 613888000000.0,
    "Net Tangible Assets": 237436000000.0,
    "Common Stock Equity": 259289000000.0,
    "Preferred Stock Equity": 34838000000.0,
    "Total Capitalization": 595132000000.0,
    "Total Equity Gross Minority Interest": 294127000000.0,
    "Stockholders Equity": 294127000000.0,
    "Gains Losses Not Affecting Retained Earnings": -84000000.0,
    "Other Equity Adjustments": -84000000.0,
    "Treasury Stock": 105415000000.0,
    "Retained Earnings": 272268000000.0,
    "Additional Paid In Capital": 88415000000.0,
    "Capital Stock": 38943000000.0,
    "Common Stock": 4105000000.0,
    "Preferred Stock": 34838000000.0,
    "Total Liabilities Net Minority Interest": 3449440000000.0,
    "Long Term Debt And Capital Lease Obligation": 301005000000.0,
    "Long Term Debt": 301005000000.0,
    "Current Debt And Capital Lease Obligation": 53594000000.0,
    "Current Debt": 53594000000.0,
    "Other Current Borrowings": 53594000000.0,
    "Commercial Paper": NaN,
    "Payables And Accrued Expenses": 303071000000.0,
    "Payables": 303071000000.0,
    "Other Payable": 133899000000.0,
    "Accounts Payable": 169172000000.0,
    "Total Assets": 3743567000000.0,
    "Investments And Advances": 984829000000.0,
    "Held To Maturity Securities": 363707000000.0,
    "Available For Sale Securities": NaN,
    "Trading Securities": 330865000000.0,
    "Goodwill And Other Intangible Assets": 56691000000.0,
    "Other Intangible Assets": 6376000000.0,
    "Goodwill": 50315000000.0,
    "Net PPE": 27070000000.0,
    "Gross PPE": NaN,
    "Other Properties": NaN,
    "Properties": NaN,
    "Receivables": 102570000000.0,
    "Other Receivables": NaN,
    "Accounts Receivable": 102570000000.0,
    "Other Short Term Investments": 290257000000.0,
    "Cash And Cash Equivalents": 740834000000.0,
    "Cash Financial": 26438000000.0,
    "Cash Cash Equivalents And Federal Funds Sold": 1002532000000.0
  },
  {
    "index": "2020-12-31",
    "Treasury Shares Number": NaN,
    "Preferred Shares Number": 280850000.0,
    "Ordinary Shares Number": NaN,
    "Share Issued": NaN,
    "Total Debt": NaN,
    "Tangible Book Value": NaN,
    "Invested Capital": NaN,
    "Net Tangible Assets": NaN,
    "Common Stock Equity": NaN,
    "Preferred Stock Equity": NaN,
    "Total Capitalization": NaN,
    "Total Equity Gross Minority Interest": NaN,
    "Stockholders Equity": NaN,
    "Gains Losses Not Affecting Retained Earnings": NaN,
    "Other Equity Adjustments": NaN,
    "Treasury Stock": NaN,
    "Retained Earnings": NaN,
    "Additional Paid In Capital": NaN,
    "Capital Stock": NaN,
    "Common Stock": NaN,
    "Preferred Stock": NaN,
    "Total Liabilities Net Minority Interest": NaN,
    "Long Term Debt And Capital Lease Obligation": NaN,
    "Long Term Debt": NaN,
    "Current Debt And Capital Lease Obligation": NaN,
    "Current Debt": NaN,
    "Other Current Borrowings": NaN,
    "Commercial Paper": 12031000000.0,
    "Payables And Accrued Expenses": NaN,
    "Payables": NaN,
    "Other Payable": NaN,
    "Accounts Payable": NaN,
    "Total Assets": NaN,
    "Investments And Advances": NaN,
    "Held To Maturity Securities": NaN,
    "Available For Sale Securities": 13827000000.0,
    "Trading Securities": NaN,
    "Goodwill And Other Intangible Assets": NaN,
    "Other Intangible Assets": NaN,
    "Goodwill": NaN,
    "Net PPE": NaN,
    "Gross PPE": NaN,
    "Other Properties": NaN,
    "Properties": NaN,
    "Receivables": NaN,
    "Other Receivables": 79630000000.0,
    "Accounts Receivable": NaN,
    "Other Short Term Investments": NaN,
    "Cash And Cash Equivalents": NaN,
    "Cash Financial": NaN,
    "Cash Cash Equivalents And Federal Funds Sold": NaN
  }
]