[
  {
    "id": "b384060c-12e2-4a8b-8cee-2332b95a1b39",
    "content": {
      "id": "b384060c-12e2-4a8b-8cee-2332b95a1b39",
      "contentType": "STORY",
      "title": "BofA's Moynihan says 'we potentially face a changing economy' after stock traders post record haul",
      "description": "",
      "summary": "Bank of America reported a first-quarter rise in profits and revenue driven by robust trading results, becoming the latest big bank to benefit from the market volatility surrounding President Trump’s tariff rollout.",
      "pubDate": "2025-04-15T11:20:48Z",
      "displayTime": "2025-04-15T12:24:28Z",
      "isHosted": true,
      "bypassModal": false,
      "previewUrl": null,
      "thumbnail": {
        "originalUrl": "https://s.yimg.com/os/creatr-uploaded-images/2024-04/90c8e320-fbde-11ee-beec-536b4cae8feb",
        "originalWidth": 3347,
        "originalHeight": 2123,
        "caption": "",
        "resolutions": [
          {
            "url": "https://s.yimg.com/uu/api/res/1.2/tbsRqFesMUA2BM_RcG13VA--~B/aD0yMTIzO3c9MzM0NzthcHBpZD15dGFjaHlvbg--/https://s.yimg.com/os/creatr-uploaded-images/2024-04/90c8e320-fbde-11ee-beec-536b4cae8feb",
            "width": 3347,
            "height": 2123,
            "tag": "original"
          },
          {
            "url": "https://s.yimg.com/uu/api/res/1.2/FEIIYcJB2eFzbGorg4n5lw--~B/Zmk9c3RyaW07aD0xMjg7dz0xNzA7YXBwaWQ9eXRhY2h5b24-/https://s.yimg.com/os/creatr-uploaded-images/2024-04/90c8e320-fbde-11ee-beec-536b4cae8feb",
            "width": 170,
            "height": 128,
            "tag": "170x128"
          }
        ]
      },
      "provider": {
        "displayName": "Yahoo Finance",
        "url": "http://finance.yahoo.com/"
      },
      "canonicalUrl": {
        "url": "https://finance.yahoo.com/news/bofas-moynihan-says-we-potentially-face-a-changing-economy-after-stock-traders-post-record-haul-112048249.html",
        "site": "finance",
        "region": "US",
        "lang": "en-US"
      },
      "clickThroughUrl": {
        "url": "https://finance.yahoo.com/news/bofas-moynihan-says-we-potentially-face-a-changing-economy-after-stock-traders-post-record-haul-112048249.html",
        "site": "finance",
        "region": "US",
        "lang": "en-US"
      },
      "metadata": {
        "editorsPick": true
      },
      "finance": {
        "premiumFinance": {
          "isPremiumNews": false,
          "isPremiumFreeNews": false
        }
      },
      "storyline": null
    }
  },
  {
    "id": "3b70358f-1f6b-37ba-9238-544007f29abf",
    "content": {
      "id": "3b70358f-1f6b-37ba-9238-544007f29abf",
      "contentType": "STORY",
      "title": "Goldman, Wells Fargo Lead $17 Billion Bank Borrowing Spree",
      "description": "",
      "summary": "(Bloomberg) -- Goldman Sachs Group Inc. and Wells Fargo & Co. sold a combined $14 billion of US investment-grade bonds Tuesday, matching the day-earlier total from peers Morgan Stanley and JPMorgan Chase & Co.Most Read from BloombergHow Did This Suburb Figure Out Mass Transit?Even Oslo Has an Air Quality ProblemLA County Floats Leaner Budget Burdened by Fire and Legal Costs$15 Million Fund Bets Leadership Training Can Improve Chicago PolicingWells Fargo is issuing $8 billion of bonds in four par",
      "pubDate": "2025-04-15T21:05:03Z",
      "displayTime": "2025-04-15T21:05:03Z",
      "isHosted": true,
      "bypassModal": false,
      "previewUrl": null,
      "thumbnail": {
        "originalUrl": "https://media.zenfs.com/en/bloomberg_holding_pen_162/861b936068ea0cdc299f2db5c7386a25",
        "originalWidth": 2000,
        "originalHeight": 1335,
        "caption": "",
        "resolutions": [
          {
            "url": "https://s.yimg.com/uu/api/res/1.2/1H1oInpawGO6bAWoTabLyA--~B/aD0xMzM1O3c9MjAwMDthcHBpZD15dGFjaHlvbg--/https://media.zenfs.com/en/bloomberg_holding_pen_162/861b936068ea0cdc299f2db5c7386a25",
            "width": 2000,
            "height": 1335,
            "tag": "original"
          },
          {
            "url": "https://s.yimg.com/uu/api/res/1.2/0CEv1Mps9UQhKXEWu70c_Q--~B/Zmk9c3RyaW07aD0xMjg7dz0xNzA7YXBwaWQ9eXRhY2h5b24-/https://media.zenfs.com/en/bloomberg_holding_pen_162/861b936068ea0cdc299f2db5c7386a25",
            "width": 170,
            "height": 128,
            "tag": "170x128"
          }
        ]
      },
      "provider": {
        "displayName": "Bloomberg",
        "url": "https://www.bloomberg.com/company"
      },
      "canonicalUrl": {
        "url": "https://finance.yahoo.com/news/goldman-wells-fargo-lead-17-210503053.html",
        "site": "finance",
        "region": "US",
        "lang": "en-US"
      },
      "clickThroughUrl": {
        "url": "https://finance.yahoo.com/news/goldman-wells-fargo-lead-17-210503053.html",
        "site": "finance",
        "region": "US",
        "lang": "en-US"
      },
      "metadata": {
        "editorsPick": false
      },
      "finance": {
        "premiumFinance": {
          "isPremiumNews": false,
          "isPremiumFreeNews": false
        }
      },
      "storyline": null
    }
  },
  {
    "id": "eaf8f7ba-00bc-3566-b95f-8305d1e35649",
    "content": {
      "id": "eaf8f7ba-00bc-3566-b95f-8305d1e35649",
      "contentType": "STORY",
      "title": "Trump Ally Marjorie Taylor Greene Bought Tesla, Amazon, Blackstone Before Rally",
      "description": "",
      "summary": "(Bloomberg) -- Representative Marjorie Taylor Greene sold US Treasuries and bought stakes in Amazon.com Inc., Blackstone Inc. and Tesla Inc. the day before President Donald Trump put a 90-day pause on retaliatory tariffs and prompted a market rally.Most Read from BloombergHow Did This Suburb Figure Out Mass Transit?Even Oslo Has an Air Quality ProblemLA County Floats Leaner Budget Burdened by Fire and Legal Costs$15 Million Fund Bets Leadership Training Can Improve Chicago PolicingGreene, the Ge",
      "pubDate": "2025-04-15T18:41:12Z",
      "displayTime": "2025-04-15T18:41:12Z",
      "isHosted": true,
      "bypassModal": false,
      "previewUrl": null,
      "thumbnail": {
        "originalUrl": "https://media.zenfs.com/en/bloomberg_holding_pen_162/908b4b1588fd30bd274c2a6098c7c8a3",
        "originalWidth": 2000,
        "originalHeight": 1334,
        "caption": "",
        "resolutions": [
          {
            "url": "https://s.yimg.com/uu/api/res/1.2/avnnn9G0ddQkYjjTPoE9BQ--~B/aD0xMzM0O3c9MjAwMDthcHBpZD15dGFjaHlvbg--/https://media.zenfs.com/en/bloomberg_holding_pen_162/908b4b1588fd30bd274c2a6098c7c8a3",
            "width": 2000,
            "height": 1334,
            "tag": "original"
          },
          {
            "url": "https://s.yimg.com/uu/api/res/1.2/VJiR2HIfP1pmPjJtfWz.wQ--~B/Zmk9c3RyaW07aD0xMjg7dz0xNzA7YXBwaWQ9eXRhY2h5b24-/https://media.zenfs.com/en/bloomberg_holding_pen_162/908b4b1588fd30bd274c2a6098c7c8a3",
            "width": 170,
            "height": 128,
            "tag": "170x128"
          }
        ]
      },
      "provider": {
        "displayName": "Bloomberg",
        "url": "https://www.bloomberg.com/company"
      },
      "canonicalUrl": {
        "url": "https://finance.yahoo.com/news/trump-ally-marjorie-taylor-greene-184112118.html",
        "site": "finance",
        "region": "US",
        "lang": "en-US"
      },
      "clickThroughUrl": {
        "url": "https://finance.yahoo.com/news/trump-ally-marjorie-taylor-greene-184112118.html",
        "site": "finance",
        "region": "US",
        "lang": "en-US"
      },
      "metadata": {
        "editorsPick": false
      },
      "finance": {
        "premiumFinance": {
          "isPremiumNews": false,
          "isPremiumFreeNews": false
        }
      },
      "storyline": null
    }
  },
  {
    "id": "156e45c2-31f9-3770-98d8-1517935d8c2b",
    "content": {
      "id": "156e45c2-31f9-3770-98d8-1517935d8c2b",
      "contentType": "STORY",
      "title": "Where Trump Tariffs Stand Now",
      "description": "",
      "summary": "Here's what is still in effect after this week's 90-day pause on \"reciprocal\" tariffs.",
      "pubDate": "2025-04-15T13:37:03Z",
      "displayTime": "2025-04-15T13:37:03Z",
      "isHosted": false,
      "bypassModal": false,
      "previewUrl": "https://finance.yahoo.com/m/156e45c2-31f9-3770-98d8-1517935d8c2b/where-trump-tariffs-stand-now.html",
      "thumbnail": {
        "originalUrl": "https://media.zenfs.com/en/ibd.com/02b72a4b3ae49f9f88527787e6042c7d",
        "originalWidth": 1000,
        "originalHeight": 563,
        "caption": "",
        "resolutions": [
          {
            "url": "https://s.yimg.com/uu/api/res/1.2/_A34AQCGMlIX0Veht2WNhw--~B/aD01NjM7dz0xMDAwO2FwcGlkPXl0YWNoeW9u/https://media.zenfs.com/en/ibd.com/02b72a4b3ae49f9f88527787e6042c7d",
            "width": 1000,
            "height": 563,
            "tag": "original"
          },
          {
            "url": "https://s.yimg.com/uu/api/res/1.2/dvUavUatNTuT1QjVx_DauQ--~B/Zmk9c3RyaW07aD0xMjg7dz0xNzA7YXBwaWQ9eXRhY2h5b24-/https://media.zenfs.com/en/ibd.com/02b72a4b3ae49f9f88527787e6042c7d",
            "width": 170,
            "height": 128,
            "tag": "170x128"
          }
        ]
      },
      "provider": {
        "displayName": "Investor's Business Daily",
        "url": "http://www.investors.com/"
      },
      "canonicalUrl": {
        "url": "https://www.investors.com/news/trump-tariffs-whats-on-stock-market-china-us-trade-war/?src=A00220&yptr=yahoo",
        "site": "finance",
        "region": "US",
        "lang": "en-US"
      },
      "clickThroughUrl": null,
      "metadata": {
        "editorsPick": false
      },
      "finance": {
        "premiumFinance": {
          "isPremiumNews": false,
          "isPremiumFreeNews": false
        }
      },
      "storyline": null
    }
  },
  {
    "id": "b5ac4a6f-1ac4-33ca-8742-6f2eef93da34",
    "content": {
      "id": "b5ac4a6f-1ac4-33ca-8742-6f2eef93da34",
      "contentType": "STORY",
      "title": "Trump Tariffs: Here's What JPMorgan Investors Need to Know",
      "description": "",
      "summary": "Despite recent stock market volatility, JPMorgan Chase (NYSE: JPM) shares are down just 1% year to date, outperforming the 9% decline in the S&P 500 (SNPINDEX: ^GSPC) at the time of writing.  The banking giant continues to benefit from its fortress-like balance sheet and global diversification, making it well-positioned to navigate any economic environment.  JPMorgan topped Wall Street estimates, with revenue climbing 8% year over year, while earnings per share (EPS) of $5.07 was up 14% from the prior-year quarter.",
      "pubDate": "2025-04-15T13:23:00Z",
      "displayTime": "2025-04-15T13:23:00Z",
      "isHosted": true,
      "bypassModal": false,
      "previewUrl": null,
      "thumbnail": {
        "originalUrl": "https://media.zenfs.com/en/motleyfool.com/fc3dd06f39cf341fae2c9b28d67ba219",
        "originalWidth": 1280,
        "originalHeight": 800,
        "caption": "Abstract representation of the continental United States placing tariffs on trading partners. ",
        "resolutions": [
          {
            "url": "https://s.yimg.com/uu/api/res/1.2/6WCmJzdPXjpzI4P_J_t5Nw--~B/aD04MDA7dz0xMjgwO2FwcGlkPXl0YWNoeW9u/https://media.zenfs.com/en/motleyfool.com/fc3dd06f39cf341fae2c9b28d67ba219",
            "width": 1280,
            "height": 800,
            "tag": "original"
          },
          {
            "url": "https://s.yimg.com/uu/api/res/1.2/R_kR.11xtUiDyyUXB70kkQ--~B/Zmk9c3RyaW07aD0xMjg7dz0xNzA7YXBwaWQ9eXRhY2h5b24-/https://media.zenfs.com/en/motleyfool.com/fc3dd06f39cf341fae2c9b28d67ba219",
            "width": 170,
            "height": 128,
            "tag": "170x128"
          }
        ]
      },
      "provider": {
        "displayName": "Motley Fool",
        "url": "http://www.fool.com/"
      },
      "canonicalUrl": {
        "url": "https://www.fool.com/investing/2025/04/15/trump-tariffs-heres-what-jpmorgan-investors-need-t/?source=eptyholnk0000202&utm_source=yahoo-host-full&utm_medium=feed&utm_campaign=article&referring_guid=cf6fe2df-4dd3-463b-a16a-4eb93ea05faa",
        "site": "finance",
        "region": "US",
        "lang": "en-US"
      },
      "clickThroughUrl": {
        "url": "https://finance.yahoo.com/news/trump-tariffs-heres-jpmorgan-investors-132300990.html",
        "site": "finance",
        "region": "US",
        "lang": "en-US"
      },
      "metadata": {
        "editorsPick": false
      },
      "finance": {
        "premiumFinance": {
          "isPremiumNews": false,
          "isPremiumFreeNews": false
        }
      },
      "storyline": null
    }
  },
  {
    "id": "c4c251e6-1bbd-3534-998d-982aec28caf9",
    "content": {
      "id": "c4c251e6-1bbd-3534-998d-982aec28caf9",
      "contentType": "STORY",
      "title": "Is JPMorgan Chase (JPM) Among The Top Goldman Sachs Value Stocks?",
      "description": "",
      "summary": "We recently published a list of Goldman Sachs Value Stocks: Top 12 Stock Picks. In this article, we are going to take a look at where JPMorgan Chase & Co. (NYSE:JPM) stands against other Goldman Sachs value stocks to invest in. As we recently discussed in another article, growth stocks are massively overvalued and trading […]",
      "pubDate": "2025-04-15T13:03:43Z",
      "displayTime": "2025-04-15T13:03:43Z",
      "isHosted": true,
      "bypassModal": false,
      "previewUrl": null,
      "thumbnail": {
        "originalUrl": "https://media.zenfs.com/en/insidermonkey.com/f82652d0e7c350dea8b9d7c85e94e30e",
        "originalWidth": 1456,
        "originalHeight": 816,
        "caption": "Is JPMorgan Chase & Co. (JPM) Among The Top Goldman Sachs Value Stocks?",
        "resolutions": [
          {
            "url": "https://s.yimg.com/uu/api/res/1.2/9qDjT.lyiWcU9.9sTAFVLg--~B/aD04MTY7dz0xNDU2O2FwcGlkPXl0YWNoeW9u/https://media.zenfs.com/en/insidermonkey.com/f82652d0e7c350dea8b9d7c85e94e30e",
            "width": 1456,
            "height": 816,
            "tag": "original"
          },
          {
            "url": "https://s.yimg.com/uu/api/res/1.2/45E1zEdeeCM6qrJk4P36kw--~B/Zmk9c3RyaW07aD0xMjg7dz0xNzA7YXBwaWQ9eXRhY2h5b24-/https://media.zenfs.com/en/insidermonkey.com/f82652d0e7c350dea8b9d7c85e94e30e",
            "width": 170,
            "height": 128,
            "tag": "170x128"
          }
        ]
      },
      "provider": {
        "displayName": "Insider Monkey",
        "url": "http://www.insidermonkey.com"
      },
      "canonicalUrl": {
        "url": "https://finance.yahoo.com/news/jpmorgan-chase-jpm-among-top-130343529.html",
        "site": "finance",
        "region": "US",
        "lang": "en-US"
      },
      "clickThroughUrl": {
        "url": "https://finance.yahoo.com/news/jpmorgan-chase-jpm-among-top-130343529.html",
        "site": "finance",
        "region": "US",
        "lang": "en-US"
      },
      "metadata": {
        "editorsPick": false
      },
      "finance": {
        "premiumFinance": {
          "isPremiumNews": false,
          "isPremiumFreeNews": false
        }
      },
      "storyline": null
    }
  },
  {
    "id": "21a7f928-c890-3e80-a576-f5f5e9cf9271",
    "content": {
      "id": "21a7f928-c890-3e80-a576-f5f5e9cf9271",
      "contentType": "STORY",
      "title": "JPMorgan Chase & Co. (JPM) Is a Trending Stock: Facts to Know Before Betting on It",
      "description": "",
      "summary": "JPMorgan Chase & Co. (JPM) has been one of the stocks most watched by Zacks.com users lately. So, it is worth exploring what lies ahead for the stock.",
      "pubDate": "2025-04-15T13:00:12Z",
      "displayTime": "2025-04-15T13:00:12Z",
      "isHosted": true,
      "bypassModal": false,
      "previewUrl": null,
      "thumbnail": {
        "originalUrl": "https://media.zenfs.com/en/zacks.com/023168c7ea091c342492be3899b280af",
        "originalWidth": 900,
        "originalHeight": 618,
        "caption": "",
        "resolutions": [
          {
            "url": "https://s.yimg.com/uu/api/res/1.2/bHsRpCKrGzzbaGHEolBtWw--~B/aD02MTg7dz05MDA7YXBwaWQ9eXRhY2h5b24-/https://media.zenfs.com/en/zacks.com/023168c7ea091c342492be3899b280af",
            "width": 900,
            "height": 618,
            "tag": "original"
          },
          {
            "url": "https://s.yimg.com/uu/api/res/1.2/ioqNyI9jOh7CiNNfF8upSw--~B/Zmk9c3RyaW07aD0xMjg7dz0xNzA7YXBwaWQ9eXRhY2h5b24-/https://media.zenfs.com/en/zacks.com/023168c7ea091c342492be3899b280af",
            "width": 170,
            "height": 128,
            "tag": "170x128"
          }
        ]
      },
      "provider": {
        "displayName": "Zacks",
        "url": "http://www.zacks.com/"
      },
      "canonicalUrl": {
        "url": "https://finance.yahoo.com/news/jpmorgan-chase-co-jpm-trending-130012113.html",
        "site": "finance",
        "region": "US",
        "lang": "en-US"
      },
      "clickThroughUrl": {
        "url": "https://finance.yahoo.com/news/jpmorgan-chase-co-jpm-trending-130012113.html",
        "site": "finance",
        "region": "US",
        "lang": "en-US"
      },
      "metadata": {
        "editorsPick": false
      },
      "finance": {
        "premiumFinance": {
          "isPremiumNews": false,
          "isPremiumFreeNews": false
        }
      },
      "storyline": null
    }
  },
  {
    "id": "0cdaba7d-7c7c-350a-a9e7-84729c6e732f",
    "content": {
      "id": "0cdaba7d-7c7c-350a-a9e7-84729c6e732f",
      "contentType": "STORY",
      "title": "Wall Street banks reap $37bn from Trump trading boom",
      "description": "",
      "summary": "Wall Street’s biggest banks reaped almost $37bn in trading revenues in the first quarter of the year — their best performance in more than a...",
      "pubDate": "2025-04-15T12:14:16Z",
      "displayTime": "2025-04-15T12:14:16Z",
      "isHosted": true,
      "bypassModal": false,
      "previewUrl": null,
      "thumbnail": {
        "originalUrl": "https://s.yimg.com/os/creatr-uploaded-images/2025-04/7ae80920-19fe-11f0-b6ff-8c83e3168014",
        "originalWidth": 1400,
        "originalHeight": 787,
        "caption": "",
        "resolutions": [
          {
            "url": "https://s.yimg.com/uu/api/res/1.2/Yo0xxu6HSOOKvyS_7cfUyw--~B/aD03ODc7dz0xNDAwO2FwcGlkPXl0YWNoeW9u/https://s.yimg.com/os/creatr-uploaded-images/2025-04/7ae80920-19fe-11f0-b6ff-8c83e3168014",
            "width": 1400,
            "height": 787,
            "tag": "original"
          },
          {
            "url": "https://s.yimg.com/uu/api/res/1.2/eu5y7H7uR4_4GrWqfj.I1Q--~B/Zmk9c3RyaW07aD0xMjg7dz0xNzA7YXBwaWQ9eXRhY2h5b24-/https://s.yimg.com/os/creatr-uploaded-images/2025-04/7ae80920-19fe-11f0-b6ff-8c83e3168014",
            "width": 170,
            "height": 128,
            "tag": "170x128"
          }
        ]
      },
      "provider": {
        "displayName": "Financial Times",
        "url": "https://www.ft.com/"
      },
      "canonicalUrl": {
        "url": "https://finance.yahoo.com/news/wall-street-banks-reap-37bn-121416945.html",
        "site": "finance",
        "region": "US",
        "lang": "en-US"
      },
      "clickThroughUrl": {
        "url": "https://finance.yahoo.com/news/wall-street-banks-reap-37bn-121416945.html",
        "site": "finance",
        "region": "US",
        "lang": "en-US"
      },
      "metadata": {
        "editorsPick": false
      },
      "finance": {
        "premiumFinance": {
          "isPremiumNews": true,
          "isPremiumFreeNews": false
        }
      },
      "storyline": null
    }
  },
  {
    "id": "83b1e20e-31a1-391d-b38f-71c1e13a3383",
    "content": {
      "id": "83b1e20e-31a1-391d-b38f-71c1e13a3383",
      "contentType": "STORY",
      "title": "Bank Trading Desks Are Minting Money From Trump’s Tariff Chaos",
      "description": "",
      "summary": "Goldman Sachs JPMorgan Chase  and  Morgan Stanley  all said a surge in trading revenue helped lift their profits in the first quarter and beat expectations.  Bank trading desks have been collecting more fees from investors scrambling to reduce or dial up the risk in their portfolios on any new clue about how  President Trump’s  tariffs might ultimately play out.  Combined, the three banks earned more than $12 billion in fees in their equities businesses, the desks that run stock-market related activities for clients.",
      "pubDate": "2025-04-15T12:11:00Z",
      "displayTime": "2025-04-15T12:11:00Z",
      "isHosted": false,
      "bypassModal": false,
      "previewUrl": "https://finance.yahoo.com/m/83b1e20e-31a1-391d-b38f-71c1e13a3383/bank-trading-desks-are.html",
      "thumbnail": {
        "originalUrl": "https://media.zenfs.com/en/wsj.com/112ab0b5ec361666997408a6aafc513a",
        "originalWidth": 1280,
        "originalHeight": 640,
        "caption": "",
        "resolutions": [
          {
            "url": "https://s.yimg.com/uu/api/res/1.2/cPQNIa3P4GxZNxE72Y1AvA--~B/aD02NDA7dz0xMjgwO2FwcGlkPXl0YWNoeW9u/https://media.zenfs.com/en/wsj.com/112ab0b5ec361666997408a6aafc513a",
            "width": 1280,
            "height": 640,
            "tag": "original"
          },
          {
            "url": "https://s.yimg.com/uu/api/res/1.2/o9FkWKCEgtIu5mstbzHQVA--~B/Zmk9c3RyaW07aD0xMjg7dz0xNzA7YXBwaWQ9eXRhY2h5b24-/https://media.zenfs.com/en/wsj.com/112ab0b5ec361666997408a6aafc513a",
            "width": 170,
            "height": 128,
            "tag": "170x128"
          }
        ]
      },
      "provider": {
        "displayName": "The Wall Street Journal",
        "url": "http://www.wsj.com/"
      },
      "canonicalUrl": {
        "url": "https://www.wsj.com/finance/banking/trump-tariffs-bank-revenue-34fc5f0d?siteid=yhoof2&yptr=yahoo",
        "site": "finance",
        "region": "US",
        "lang": "en-US"
      },
      "clickThroughUrl": null,
      "metadata": {
        "editorsPick": false
      },
      "finance": {
        "premiumFinance": {
          "isPremiumNews": false,
          "isPremiumFreeNews": false
        }
      },
      "storyline": null
    }
  },
  {
    "id": "5bab084b-9b90-34bc-9567-c47f69114287",
    "content": {
      "id": "5bab084b-9b90-34bc-9567-c47f69114287",
      "contentType": "STORY",
      "title": "Bond Rebound Relieves Markets Dazed by Week of Trade Turmoil",
      "description": "",
      "summary": "(Bloomberg) -- Wall Street on Monday finally caught a respite from the deep selloffs and unusually sharp swings that have raced through markets ever since President Donald Trump unleashed his global trade war. Most Read from BloombergHow Did This Suburb Figure Out Mass Transit?Even Oslo Has an Air Quality ProblemNYC Tourist Helicopter Crashes in Hudson River, Killing SixLisbon Mayor Wants Companies to Help Fix City’s Housing Shortage$15 Million Fund Bets Leadership Training Can Improve Chicago P",
      "pubDate": "2025-04-15T04:43:05Z",
      "displayTime": "2025-04-15T04:43:05Z",
      "isHosted": true,
      "bypassModal": false,
      "previewUrl": null,
      "thumbnail": {
        "originalUrl": "https://media.zenfs.com/en/bloomberg_holding_pen_162/dad5d5cda117fd8d1faa564ad024eccb",
        "originalWidth": 2000,
        "originalHeight": 1334,
        "caption": "",
        "resolutions": [
          {
            "url": "https://s.yimg.com/uu/api/res/1.2/0OpF1QMgUPJXkOnloyX0cg--~B/aD0xMzM0O3c9MjAwMDthcHBpZD15dGFjaHlvbg--/https://media.zenfs.com/en/bloomberg_holding_pen_162/dad5d5cda117fd8d1faa564ad024eccb",
            "width": 2000,
            "height": 1334,
            "tag": "original"
          },
          {
            "url": "https://s.yimg.com/uu/api/res/1.2/VEq0cYnWZKImbiqAOyl28w--~B/Zmk9c3RyaW07aD0xMjg7dz0xNzA7YXBwaWQ9eXRhY2h5b24-/https://media.zenfs.com/en/bloomberg_holding_pen_162/dad5d5cda117fd8d1faa564ad024eccb",
            "width": 170,
            "height": 128,
            "tag": "170x128"
          }
        ]
      },
      "provider": {
        "displayName": "Bloomberg",
        "url": "https://www.bloomberg.com/company"
      },
      "canonicalUrl": {
        "url": "https://finance.yahoo.com/news/bond-market-rebound-relieves-markets-200910752.html",
        "site": "finance",
        "region": "US",
        "lang": "en-US"
      },
      "clickThroughUrl": {
        "url": "https://finance.yahoo.com/news/bond-market-rebound-relieves-markets-200910752.html",
        "site": "finance",
        "region": "US",
        "lang": "en-US"
      },
      "metadata": {
        "editorsPick": false
      },
      "finance": {
        "premiumFinance": {
          "isPremiumNews": false,
          "isPremiumFreeNews": false
        }
      },
      "storyline": null
    }
  }
]