{
  "address1": "383 Madison Avenue",
  "city": "New York",
  "state": "NY",
  "zip": "10179",
  "country": "United States",
  "phone": "(212) 270-6000",
  "website": "https://www.jpmorganchase.com",
  "industry": "Banks - Diversified",
  "industryKey": "banks-diversified",
  "industryDisp": "Banks - Diversified",
  "sector": "Financial Services",
  "sectorKey": "financial-services",
  "sectorDisp": "Financial Services",
  "longBusinessSummary": "JPMorgan Chase & Co. operates as a financial services company worldwide. It operates through three segments: Consumer & Community Banking, Commercial & Investment Bank, and Asset & Wealth Management. The company offers deposit, investment and lending products, cash management, and payments and services; mortgage origination and servicing activities; residential mortgages and home equity loans; and credit cards, auto loans, leases, and travel services to consumers and small businesses through bank branches, ATMs, and digital and telephone banking. It also provides investment banking products and services, including corporate strategy and structure advisory, and equity and debt market capital-raising services, as well as loan origination and syndication; payments; and cash and derivative instruments, risk management solutions, prime brokerage, and research, as well as offers securities services, including custody, fund services, liquidity, and trading services, and data solutions products. In addition, the company provides financial solutions, including lending, payments, investment banking, and asset management to small and midsized companies, local governments, nonprofit clients, and municipalities, as well as commercial real estate clients. Further, it offers multi-asset investment management solutions in equities, fixed income, alternatives, and money market funds to institutional clients and retail investors; and retirement products and services, brokerage, custody, estate planning, lending, deposits, and investment management products to high net worth clients. The company was founded in 1799 and is headquartered in New York, New York.",
  "fullTimeEmployees": 318477,
  "companyOfficers": [
    {
      "maxAge": 1,
      "name": "Mr. James  Dimon",
      "age": 68,
      "title": "Chairman & CEO",
      "yearBorn": 1956,
      "fiscalYear": 2024,
      "totalPay": 8132636,
      "exercisedValue": 0,
      "unexercisedValue": 0
    },
    {
      "maxAge": 1,
      "name": "Mr. Daniel Eduardo Pinto",
      "age": 61,
      "title": "President",
      "yearBorn": 1963,
      "fiscalYear": 2024,
      "totalPay": 6572089,
      "exercisedValue": 0,
      "unexercisedValue": 0
    },
    {
      "maxAge": 1,
      "name": "Mr. Jeremy  Barnum",
      "age": 51,
      "title": "Executive VP & CFO",
      "yearBorn": 1973,
      "fiscalYear": 2024,
      "totalPay": 7535000,
      "exercisedValue": 0,
      "unexercisedValue": 0
    },
    {
      "maxAge": 1,
      "name": "Ms. Mary Callahan Erdoes",
      "age": 57,
      "title": "Chief Executive Officer of Asset & Wealth Management and Executive VP",
      "yearBorn": 1967,
      "fiscalYear": 2024,
      "totalPay": 12037181,
      "exercisedValue": 0,
      "unexercisedValue": 0
    },
    {
      "maxAge": 1,
      "name": "Mr. Troy Larry Rohrbaugh",
      "age": 54,
      "title": "Co- CEO of Commercial & Investment Bank",
      "yearBorn": 1970,
      "fiscalYear": 2024,
      "totalPay": 10205373,
      "exercisedValue": 0,
      "unexercisedValue": 0
    },
    {
      "maxAge": 1,
      "name": "Ms. Jennifer A. Piepszak",
      "age": 53,
      "title": "Chief Operating Officer",
      "yearBorn": 1971,
      "fiscalYear": 2024,
      "totalPay": 7855000,
      "exercisedValue": 0,
      "unexercisedValue": 0
    },
    {
      "maxAge": 1,
      "name": "Ms. Elena A. Korablina",
      "age": 50,
      "title": "MD, Firmwide Controller & Principal Accounting Officer",
      "yearBorn": 1974,
      "fiscalYear": 2024,
      "exercisedValue": 0,
      "unexercisedValue": 0
    },
    {
      "maxAge": 1,
      "name": "Mr. Sripada  Shivananda",
      "age": 51,
      "title": "Chief Technology Officer",
      "yearBorn": 1973,
      "fiscalYear": 2024,
      "exercisedValue": 0,
      "unexercisedValue": 0
    },
    {
      "maxAge": 1,
      "name": "Ms. Lori Ann Beer",
      "age": 56,
      "title": "Global Chief Information Officer",
      "yearBorn": 1968,
      "fiscalYear": 2024,
      "exercisedValue": 0,
      "unexercisedValue": 0
    },
    {
      "maxAge": 1,
      "name": "Mr. Mikael  Grubb",
      "title": "Head of Investor Relations",
      "fiscalYear": 2024,
      "exercisedValue": 0,
      "unexercisedValue": 0
    }
  ],
  "auditRisk": 10,
  "boardRisk": 6,
  "compensationRisk": 4,
  "shareHolderRightsRisk": 3,
  "overallRisk": 5,
  "governanceEpochDate": 1743465600,
  "compensationAsOfEpochDate": 1735603200,
  "irWebsite": "http://investor.shareholder.com/jpmorganchase/",
  "executiveTeam": [],
  "maxAge": 86400,
  "priceHint": 2,
  "previousClose": 234.72,
  "open": 236.1,
  "dayLow": 232.85,
  "dayHigh": 238.65,
  "regularMarketPreviousClose": 234.72,
  "regularMarketOpen": 236.1,
  "regularMarketDayLow": 232.85,
  "regularMarketDayHigh": 238.65,
  "dividendRate": 5.6,
  "dividendYield": 2.39,
  "exDividendDate": 1743724800,
  "payoutRatio": 0.24780001,
  "fiveYearAvgDividendYield": 2.68,
  "beta": 1.005,
  "trailingPE": 11.444772,
  "forwardPE": 13.926524,
  "volume": 10900711,
  "regularMarketVolume": 10900711,
  "averageVolume": 11692806,
  "averageVolume10days": 17879180,
  "averageDailyVolume10Day": 17879180,
  "bid": 233.06,
  "ask": 235.94,
  "bidSize": 10,
  "askSize": 8,
  "marketCap": 647891582976,
  "fiftyTwoWeekLow": 179.2,
  "fiftyTwoWeekHigh": 280.25,
  "priceToSalesTrailing12Months": 3.8398125,
  "fiftyDayAverage": 249.7824,
  "twoHundredDayAverage": 231.8854,
  "trailingAnnualDividendRate": 5.05,
  "trailingAnnualDividendYield": 0.021514997,
  "currency": "USD",
  "tradeable": false,
  "enterpriseValue": 8893351936,
  "profitMargins": 0.35379001,
  "floatShares": 2764342979,
  "sharesOutstanding": 2779099904,
  "sharesShort": 25362708,
  "sharesShortPriorMonth": 29238674,
  "sharesShortPreviousMonthDate": 1740700800,
  "dateShortInterest": 1743379200,
  "sharesPercentSharesOut": 0.0091,
  "heldPercentInsiders": 0.0046,
  "heldPercentInstitutions": 0.74867994,
  "shortRatio": 2.02,
  "shortPercentOfFloat": 0.0091,
  "impliedSharesOutstanding": 2796620032,
  "bookValue": 119.238,
  "priceToBook": 1.9551654,
  "lastFiscalYearEnd": 1735603200,
  "nextFiscalYearEnd": 1767139200,
  "mostRecentQuarter": 1743379200,
  "earningsQuarterlyGrowth": 0.091,
  "netIncomeToCommon": 58242998272,
  "trailingEps": 20.37,
  "forwardEps": 16.74,
  "lastSplitFactor": "3:2",
  "lastSplitDate": 960768000,
  "enterpriseToRevenue": 0.053,
  "52WeekChange": 0.29823005,
  "SandP52WeekChange": 0.07019031,
  "lastDividendValue": 1.4,
  "lastDividendDate": 1743724800,
  "quoteType": "EQUITY",
  "currentPrice": 233.13,
  "targetHighPrice": 330.0,
  "targetLowPrice": 180.51,
  "targetMeanPrice": 257.5232,
  "targetMedianPrice": 260.0,
  "recommendationMean": 2.16667,
  "recommendationKey": "buy",
  "numberOfAnalystOpinions": 22,
  "totalCash": 1730612035584,
  "totalCashPerShare": 622.724,
  "totalDebt": 1067150016512,
  "totalRevenue": 168730001408,
  "revenuePerShare": 59.169,
  "returnOnAssets": 0.01413,
  "returnOnEquity": 0.17352,
  "grossProfits": 168730001408,
  "earningsGrowth": 0.142,
  "revenueGrowth": 0.048,
  "grossMargins": 0.0,
  "ebitdaMargins": 0.0,
  "operatingMargins": 0.43342,
  "financialCurrency": "USD",
  "symbol": "JPM",
  "language": "en-US",
  "region": "US",
  "typeDisp": "Equity",
  "quoteSourceName": "Nasdaq Real Time Price",
  "triggerable": true,
  "customPriceAlertConfidence": "HIGH",
  "corporateActions": [],
  "postMarketTime": 1744754533,
  "regularMarketTime": 1744747237,
  "exchange": "NYQ",
  "messageBoardId": "finmb_658776",
  "exchangeTimezoneName": "America/New_York",
  "exchangeTimezoneShortName": "EDT",
  "gmtOffSetMilliseconds": -14400000,
  "market": "us_market",
  "esgPopulated": false,
  "firstTradeDateMilliseconds": 322151400000,
  "postMarketChangePercent": -0.16300127,
  "postMarketPrice": 232.75,
  "postMarketChange": -0.38000488,
  "regularMarketChange": -1.59,
  "regularMarketDayRange": "232.85 - 238.65",
  "fullExchangeName": "NYSE",
  "averageDailyVolume3Month": 11692806,
  "fiftyTwoWeekLowChange": 53.930008,
  "fiftyTwoWeekLowChangePercent": 0.3009487,
  "fiftyTwoWeekRange": "179.2 - 280.25",
  "fiftyTwoWeekHighChange": -47.119995,
  "fiftyTwoWeekHighChangePercent": -0.16813557,
  "fiftyTwoWeekChangePercent": 29.823006,
  "dividendDate": 1745971200,
  "earningsTimestamp": 1752582600,
  "earningsTimestampStart": 1752582600,
  "earningsTimestampEnd": 1752582600,
  "earningsCallTimestampStart": 1752582600,
  "earningsCallTimestampEnd": 1752582600,
  "isEarningsDateEstimate": false,
  "regularMarketChangePercent": -0.677401,
  "regularMarketPrice": 233.13,
  "marketState": "POST",
  "shortName": "JP Morgan Chase & Co.",
  "longName": "JPMorgan Chase & Co.",
  "hasPrePostMarketData": true,
  "epsTrailingTwelveMonths": 20.37,
  "epsForward": 16.74,
  "epsCurrentYear": 18.30572,
  "priceEpsCurrentYear": 12.735364,
  "fiftyDayAverageChange": -16.65239,
  "fiftyDayAverageChangePercent": -0.06666759,
  "twoHundredDayAverageChange": 1.2445984,
  "twoHundredDayAverageChangePercent": 0.0053672995,
  "sourceInterval": 15,
  "exchangeDataDelayedBy": 0,
  "averageAnalystRating": "2.2 - Buy",
  "cryptoTradeable": false,
  "displayName": "JPMorgan Chase &",
  "trailingPegRatio": 6.4201
}