[
  {
    "index": 0,
    "Date Reported": "2024-12-31",
    "Holder": "VANGUARD INDEX FUNDS-Vanguard Total Stock Market Index Fund",
    "pctHeld": 0.0317,
    "Shares": 88194003,
    "Value": 20560668350,
    "pctChange": -0.0221
  },
  {
    "index": 1,
    "Date Reported": "2024-12-31",
    "Holder": "VANGUARD INDEX FUNDS-Vanguard 500 Index Fund",
    "pctHeld": 0.0274,
    "Shares": 76208287,
    "Value": 17766438320,
    "pctChange": 0.0227
  },
  {
    "index": 2,
    "Date Reported": "2025-02-28",
    "Holder": "Fidelity Concord Street Trust-Fidelity 500 Index Fund",
    "pctHeld": 0.0127,
    "Shares": 35260385,
    "Value": 8220253727,
    "pctChange": 0.0045
  },
  {
    "index": 3,
    "Date Reported": "2025-02-28",
    "Holder": "SPDR S&P 500 ETF TRUST",
    "pctHeld": 0.0125,
    "Shares": 34805643,
    "Value": 8114239722,
    "pctChange": 0.0138
  },
  {
    "index": 4,
    "Date Reported": "2025-03-31",
    "Holder": "iShares Trust-iShares Core S&P 500 ETF",
    "pctHeld": 0.0123000005,
    "Shares": 34112161,
    "Value": 7952568260,
    "pctChange": 0.0315
  },
  {
    "index": 5,
    "Date Reported": "2024-12-31",
    "Holder": "VANGUARD INDEX FUNDS-Vanguard Value Index Fund",
    "pctHeld": 0.0086,
    "Shares": 23978666,
    "Value": 5590146521,
    "pctChange": -0.0042
  },
  {
    "index": 6,
    "Date Reported": "2025-02-28",
    "Holder": "SELECT SECTOR SPDR TRUST-The Financial Select Sector SPDR Fund",
    "pctHeld": 0.0076,
    "Shares": 21069858,
    "Value": 4912016098,
    "pctChange": 0.0036000002
  },
  {
    "index": 7,
    "Date Reported": "2024-12-31",
    "Holder": "VANGUARD INSTITUTIONAL INDEX FUNDS-Vanguard Institutional Index Fund",
    "pctHeld": 0.0064,
    "Shares": 17781783,
    "Value": 4145467157,
    "pctChange": -0.0173
  },
  {
    "index": 8,
    "Date Reported": "2025-01-31",
    "Holder": "VANGUARD SPECIALIZED FUNDS-Vanguard Dividend Appreciation Index Fund",
    "pctHeld": 0.0055,
    "Shares": 15445119,
    "Value": 3600720667,
    "pctChange": 0.0041
  },
  {
    "index": 9,
    "Date Reported": "2025-01-31",
    "Holder": "WASHINGTON MUTUAL INVESTORS FUND",
    "pctHeld": 0.0045,
    "Shares": 12595477,
    "Value": 2936383614,
    "pctChange": -0.0007
  }
]