[
  {
    "index": "2024-12-31",
    "Free Cash Flow": -42012000000.0,
    "Repurchase Of Capital Stock": -28680000000.0,
    "Repayment Of Debt": -96605000000.0,
    "Issuance Of Debt": 109915000000.0,
    "Issuance Of Capital Stock": 2500000000.0,
    "Interest Paid Supplemental Data": 99642000000.0,
    "Income Tax Paid Supplemental Data": 11715000000.0,
    "End Cash Position": 469317000000.0,
    "Beginning Cash Position": 624151000000.0,
    "Effect Of Exchange Rate Changes": -12866000000.0,
    "Changes In Cash": -141968000000.0,
    "Financing Cash Flow": 63447000000.0,
    "Cash Flow From Continuing Financing Activities": 63447000000.0,
    "Net Other Financing Charges": 74000000.0,
    "Cash Dividends Paid": -14783000000.0,
    "Net Preferred Stock Issuance": -7350000000.0,
    "Preferred Stock Payments": -9850000000.0,
    "Preferred Stock Issuance": 2500000000.0,
    "Net Common Stock Issuance": -18830000000.0,
    "Common Stock Payments": -18830000000.0,
    "Net Issuance Payments Of Debt": 20749000000.0,
    "Net Short Term Debt Issuance": 7439000000.0,
    "Net Long Term Debt Issuance": 13310000000.0,
    "Long Term Debt Payments": -96605000000.0,
    "Long Term Debt Issuance": 109915000000.0,
    "Investing Cash Flow": -163403000000.0,
    "Cash Flow From Continuing Investing Activities": -163403000000.0,
    "Net Other Investing Changes": -2146000000.0,
    "Net Investment Purchase And Sale": -114934000000.0,
    "Sale Of Investment": 242487000000.0,
    "Purchase Of Investment": -357421000000.0,
    "Net Business Purchase And Sale": -2362000000.0,
    "Purchase Of Business": -2362000000.0,
    "Operating Cash Flow": -42012000000.0,
    "Cash Flow From Continuing Operating Activities": -42012000000.0,
    "Change In Working Capital": -114220000000.0,
    "Change In Other Working Capital": -112215000000.0,
    "Change In Other Current Assets": -7650000000.0,
    "Change In Payables And Accrued Expense": -90000000.0,
    "Change In Payable": -90000000.0,
    "Change In Account Payable": -90000000.0,
    "Change In Receivables": 5735000000.0,
    "Changes In Account Receivables": 5735000000.0,
    "Other Non Cash Items": 1107000000.0,
    "Deferred Tax": 2004000000.0,
    "Deferred Income Tax": 2004000000.0,
    "Depreciation Amortization Depletion": 7938000000.0,
    "Depreciation And Amortization": 7938000000.0,
    "Operating Gains Losses": -7990000000.0,
    "Gain Loss On Investment Securities": -7990000000.0,
    "Gain Loss On Sale Of Business": NaN,
    "Net Income From Continuing Operations": 58471000000.0
  },
  {
    "index": "2023-12-31",
    "Free Cash Flow": 12974000000.0,
    "Repurchase Of Capital Stock": -9824000000.0,
    "Repayment Of Debt": -64880000000.0,
    "Issuance Of Debt": 75417000000.0,
    "Issuance Of Capital Stock": 0.0,
    "Interest Paid Supplemental Data": 77114000000.0,
    "Income Tax Paid Supplemental Data": 9908000000.0,
    "End Cash Position": 624151000000.0,
    "Beginning Cash Position": 567234000000.0,
    "Effect Of Exchange Rate Changes": 1871000000.0,
    "Changes In Cash": 55046000000.0,
    "Financing Cash Flow": -25571000000.0,
    "Cash Flow From Continuing Financing Activities": -25571000000.0,
    "Net Other Financing Charges": 7508000000.0,
    "Cash Dividends Paid": -13463000000.0,
    "Net Preferred Stock Issuance": 0.0,
    "Preferred Stock Payments": 0.0,
    "Preferred Stock Issuance": 0.0,
    "Net Common Stock Issuance": -9824000000.0,
    "Common Stock Payments": -9824000000.0,
    "Net Issuance Payments Of Debt": 8603000000.0,
    "Net Short Term Debt Issuance": -1934000000.0,
    "Net Long Term Debt Issuance": 10537000000.0,
    "Long Term Debt Payments": -64880000000.0,
    "Long Term Debt Issuance": 75417000000.0,
    "Investing Cash Flow": 67643000000.0,
    "Cash Flow From Continuing Investing Activities": 67643000000.0,
    "Net Other Investing Changes": -16740000000.0,
    "Net Investment Purchase And Sale": 95594000000.0,
    "Sale Of Investment": 215234000000.0,
    "Purchase Of Investment": -119640000000.0,
    "Net Business Purchase And Sale": -9920000000.0,
    "Purchase Of Business": -9920000000.0,
    "Operating Cash Flow": 12974000000.0,
    "Cash Flow From Continuing Operating Activities": 12974000000.0,
    "Change In Working Capital": -56168000000.0,
    "Change In Other Working Capital": -83678000000.0,
    "Change In Other Current Assets": 32970000000.0,
    "Change In Payables And Accrued Expense": -25388000000.0,
    "Change In Payable": -25388000000.0,
    "Change In Account Payable": -25388000000.0,
    "Change In Receivables": 19928000000.0,
    "Changes In Account Receivables": 19928000000.0,
    "Other Non Cash Items": 7292000000.0,
    "Deferred Tax": -4534000000.0,
    "Deferred Income Tax": -4534000000.0,
    "Depreciation Amortization Depletion": 7512000000.0,
    "Depreciation And Amortization": 7512000000.0,
    "Operating Gains Losses": -2775000000.0,
    "Gain Loss On Investment Securities": 0.0,
    "Gain Loss On Sale Of Business": -2775000000.0,
    "Net Income From Continuing Operations": 49552000000.0
  },
  {
    "index": "2022-12-31",
    "Free Cash Flow": 107119000000.0,
    "Repurchase Of Capital Stock": -10596000000.0,
    "Repayment Of Debt": -45556000000.0,
    "Issuance Of Debt": 78442000000.0,
    "Issuance Of Capital Stock": 0.0,
    "Interest Paid Supplemental Data": 23143000000.0,
    "Income Tax Paid Supplemental Data": 4355000000.0,
    "End Cash Position": 567234000000.0,
    "Beginning Cash Position": 740834000000.0,
    "Effect Of Exchange Rate Changes": -16643000000.0,
    "Changes In Cash": -156957000000.0,
    "Financing Cash Flow": -126257000000.0,
    "Cash Flow From Continuing Financing Activities": -126257000000.0,
    "Net Other Financing Charges": 2439000000.0,
    "Cash Dividends Paid": -13562000000.0,
    "Net Preferred Stock Issuance": -7434000000.0,
    "Preferred Stock Payments": -7434000000.0,
    "Preferred Stock Issuance": 0.0,
    "Net Common Stock Issuance": -3162000000.0,
    "Common Stock Payments": -3162000000.0,
    "Net Issuance Payments Of Debt": 23902000000.0,
    "Net Short Term Debt Issuance": -8984000000.0,
    "Net Long Term Debt Issuance": 32886000000.0,
    "Long Term Debt Payments": -45556000000.0,
    "Long Term Debt Issuance": 78442000000.0,
    "Investing Cash Flow": -137819000000.0,
    "Cash Flow From Continuing Investing Activities": -137819000000.0,
    "Net Other Investing Changes": -11932000000.0,
    "Net Investment Purchase And Sale": 12467000000.0,
    "Sale Of Investment": 172401000000.0,
    "Purchase Of Investment": -159934000000.0,
    "Net Business Purchase And Sale": 0.0,
    "Purchase Of Business": 0.0,
    "Operating Cash Flow": 107119000000.0,
    "Cash Flow From Continuing Operating Activities": 107119000000.0,
    "Change In Working Capital": 32686000000.0,
    "Change In Other Working Capital": -76000000.0,
    "Change In Other Current Assets": -2882000000.0,
    "Change In Payables And Accrued Expense": 58614000000.0,
    "Change In Payable": 58614000000.0,
    "Change In Account Payable": 58614000000.0,
    "Change In Receivables": -22970000000.0,
    "Changes In Account Receivables": -22970000000.0,
    "Other Non Cash Items": 26055000000.0,
    "Deferred Tax": -2738000000.0,
    "Deferred Income Tax": -2738000000.0,
    "Depreciation Amortization Depletion": 7051000000.0,
    "Depreciation And Amortization": 7051000000.0,
    "Operating Gains Losses": NaN,
    "Gain Loss On Investment Securities": 0.0,
    "Gain Loss On Sale Of Business": 0.0,
    "Net Income From Continuing Operations": 37676000000.0
  },
  {
    "index": "2021-12-31",
    "Free Cash Flow": 78084000000.0,
    "Repurchase Of Capital Stock": -20983000000.0,
    "Repayment Of Debt": -54932000000.0,
    "Issuance Of Debt": 82409000000.0,
    "Issuance Of Capital Stock": 7350000000.0,
    "Interest Paid Supplemental Data": 5142000000.0,
    "Income Tax Paid Supplemental Data": 18737000000.0,
    "End Cash Position": 740834000000.0,
    "Beginning Cash Position": 527609000000.0,
    "Effect Of Exchange Rate Changes": -11508000000.0,
    "Changes In Cash": 224733000000.0,
    "Financing Cash Flow": 275993000000.0,
    "Cash Flow From Continuing Financing Activities": 275993000000.0,
    "Net Other Financing Charges": -5731000000.0,
    "Cash Dividends Paid": -12858000000.0,
    "Net Preferred Stock Issuance": 4775000000.0,
    "Preferred Stock Payments": -2575000000.0,
    "Preferred Stock Issuance": 7350000000.0,
    "Net Common Stock Issuance": -18408000000.0,
    "Common Stock Payments": -18408000000.0,
    "Net Issuance Payments Of Debt": 35250000000.0,
    "Net Short Term Debt Issuance": 7773000000.0,
    "Net Long Term Debt Issuance": 27477000000.0,
    "Long Term Debt Payments": -54932000000.0,
    "Long Term Debt Issuance": 82409000000.0,
    "Investing Cash Flow": -129344000000.0,
    "Cash Flow From Continuing Investing Activities": -129344000000.0,
    "Net Other Investing Changes": -11044000000.0,
    "Net Investment Purchase And Sale": -96821000000.0,
    "Sale Of Investment": 263720000000.0,
    "Purchase Of Investment": -360541000000.0,
    "Net Business Purchase And Sale": 0.0,
    "Purchase Of Business": NaN,
    "Operating Cash Flow": 78084000000.0,
    "Cash Flow From Continuing Operating Activities": 78084000000.0,
    "Change In Working Capital": 35901000000.0,
    "Change In Other Working Capital": 16885000000.0,
    "Change In Other Current Assets": -11745000000.0,
    "Change In Payables And Accrued Expense": 43162000000.0,
    "Change In Payable": 43162000000.0,
    "Change In Account Payable": 43162000000.0,
    "Change In Receivables": -12401000000.0,
    "Changes In Account Receivables": -12401000000.0,
    "Other Non Cash Items": -8575000000.0,
    "Deferred Tax": 3748000000.0,
    "Deferred Income Tax": 3748000000.0,
    "Depreciation Amortization Depletion": 7932000000.0,
    "Depreciation And Amortization": 7932000000.0,
    "Operating Gains Losses": NaN,
    "Gain Loss On Investment Securities": NaN,
    "Gain Loss On Sale Of Business": 0.0,
    "Net Income From Continuing Operations": 48334000000.0
  }
]