[
  {
    "index": "2024-12-31",
    "Tax Effect Of Unusual Items": -160702928037.71927,
    "Tax Rate For Calcs": 0.221228,
    "Total Unusual Items": -726414000000.0,
    "Total Unusual Items Excluding Goodwill": -726414000000.0,
    "Net Income From Continuing Operation Net Minority Interest": 58471000000.0,
    "Reconciled Depreciation": 7938000000.0,
    "Net Interest Income": 92583000000.0,
    "Interest Expense": 101350000000.0,
    "Interest Income": 193933000000.0,
    "Normalized Income": 624182071962.2808,
    "Net Income From Continuing And Discontinued Operation": 58471000000.0,
    "Diluted Average Shares": 2879000000.0,
    "Basic Average Shares": 2873900000.0,
    "Diluted EPS": 19.75,
    "Basic EPS": 19.79,
    "Diluted NI Availto Com Stockholders": 56868000000.0,
    "Net Income Common Stockholders": 56868000000.0,
    "Otherunder Preferred Stock Dividend": 344000000.0,
    "Preferred Stock Dividends": 1259000000.0,
    "Net Income": 58471000000.0,
    "Net Income Including Noncontrolling Interests": 58471000000.0,
    "Net Income Continuous Operations": 58471000000.0,
    "Tax Provision": 16610000000.0,
    "Pretax Income": 75081000000.0,
    "Special Income Charges": -726414000000.0,
    "Other Special Charges": 725740000000.0,
    "Restructuring And Mergern Acquisition": 674000000.0,
    "Gain On Sale Of Security": 6945000000.0,
    "Selling General And Administration": 56331000000.0,
    "Selling And Marketing Expense": 4974000000.0,
    "General And Administrative Expense": 51357000000.0,
    "Other Gand A": NaN,
    "Salaries And Wages": 51357000000.0,
    "Total Revenue": 177429000000.0,
    "Operating Revenue": 177429000000.0,
    "Occupancy And Equipment": 14857000000.0,
    "Professional Expense And Contract Services Expense": 11057000000.0,
    "Other Non Interest Expense": -716965000000.0
  },
  {
    "index": "2023-12-31",
    "Tax Effect Of Unusual Items": -446681166.006622,
    "Tax Rate For Calcs": 0.195741,
    "Total Unusual Items": -2282000000.0,
    "Total Unusual Items Excluding Goodwill": -2282000000.0,
    "Net Income From Continuing Operation Net Minority Interest": 49552000000.0,
    "Reconciled Depreciation": 7512000000.0,
    "Net Interest Income": 89267000000.0,
    "Interest Expense": 81321000000.0,
    "Interest Income": 170588000000.0,
    "Normalized Income": 51387318833.99338,
    "Net Income From Continuing And Discontinued Operation": 49552000000.0,
    "Diluted Average Shares": 2943100000.0,
    "Basic Average Shares": 2938600000.0,
    "Diluted EPS": 16.23,
    "Basic EPS": 16.25,
    "Diluted NI Availto Com Stockholders": 47760000000.0,
    "Net Income Common Stockholders": 47760000000.0,
    "Otherunder Preferred Stock Dividend": 291000000.0,
    "Preferred Stock Dividends": 1501000000.0,
    "Net Income": 49552000000.0,
    "Net Income Including Noncontrolling Interests": 49552000000.0,
    "Net Income Continuous Operations": 49552000000.0,
    "Tax Provision": 12060000000.0,
    "Pretax Income": 61612000000.0,
    "Special Income Charges": -2282000000.0,
    "Other Special Charges": 4336000000.0,
    "Restructuring And Mergern Acquisition": -2054000000.0,
    "Gain On Sale Of Security": -3218000000.0,
    "Selling General And Administration": 51056000000.0,
    "Selling And Marketing Expense": 4591000000.0,
    "General And Administrative Expense": 46465000000.0,
    "Other Gand A": NaN,
    "Salaries And Wages": 46465000000.0,
    "Total Revenue": 154952000000.0,
    "Operating Revenue": 154952000000.0,
    "Occupancy And Equipment": 13836000000.0,
    "Professional Expense And Contract Services Expense": 10235000000.0,
    "Other Non Interest Expense": 6649000000.0
  },
  {
    "index": "2022-12-31",
    "Tax Effect Of Unusual Items": -48944000.0,
    "Tax Rate For Calcs": 0.184,
    "Total Unusual Items": -266000000.0,
    "Total Unusual Items Excluding Goodwill": -266000000.0,
    "Net Income From Continuing Operation Net Minority Interest": 37676000000.0,
    "Reconciled Depreciation": 7051000000.0,
    "Net Interest Income": 66710000000.0,
    "Interest Expense": 26097000000.0,
    "Interest Income": 92807000000.0,
    "Normalized Income": 37893056000.0,
    "Net Income From Continuing And Discontinued Operation": 37676000000.0,
    "Diluted Average Shares": 2970000000.0,
    "Basic Average Shares": 2965800000.0,
    "Diluted EPS": 12.09,
    "Basic EPS": 12.1,
    "Diluted NI Availto Com Stockholders": 35892000000.0,
    "Net Income Common Stockholders": 35892000000.0,
    "Otherunder Preferred Stock Dividend": 189000000.0,
    "Preferred Stock Dividends": 1595000000.0,
    "Net Income": 37676000000.0,
    "Net Income Including Noncontrolling Interests": 37676000000.0,
    "Net Income Continuous Operations": 37676000000.0,
    "Tax Provision": 8490000000.0,
    "Pretax Income": 46166000000.0,
    "Special Income Charges": -266000000.0,
    "Other Special Charges": 266000000.0,
    "Restructuring And Mergern Acquisition": 0.0,
    "Gain On Sale Of Security": -1520000000.0,
    "Selling General And Administration": 45547000000.0,
    "Selling And Marketing Expense": 3911000000.0,
    "General And Administrative Expense": 41636000000.0,
    "Other Gand A": NaN,
    "Salaries And Wages": 41636000000.0,
    "Total Revenue": 128641000000.0,
    "Operating Revenue": 128641000000.0,
    "Occupancy And Equipment": 14054000000.0,
    "Professional Expense And Contract Services Expense": 10174000000.0,
    "Other Non Interest Expense": 6099000000.0
  },
  {
    "index": "2021-12-31",
    "Tax Effect Of Unusual Items": -80514000.0,
    "Tax Rate For Calcs": 0.189,
    "Total Unusual Items": -426000000.0,
    "Total Unusual Items Excluding Goodwill": -426000000.0,
    "Net Income From Continuing Operation Net Minority Interest": 48334000000.0,
    "Reconciled Depreciation": 7932000000.0,
    "Net Interest Income": 52311000000.0,
    "Interest Expense": 5553000000.0,
    "Interest Income": 57864000000.0,
    "Normalized Income": 48679486000.0,
    "Net Income From Continuing And Discontinued Operation": 48334000000.0,
    "Diluted Average Shares": 3026600000.0,
    "Basic Average Shares": 3021500000.0,
    "Diluted EPS": 15.36,
    "Basic EPS": 15.39,
    "Diluted NI Availto Com Stockholders": 46503000000.0,
    "Net Income Common Stockholders": 46503000000.0,
    "Otherunder Preferred Stock Dividend": 231000000.0,
    "Preferred Stock Dividends": 1600000000.0,
    "Net Income": 48334000000.0,
    "Net Income Including Noncontrolling Interests": 48334000000.0,
    "Net Income Continuous Operations": 48334000000.0,
    "Tax Provision": 11228000000.0,
    "Pretax Income": 59562000000.0,
    "Special Income Charges": -426000000.0,
    "Other Special Charges": 426000000.0,
    "Restructuring And Mergern Acquisition": 0.0,
    "Gain On Sale Of Security": -309000000.0,
    "Selling General And Administration": 41603000000.0,
    "Selling And Marketing Expense": 3036000000.0,
    "General And Administrative Expense": 38567000000.0,
    "Other Gand A": NaN,
    "Salaries And Wages": 38567000000.0,
    "Total Revenue": 121685000000.0,
    "Operating Revenue": 121685000000.0,
    "Occupancy And Equipment": 14457000000.0,
    "Professional Expense And Contract Services Expense": 9814000000.0,
    "Other Non Interest Expense": 5043000000.0
  },
  {
    "index": "2020-12-31",
    "Tax Effect Of Unusual Items": NaN,
    "Tax Rate For Calcs": NaN,
    "Total Unusual Items": NaN,
    "Total Unusual Items Excluding Goodwill": NaN,
    "Net Income From Continuing Operation Net Minority Interest": NaN,
    "Reconciled Depreciation": NaN,
    "Net Interest Income": NaN,
    "Interest Expense": NaN,
    "Interest Income": NaN,
    "Normalized Income": NaN,
    "Net Income From Continuing And Discontinued Operation": NaN,
    "Diluted Average Shares": NaN,
    "Basic Average Shares": NaN,
    "Diluted EPS": NaN,
    "Basic EPS": NaN,
    "Diluted NI Availto Com Stockholders": NaN,
    "Net Income Common Stockholders": NaN,
    "Otherunder Preferred Stock Dividend": NaN,
    "Preferred Stock Dividends": NaN,
    "Net Income": NaN,
    "Net Income Including Noncontrolling Interests": NaN,
    "Net Income Continuous Operations": NaN,
    "Tax Provision": NaN,
    "Pretax Income": NaN,
    "Special Income Charges": NaN,
    "Other Special Charges": NaN,
    "Restructuring And Mergern Acquisition": NaN,
    "Gain On Sale Of Security": NaN,
    "Selling General And Administration": NaN,
    "Selling And Marketing Expense": NaN,
    "General And Administrative Expense": NaN,
    "Other Gand A": 10338000000.0,
    "Salaries And Wages": NaN,
    "Total Revenue": NaN,
    "Operating Revenue": NaN,
    "Occupancy And Equipment": NaN,
    "Professional Expense And Contract Services Expense": NaN,
    "Other Non Interest Expense": NaN
  }
]